order_id,customer_id,product_id,order_date,quantity,unit_price,discount_pct,revenue,profit,payment_method,order_status
1,669,19,2025-12-31,1,3365.11,15.0,2860.34,1242.57,Debit Card,Shipped
2,1071,86,2025-11-27,3,1823.21,15.0,4649.19,1057.66,Credit Card,Delivered
3,907,55,2025-11-11,4,3119.28,30.0,8733.98,1979.02,Net Banking,Delivered
4,142,79,2025-03-06,3,1836.83,10.0,4959.44,1809.2,UPI,Delivered
5,488,52,2024-03-02,1,2413.75,15.0,2051.69,818.81,Debit Card,Delivered
6,869,73,2025-10-17,2,2450.92,15.0,4166.56,1474.83,UPI,Delivered
7,261,48,2024-03-18,5,1050.32,25.0,3938.7,1414.09,Net Banking,Shipped
8,186,15,2025-03-01,3,27037.12,20.0,64889.09,19098.21,Credit Card,Shipped
9,59,36,2025-02-03,3,9396.66,5.0,26780.48,5973.26,Debit Card,Processing
10,189,69,2025-08-06,4,23193.07,0.0,92772.28,34145.77,Cash on Delivery,Delivered
11,1087,60,2025-02-06,5,38860.34,10.0,174871.53,32787.19,Cash on Delivery,Delivered
12,197,65,2024-02-08,4,21959.36,5.0,83445.57,31116.35,Cash on Delivery,Processing
13,1147,54,2025-11-17,1,3017.65,0.0,3017.65,895.64,Credit Card,Delivered
14,366,52,2025-03-24,2,2413.75,15.0,4103.38,1379.64,Credit Card,
15,683,14,2024-04-14,2,34858.1,0.0,69716.2,24927.86,Cash on Delivery,Processing
16,1083,11,2024-09-28,4,11133.39,15.0,37853.53,7622.9,Net Banking,Delivered
17,372,30,2024-09-10,2,23124.95,0.0,46249.9,16446.17,UPI,Cancelled
18,1054,57,2024-03-21,5,1664.71,10.0,7491.19,2271.27,Debit Card,Delivered
19,881,3,2024-04-05,5,4826.77,30.0,16893.69,4290.64,Wallet,Delivered
20,793,24,2024-09-01,4,11430.81,15.0,38864.75,16965.15,UPI,Processing
21,877,43,2025-04-22,3,16482.05,10.0,44501.53,7084.37,Net Banking,Delivered
22,210,60,2024-05-01,2,38860.34,30.0,54404.48,20638.74,Net Banking,Cancelled
23,1108,28,2024-01-15,4,4976.19,0.0,19904.76,5997.38,UPI,Delivered
24,786,90,2024-06-22,4,12971.56,30.0,36320.37,11340.71,Cash on Delivery,Shipped
25,1043,80,2025-06-04,2,4440.36,25.0,6660.54,2437.36,Credit Card,Delivered
26,931,77,2024-07-29,4,1568.22,15.0,5331.95,1039.04,Net Banking,Returned
27,895,11,2024-01-05,2,11133.39,10.0,20040.1,6138.77,UPI,Cancelled
28,593,10,2025-07-17,3,46405.07,10.0,125293.69,33149.93,UPI,Delivered
29,10,14,2024-12-01,2,34858.1,10.0,62744.58,24701.61,Debit Card,Delivered
30,908,76,2025-03-06,4,1202.91,25.0,3608.73,1491.83,Net Banking,Delivered
31,275,31,2025-04-17,3,7500.95,10.0,20252.56,4476.71,Wallet,Delivered
32,295,55,2024-10-29,5,3119.28,25.0,11697.3,2690.34,Cash on Delivery,Delivered
33,57,73,2025-12-07,4,2450.92,5.0,9313.5,2652.23,Cash on Delivery,Delivered
34,925,62,2025-04-23,5,385.07,15.0,1636.55,692.23,Debit Card,Shipped
35,503,87,2025-05-28,1,1767.23,10.0,1590.51,692.51,Credit Card,Returned
36,36,69,2024-12-26,1,23193.07,10.0,20873.76,3256.23,Debit Card,Delivered
37,152,73,2024-12-03,2,2450.92,0.0,4901.84,1201.03,Credit Card,Shipped
38,2,35,2024-07-02,1,13294.83,20.0,10635.86,2475.69,Cash on Delivery,Delivered
39,442,71,2025-04-18,5,4556.8,5.0,21644.8,7959.41,Wallet,Delivered
40,977,57,2025-04-27,5,1664.71,0.0,8323.55,2362.82,Cash on Delivery,Delivered
41,602,31,2024-03-04,5,7500.95,5.0,35629.51,12140.46,Debit Card,Delivered
42,1019,31,2025-08-23,5,7500.95,15.0,31879.04,13625.13,UPI,Shipped
43,796,80,2025-11-22,5,4440.36,30.0,15541.26,3860.38,Net Banking,Delivered
44,923,43,2025-10-29,1,16482.05,,12361.54,4689.53,Net Banking,Delivered
45,1166,73,2024-01-26,2,2450.92,5.0,4656.75,729.19,Wallet,Delivered
46,522,92,2024-08-30,1,1199.49,15.0,1019.57,176.48,Debit Card,Returned
47,441,66,2024-09-24,4,4204.22,10.0,15135.19,2918.86,Wallet,Delivered
48,262,11,2025-12-12,1,11133.39,10.0,10020.05,2479.45,Wallet,Delivered
49,972,33,2025-02-07,2,4963.0,5.0,9429.7,2689.39,Net Banking,Delivered
50,536,29,2024-06-06,4,1126.75,15.0,3830.95,690.03,Wallet,Delivered
51,762,63,2024-07-21,5,23080.16,10.0,103860.72,40657.01,Credit Card,Delivered
52,319,16,2024-11-22,4,1240.5,10.0,4465.8,1140.77,Credit Card,Delivered
53,1024,35,2024-02-18,4,13294.83,5.0,50520.35,19385.75,Net Banking,Delivered
54,241,2,2024-12-12,3,19784.61,10.0,53418.45,8096.04,UPI,Cancelled
55,231,22,2025-07-02,2,29648.84,10.0,53367.91,10496.18,Net Banking,Delivered
56,964,69,2024-03-31,4,23193.07,25.0,69579.21,12898.21,Debit Card,Delivered
57,1193,58,2024-11-25,1,3255.82,20.0,2604.66,456.0,Debit Card,Delivered
58,546,44,2025-02-27,1,4408.77,20.0,3527.02,1227.04,Debit Card,Cancelled
59,832,28,2025-05-15,1,4976.19,10.0,4478.57,1968.45,Wallet,Shipped
60,338,68,2024-04-14,1,3680.19,5.0,3496.18,1491.94,UPI,Cancelled
61,861,95,2025-11-17,1,10524.46,20.0,8419.57,1926.86,Cash on Delivery,Delivered
62,1197,3,2024-07-27,2,4826.77,25.0,7240.16,1675.53,Debit Card,Delivered
63,876,25,2024-11-06,4,2695.33,25.0,8085.99,2668.5,Debit Card,Delivered
64,803,17,2024-12-15,2,41583.23,20.0,66533.17,10428.95,Net Banking,Delivered
65,917,35,2025-10-04,2,13294.83,5.0,25260.18,9116.86,Cash on Delivery,Delivered
66,104,44,2024-05-02,1,4408.77,20.0,3527.02,1326.94,Debit Card,Shipped
67,523,91,2024-11-17,3,952.87,5.0,2715.68,941.17,Debit Card,Delivered
68,709,35,2024-04-18,3,13294.83,15.0,33901.82,12536.9,Debit Card,Shipped
69,928,8,2025-07-15,2,2763.21,20.0,4421.14,1645.61,UPI,Delivered
70,727,17,2024-08-19,3,41583.23,10.0,112274.72,42551.81,Wallet,Cancelled
71,457,75,2025-07-06,4,72689.52,0.0,290758.08,119396.47,Credit Card,Delivered
72,767,2,2024-06-13,3,19784.61,10.0,53418.45,22891.08,Cash on Delivery,Delivered
73,631,45,2025-03-01,4,2560.89,25.0,7682.67,3201.82,Wallet,Delivered
74,237,3,2024-09-23,1,4826.77,25.0,3620.08,1037.27,Debit Card,Delivered
75,760,99,2024-10-23,1,2129.54,30.0,1490.68,446.46,Wallet,Cancelled
76,605,83,2025-01-05,1,54575.66,10.0,49118.09,12395.2,Debit Card,Delivered
77,886,22,2025-02-04,4,29648.84,15.0,100806.06,33346.63,Net Banking,Delivered
78,6,95,2024-01-05,4,10524.46,10.0,37888.06,16118.49,UPI,Delivered
79,926,66,2025-02-06,2,4204.22,30.0,5885.91,1030.68,Credit Card,Returned
80,703,96,2025-09-26,1,18704.42,20.0,14963.54,6119.35,Credit Card,Shipped
81,546,50,2025-08-19,1,12152.7,10.0,10937.43,1787.02,Net Banking,Delivered
82,379,100,2024-05-17,3,4404.3,25.0,9909.68,2205.89,Debit Card,Delivered
83,190,21,2024-11-12,1,727.97,10.0,655.17,134.68,Wallet,Delivered
84,876,73,2025-03-10,3,2450.92,15.0,6249.85,1842.13,Debit Card,Shipped
85,1038,51,2024-10-10,5,3311.31,10.0,14900.9,6634.25,Credit Card,Delivered
86,284,100,2025-01-30,5,4404.3,20.0,17617.2,6476.18,Net Banking,Shipped
87,451,71,2025-12-17,3,4556.8,10.0,12303.36,4876.1,Wallet,Processing
88,497,79,2025-10-26,1,1836.83,10.0,1653.15,405.54,Net Banking,Shipped
89,212,34,2025-05-09,5,6016.67,0.0,30083.35,13440.46,Cash on Delivery,Delivered
90,148,2,2025-10-04,3,19784.61,10.0,53418.45,17162.14,Debit Card,Delivered
91,8,31,2025-03-08,1,7500.95,15.0,6375.81,2607.82,Cash on Delivery,Delivered
92,931,38,2025-06-18,1,2438.66,5.0,2316.73,982.24,Cash on Delivery,Returned
93,624,47,2025-05-17,4,3006.6,0.0,12026.4,4406.32,Cash on Delivery,Cancelled
94,607,29,2024-07-17,5,1126.75,15.0,4788.69,1989.31,Cash on Delivery,Delivered
95,479,24,2024-05-29,3,11430.81,15.0,29148.57,9326.79,Net Banking,Shipped
96,294,25,2025-03-03,4,2695.33,15.0,9164.12,3513.8,Net Banking,Shipped
97,386,39,2025-10-11,2,25526.93,5.0,48501.17,13141.33,Cash on Delivery,Delivered
98,724,71,2025-09-20,1,4556.8,0.0,4556.8,1100.41,Wallet,Delivered
99,769,100,2024-08-23,2,4404.3,10.0,7927.74,2516.01,Net Banking,Shipped
100,323,21,2024-12-17,1,727.97,15.0,618.77,113.46,Credit Card,Processing
101,855,50,2025-04-07,2,12152.7,5.0,23090.13,4305.97,UPI,Delivered
102,853,35,2025-10-04,3,13294.83,20.0,31907.59,12283.99,UPI,Delivered
103,263,47,2024-01-29,2,3006.6,30.0,4209.24,1485.05,UPI,Shipped
104,978,12,2025-05-03,3,2947.1,10.0,7957.17,2650.52,Wallet,Delivered
105,875,28,2025-02-22,5,4976.19,15.0,21148.81,7351.2,Wallet,Delivered
106,260,33,2025-06-07,2,4963.0,20.0,7940.8,2073.05,Credit Card,Processing
107,324,26,2024-12-19,4,56093.06,5.0,213153.63,72655.74,Wallet,Shipped
108,870,53,2024-05-17,2,328.56,0.0,657.12,178.37,Wallet,Returned
109,1121,54,2025-02-09,5,3017.65,15.0,12825.01,2758.32,Cash on Delivery,Shipped
110,787,59,2024-06-15,2,25615.37,5.0,48669.2,7583.05,Cash on Delivery,Delivered
111,1126,24,2024-11-12,5,11430.81,5.0,54296.35,18554.65,Cash on Delivery,Delivered
112,858,71,2024-04-26,1,4556.8,5.0,4328.96,1641.99,Debit Card,Delivered
113,15,38,2024-01-15,2,2438.66,0.0,4877.32,1285.81,Net Banking,Delivered
114,752,17,2024-08-19,4,41583.23,15.0,141382.98,46148.48,Wallet,Delivered
115,616,21,2025-07-15,5,727.97,25.0,2729.89,482.65,Cash on Delivery,Delivered
116,269,80,2024-04-27,2,4440.36,10.0,7992.65,2078.63,Credit Card,Delivered
117,243,92,2024-07-02,1,1199.49,0.0,1199.49,232.12,Credit Card,Delivered
118,845,67,2025-03-11,2,18767.35,5.0,35657.96,11006.02,Credit Card,Delivered
119,679,62,2024-09-04,2,385.07,15.0,654.62,143.98,Net Banking,Delivered
120,200,66,2024-11-17,4,4204.22,15.0,14294.35,3422.57,Cash on Delivery,Delivered
121,244,24,2025-03-23,3,11430.81,5.0,32577.81,7562.33,Cash on Delivery,Delivered
122,237,86,2025-01-05,4,1823.21,15.0,6198.91,1976.01,Debit Card,Cancelled
123,447,84,2025-01-26,5,4924.84,15.0,20930.57,5431.43,Credit Card,Delivered
124,732,43,2024-08-23,4,16482.05,0.0,65928.2,29520.21,Net Banking,Cancelled
125,82,5,2025-07-25,3,18086.09,15.0,46119.53,18011.92,Debit Card,Delivered
126,1075,57,2025-10-08,5,1664.71,5.0,7907.37,3200.72,Cash on Delivery,Delivered
127,667,40,2024-11-03,2,2090.32,30.0,2926.45,1115.28,Cash on Delivery,Delivered
128,997,64,2025-12-17,5,5281.37,10.0,23766.17,6712.3,Credit Card,Delivered
129,648,82,2025-02-04,2,16836.84,15.0,28622.63,8160.59,Wallet,Delivered
130,724,56,2024-05-03,4,1831.05,10.0,6591.78,2679.73,UPI,Cancelled
131,341,52,2025-12-18,4,2413.75,10.0,8689.5,3190.14,Credit Card,Delivered
132,604,42,2024-09-08,2,1050.19,15.0,1785.32,276.2,Debit Card,Delivered
133,479,49,2024-12-13,1,2372.32,10.0,2135.09,501.33,Wallet,Delivered
134,210,44,2024-10-31,2,4408.77,30.0,6172.28,2011.66,UPI,Processing
135,1185,42,2025-07-01,5,1050.19,10.0,4725.86,1542.19,UPI,Delivered
136,911,46,2024-09-23,1,1075.79,15.0,914.42,222.37,Wallet,Shipped
137,728,83,2025-12-13,5,54575.66,,231946.56,83879.57,Cash on Delivery,Shipped
138,28,75,2025-08-26,2,72689.52,5.0,138110.09,50213.43,Debit Card,Delivered
139,824,84,2024-09-12,1,4924.84,15.0,4186.11,937.65,Debit Card,Delivered
140,1124,3,2025-11-08,1,4826.77,20.0,3861.42,1675.34,Net Banking,Delivered
141,836,63,2025-02-13,2,23080.16,10.0,41544.29,11786.55,Cash on Delivery,Delivered
142,664,65,2024-11-17,1,21959.36,25.0,16469.52,2586.14,Credit Card,Delivered
143,1117,18,2025-04-27,2,28107.47,15.0,47782.7,8966.34,Wallet,Delivered
144,601,24,2024-01-30,5,11430.81,25.0,42865.54,11297.46,Credit Card,Delivered
145,674,32,2025-06-28,5,5563.34,10.0,25035.03,4994.91,UPI,Delivered
146,1076,59,2025-10-15,4,25615.37,15.0,87092.26,36893.23,Credit Card,Delivered
147,782,22,2024-03-15,1,29648.84,0.0,29648.84,10453.42,Net Banking,Delivered
148,708,8,2024-08-08,5,2763.21,30.0,9671.23,3987.49,Wallet,Delivered
149,735,65,2024-08-13,4,21959.36,10.0,79053.7,17875.26,Credit Card,Delivered
150,149,65,2025-06-07,5,21959.36,25.0,82347.6,35898.85,Net Banking,Delivered
151,1070,5,2024-06-29,1,18086.09,0.0,18086.09,5402.98,Wallet,Shipped
152,634,56,2024-10-08,3,1831.05,20.0,4394.52,1905.96,UPI,Cancelled
153,396,3,2025-06-16,3,4826.77,25.0,10860.23,3021.89,Cash on Delivery,Shipped
154,731,75,2024-03-30,1,72689.52,25.0,54517.14,8599.19,Cash on Delivery,Delivered
155,323,35,2025-07-01,4,13294.83,15.0,45202.42,16851.85,Cash on Delivery,Delivered
156,207,30,2024-12-01,2,23124.95,0.0,46249.9,20089.72,Credit Card,Cancelled
157,187,8,2025-06-27,1,2763.21,10.0,2486.89,936.24,UPI,Cancelled
158,1156,32,2024-10-22,3,5563.34,10.0,15021.02,6588.82,Debit Card,Delivered
159,85,13,2024-12-28,1,6497.88,15.0,5523.2,2321.79,Debit Card,Delivered
160,124,80,2024-11-19,5,4440.36,0.0,22201.8,8705.5,UPI,Delivered
161,1170,81,2024-01-14,5,11328.45,10.0,50978.03,16745.87,Cash on Delivery,Shipped
162,855,73,2024-05-14,2,2450.92,10.0,4411.66,1237.7,UPI,Delivered
163,1168,30,2024-03-21,2,23124.95,5.0,43937.4,13698.44,Wallet,Delivered
164,784,42,2024-05-27,3,1050.19,20.0,2520.46,771.79,UPI,Delivered
165,468,26,2024-01-29,5,56093.06,20.0,224372.24,42014.83,Wallet,Delivered
166,723,83,2024-11-07,3,54575.66,15.0,139167.93,38198.73,Credit Card,Delivered
167,1050,89,2025-09-02,2,3476.46,0.0,6952.92,2444.9,Wallet,Cancelled
168,1044,15,2024-12-24,3,27037.12,25.0,60833.52,12314.58,Wallet,Cancelled
169,494,39,2025-12-20,4,25526.93,15.0,86791.56,20317.45,Cash on Delivery,Shipped
170,214,77,2025-12-01,2,1568.22,30.0,2195.51,738.76,Credit Card,Delivered
171,940,12,2024-05-10,4,2947.1,15.0,10020.14,3585.81,Net Banking,Delivered
172,731,64,2024-11-23,3,5281.37,15.0,13467.49,2980.08,Wallet,Delivered
173,339,100,2025-04-16,2,4404.3,5.0,8368.17,3533.31,Cash on Delivery,Shipped
174,665,76,2025-06-14,3,1202.91,0.0,3608.73,939.46,Debit Card,Returned
175,704,30,2025-12-04,1,23124.95,10.0,20812.46,6709.42,Wallet,Delivered
176,302,29,2025-04-11,4,1126.75,10.0,4056.3,1776.62,Debit Card,Cancelled
177,44,41,2025-07-12,2,4360.17,0.0,8720.34,2265.07,Wallet,Delivered
178,1037,35,2024-04-16,3,13294.83,15.0,33901.82,5886.4,UPI,Delivered
179,176,35,2025-03-02,4,13294.83,20.0,42543.46,15995.2,Debit Card,Delivered
180,193,29,2025-07-20,2,1126.75,15.0,1915.47,385.34,Cash on Delivery,Delivered
181,1050,34,2025-05-24,1,6016.67,25.0,4512.5,1242.16,Wallet,Delivered
182,358,70,2025-06-12,4,2491.61,15.0,8471.47,3294.27,Cash on Delivery,Cancelled
183,498,76,2025-01-22,4,1202.91,15.0,4089.89,730.83,Credit Card,Delivered
184,1114,33,2024-10-31,4,4963.0,20.0,15881.6,4075.51,Debit Card,Delivered
185,1018,15,2025-08-04,5,27037.12,25.0,101389.2,16673.48,Credit Card,Processing
186,514,5,2025-08-28,1,18086.09,5.0,17181.79,2592.6,Credit Card,Delivered
187,711,60,2024-02-19,4,38860.34,20.0,124353.09,46422.46,Cash on Delivery,Delivered
188,866,59,2025-08-29,2,25615.37,20.0,40984.59,8810.7,Credit Card,Delivered
189,327,24,2024-02-10,4,11430.81,0.0,45723.24,17958.8,Debit Card,Returned
190,547,22,2025-02-14,3,29648.84,30.0,62262.56,19356.6,Debit Card,Delivered
191,741,42,2024-08-13,2,1050.19,10.0,1890.34,460.58,UPI,Shipped
192,50,26,2024-05-27,4,56093.06,5.0,213153.63,60572.87,Debit Card,Shipped
193,608,36,2024-04-26,1,9396.66,5.0,8926.83,1826.13,Wallet,Processing
194,322,69,2024-08-30,3,23193.07,20.0,55663.37,17224.28,,Delivered
195,153,96,2024-11-29,1,18704.42,10.0,16833.98,5632.0,Wallet,Processing
196,588,3,2024-01-05,5,4826.77,15.0,20513.77,3380.78,Wallet,Processing
197,776,93,2024-04-17,4,2525.17,10.0,9090.61,2882.87,Cash on Delivery,Delivered
198,790,37,2025-06-18,2,16932.2,20.0,27091.52,10531.65,UPI,Returned
199,913,16,2024-02-24,1,1240.5,20.0,992.4,202.84,UPI,Returned
200,887,48,2024-07-16,2,1050.32,10.0,1890.58,545.96,Cash on Delivery,Delivered
201,77,1,2024-01-29,3,309.05,20.0,741.72,294.93,Wallet,Delivered
202,1118,18,2024-05-10,1,28107.47,5.0,26702.1,11507.0,Net Banking,Shipped
203,758,12,2024-01-31,1,2947.1,20.0,2357.68,1021.91,Credit Card,Processing
204,972,47,2024-04-13,5,3006.6,0.0,15033.0,3912.02,Net Banking,Delivered
205,726,95,2025-07-28,2,10524.46,20.0,16839.14,6929.52,Wallet,Delivered
206,252,53,2025-02-22,4,328.56,0.0,1314.24,591.28,Wallet,Delivered
207,1121,37,2024-01-23,5,16932.2,25.0,63495.75,11800.21,Cash on Delivery,Delivered
208,172,63,2025-06-29,3,23080.16,15.0,58854.41,22297.41,Credit Card,Delivered
209,553,87,2024-09-16,2,1767.23,30.0,2474.12,886.04,Credit Card,Delivered
210,29,85,2024-05-05,4,2785.07,0.0,11140.28,2920.82,Net Banking,Cancelled
211,636,37,2024-01-23,1,16932.2,10.0,15238.98,3264.34,UPI,Delivered
212,710,67,2025-01-27,1,18767.35,10.0,16890.61,7042.57,Debit Card,Returned
213,745,18,2024-12-18,1,28107.47,5.0,26702.1,7448.34,Net Banking,Delivered
214,533,22,2024-11-09,3,29648.84,10.0,80051.87,14043.2,Cash on Delivery,Delivered
215,165,20,2024-04-06,5,580.65,20.0,2322.6,806.08,Debit Card,Delivered
216,1010,84,2024-09-10,3,4924.84,20.0,11819.62,4262.6,Wallet,Shipped
217,576,37,2025-06-27,1,16932.2,30.0,11852.54,3379.29,UPI,Delivered
218,719,5,2025-02-06,3,18086.09,30.0,37980.79,10007.92,Credit Card,Shipped
219,162,46,2025-10-11,2,1075.79,0.0,2151.58,742.15,Net Banking,Shipped
220,212,29,2025-10-04,5,1126.75,10.0,5070.38,1261.97,Credit Card,Delivered
221,311,93,2024-07-08,2,2525.17,0.0,5050.34,2007.99,Wallet,Delivered
222,1120,62,2025-04-29,5,385.07,5.0,1829.08,340.63,UPI,Delivered
223,976,2,2025-05-15,3,19784.61,25.0,44515.37,15678.43,UPI,Returned
224,154,60,2025-05-09,2,38860.34,20.0,62176.54,14955.16,Wallet,Delivered
225,714,33,2025-11-27,4,4963.0,,15881.6,2617.66,Credit Card,Delivered
226,683,58,2024-12-23,5,3255.82,10.0,14651.19,3115.72,Net Banking,Delivered
227,690,1,2025-10-29,3,309.05,15.0,788.08,138.25,UPI,Delivered
228,497,51,2024-12-13,5,3311.31,0.0,16556.55,2993.67,Net Banking,Cancelled
229,640,55,2024-11-10,3,3119.28,0.0,9357.84,2532.37,Net Banking,Shipped
230,515,61,2024-02-04,3,3726.63,10.0,10061.9,2560.64,Cash on Delivery,Shipped
231,1046,23,2024-04-19,3,5380.88,25.0,12106.98,3248.58,Wallet,Delivered
232,83,28,2024-08-15,3,4976.19,15.0,12689.28,5670.59,Net Banking,Shipped
233,411,74,2025-03-27,4,7241.27,0.0,28965.08,10395.64,Credit Card,Delivered
234,506,98,2024-11-03,1,7242.33,0.0,7242.33,1806.18,UPI,Delivered
235,130,72,2024-12-24,1,4148.6,15.0,3526.31,1172.73,UPI,Processing
236,957,6,2024-10-01,2,8514.19,5.0,16176.96,4462.87,Net Banking,Delivered
237,1190,44,2024-07-23,1,4408.77,25.0,3306.58,1046.63,Cash on Delivery,Delivered
238,709,37,2024-07-30,5,16932.2,25.0,63495.75,13344.28,Credit Card,Delivered
239,940,75,2025-06-26,3,72689.52,0.0,218068.56,63564.76,UPI,Delivered
240,157,100,2025-05-23,5,4404.3,25.0,16516.12,4176.09,Credit Card,Processing
241,1164,62,2025-03-01,5,385.07,10.0,1732.82,494.3,Credit Card,Cancelled
242,620,59,2024-04-30,5,25615.37,20.0,102461.48,34732.91,Net Banking,Cancelled
243,629,38,2025-09-23,1,2438.66,15.0,2072.86,671.25,Cash on Delivery,Delivered
244,19,65,2024-05-22,5,21959.36,25.0,82347.6,23576.76,Cash on Delivery,Delivered
245,290,54,2025-01-31,5,3017.65,20.0,12070.6,4377.65,Credit Card,Cancelled
246,149,67,2025-09-16,3,18767.35,20.0,45041.64,18955.15,UPI,Delivered
247,1152,76,2025-05-01,3,1202.91,10.0,3247.86,580.85,Debit Card,Delivered
248,1008,63,2025-03-26,3,23080.16,15.0,58854.41,9128.22,Cash on Delivery,Shipped
249,769,11,2024-10-20,1,11133.39,20.0,8906.71,1344.67,UPI,Delivered
250,119,74,2025-07-12,2,7241.27,0.0,14482.54,2655.45,UPI,Processing
251,930,89,2025-07-16,4,3476.46,10.0,12515.26,2229.04,Credit Card,Delivered
252,359,60,2025-10-09,1,38860.34,25.0,29145.25,11752.23,Cash on Delivery,Returned
253,1091,62,2025-12-05,4,385.07,25.0,1155.21,387.89,Credit Card,Shipped
254,864,87,2025-07-29,2,1767.23,20.0,2827.57,1215.03,Wallet,Delivered
255,1122,96,2024-10-26,5,18704.42,30.0,65465.47,28736.73,Cash on Delivery,Processing
256,459,34,2025-07-04,1,6016.67,15.0,5114.17,2082.18,UPI,Delivered
257,518,24,2024-01-13,1,11430.81,0.0,11430.81,2020.19,Debit Card,Returned
258,894,83,2024-12-09,4,54575.66,10.0,196472.38,52086.37,Debit Card,Delivered
259,1000,75,2025-08-18,5,72689.52,25.0,272585.7,102808.35,Wallet,Delivered
260,633,37,2024-01-28,4,16932.2,15.0,57569.48,13403.43,Cash on Delivery,Delivered
261,460,100,2025-09-22,5,4404.3,10.0,19819.35,3769.29,Net Banking,Shipped
262,293,82,2025-10-04,5,16836.84,20.0,67347.36,20951.23,Cash on Delivery,Processing
263,140,70,2024-09-04,1,2491.61,0.0,2491.61,544.23,UPI,Delivered
264,751,61,2025-10-25,3,3726.63,10.0,10061.9,3278.37,Net Banking,Shipped
265,822,77,2025-06-21,3,1568.22,15.0,3998.96,927.48,Wallet,Processing
266,847,37,2024-02-15,2,16932.2,15.0,28784.74,12308.13,Cash on Delivery,Shipped
267,610,72,2024-12-25,3,4148.6,20.0,9956.64,3583.65,Debit Card,Delivered
268,243,32,2024-10-26,3,5563.34,25.0,12517.51,2925.65,Cash on Delivery,Delivered
269,545,37,2024-12-28,1,16932.2,20.0,13545.76,5087.09,Debit Card,Processing
270,631,40,2025-05-05,5,2090.32,10.0,9406.44,2389.15,Credit Card,Delivered
271,278,10,2025-10-26,5,46405.07,15.0,197221.55,60742.6,UPI,Delivered
272,239,94,2024-08-31,4,4986.96,15.0,16955.66,5278.59,Credit Card,Cancelled
273,845,95,2025-10-02,2,10524.46,0.0,21048.92,4512.86,Cash on Delivery,Cancelled
274,1194,11,2024-01-18,5,11133.39,0.0,55666.95,11343.04,Credit Card,Delivered
275,794,52,2024-11-22,3,2413.75,5.0,6879.19,1854.0,Net Banking,Shipped
276,37,70,2025-06-20,5,2491.61,10.0,11212.25,2266.23,Cash on Delivery,Shipped
277,149,13,2024-06-06,1,6497.88,15.0,5523.2,2005.89,Net Banking,Delivered
278,144,8,2024-05-01,1,2763.21,15.0,2348.73,932.63,Debit Card,Shipped
279,1180,29,2024-05-29,2,1126.75,5.0,2140.82,459.07,Cash on Delivery,Delivered
280,1152,39,2024-01-31,2,25526.93,5.0,48501.17,9563.04,Credit Card,Delivered
281,142,97,2025-09-12,3,1127.53,15.0,2875.2,562.95,Net Banking,Processing
282,34,30,2024-03-26,1,23124.95,15.0,19656.21,8484.82,Wallet,Processing
283,649,3,2025-05-28,1,4826.77,20.0,3861.42,1199.12,Credit Card,Shipped
284,1058,14,2025-03-31,3,34858.1,5.0,99345.58,16059.04,Credit Card,Delivered
285,664,53,2025-02-07,2,328.56,5.0,624.26,169.57,Net Banking,Processing
286,958,80,2025-09-27,2,4440.36,10.0,7992.65,3574.31,Credit Card,Shipped
287,987,31,2024-08-15,3,7500.95,5.0,21377.71,4364.9,Cash on Delivery,Cancelled
288,981,25,2024-02-03,1,2695.33,5.0,2560.56,914.56,Wallet,Delivered
289,114,27,2024-06-15,3,52193.82,5.0,148752.39,49366.25,Net Banking,Processing
290,787,23,2025-05-21,4,5380.88,5.0,20447.34,4195.09,Net Banking,Delivered
291,566,27,2024-05-02,1,52193.82,15.0,44364.75,15061.33,Cash on Delivery,Delivered
292,783,24,2024-11-29,3,11430.81,0.0,34292.43,11005.54,Debit Card,Shipped
293,962,55,2024-03-03,1,3119.28,15.0,2651.39,947.45,Wallet,Delivered
294,18,99,2024-12-29,1,2129.54,20.0,1703.63,643.64,Credit Card,Processing
295,165,29,2024-09-11,4,1126.75,20.0,3605.6,1205.47,Debit Card,Delivered
296,57,48,2025-12-28,1,1050.32,5.0,997.8,222.8,Wallet,Delivered
297,1003,17,2024-01-10,4,41583.23,15.0,141382.98,40750.93,Credit Card,Delivered
298,993,63,2025-05-02,4,23080.16,0.0,92320.64,31074.71,Debit Card,Returned
299,1145,49,2025-04-17,1,2372.32,20.0,1897.86,305.53,Debit Card,Delivered
300,1090,10,2024-10-02,4,46405.07,20.0,148496.22,28456.15,Net Banking,Processing
301,610,46,2024-02-22,1,1075.79,15.0,914.42,368.58,Net Banking,Delivered
302,74,62,2025-04-24,5,385.07,20.0,1540.28,297.01,Wallet,Processing
303,1165,71,2025-11-03,1,4556.8,15.0,3873.28,1602.98,Cash on Delivery,Delivered
304,71,45,2025-08-24,3,2560.89,30.0,5377.87,840.6,Cash on Delivery,Cancelled
305,880,14,2025-04-15,5,34858.1,25.0,130717.88,24663.1,Cash on Delivery,Delivered
306,183,57,2025-11-06,2,1664.71,10.0,2996.48,938.51,Credit Card,Delivered
307,332,3,2025-10-30,5,4826.77,25.0,18100.39,3191.07,Credit Card,Delivered
308,342,83,2024-11-07,3,54575.66,0.0,163726.98,35401.71,Debit Card,Returned
309,939,53,2024-12-06,2,328.56,10.0,591.41,249.09,Credit Card,Delivered
310,320,72,2024-11-11,1,4148.6,25.0,3111.45,1189.9,Net Banking,Delivered
311,438,4,2025-11-15,1,7110.01,15.0,6043.51,1254.3,UPI,Shipped
312,1065,88,2024-10-21,2,2398.33,10.0,4316.99,1512.14,UPI,Cancelled
313,370,49,2025-08-03,2,2372.32,10.0,4270.18,1746.75,Debit Card,Delivered
314,1103,43,2024-01-10,1,16482.05,20.0,13185.64,3862.86,Credit Card,Shipped
315,785,36,2025-10-11,1,9396.66,25.0,7047.49,2765.66,Credit Card,Delivered
316,40,67,2024-03-01,5,18767.35,20.0,75069.4,22709.78,UPI,Delivered
317,1021,35,2024-01-26,4,13294.83,0.0,53179.32,22072.39,UPI,Shipped
318,740,18,2025-12-11,4,28107.47,0.0,112429.88,32462.87,Debit Card,Shipped
319,459,14,2025-01-26,3,34858.1,5.0,99345.58,19529.45,Credit Card,Delivered
320,1003,89,2025-12-07,2,3476.46,5.0,6605.27,2243.72,Wallet,Shipped
321,740,9,2025-01-12,2,26733.44,5.0,50793.54,8349.69,Net Banking,Processing
322,494,48,2024-10-09,4,1050.32,25.0,3150.96,1417.54,UPI,Delivered
323,601,37,2024-04-06,4,16932.2,10.0,60955.92,26217.52,Credit Card,Delivered
324,382,98,2024-01-04,5,7242.33,0.0,36211.65,13172.03,Net Banking,Shipped
325,374,73,2024-08-02,2,2450.92,10.0,4411.66,1658.46,Credit Card,Delivered
326,1149,87,2024-05-13,1,1767.23,5.0,1678.87,676.56,Debit Card,Delivered
327,558,65,2024-07-13,4,21959.36,15.0,74661.82,16277.02,Cash on Delivery,Cancelled
328,392,82,2025-06-19,4,16836.84,20.0,53877.89,18451.2,Cash on Delivery,Delivered
329,1013,43,2024-06-02,1,16482.05,10.0,14833.84,6483.25,Credit Card,Returned
330,5,16,2025-05-18,1,1240.5,10.0,1116.45,311.31,Net Banking,
331,1019,66,2025-04-12,4,4204.22,10.0,15135.19,5241.18,UPI,Returned
332,839,40,2024-11-06,3,2090.32,10.0,5643.86,1819.23,Debit Card,Returned
333,632,71,2025-03-08,2,4556.8,10.0,8202.24,2630.96,UPI,Delivered
334,45,39,2025-08-16,4,25526.93,5.0,97002.33,22464.74,Net Banking,Shipped
335,156,27,2025-06-01,4,52193.82,15.0,177458.99,35148.19,Credit Card,Delivered
336,164,54,2024-12-21,4,3017.65,10.0,10863.54,2319.74,UPI,Delivered
337,1175,46,2025-12-06,5,1075.79,15.0,4572.11,1373.93,Credit Card,Delivered
338,671,29,2024-04-17,5,1126.75,10.0,5070.38,1840.69,Cash on Delivery,Delivered
339,176,85,2025-01-15,1,2785.07,20.0,2228.06,747.3,Net Banking,Delivered
340,719,28,2024-04-23,4,4976.19,20.0,15923.81,6231.81,Net Banking,Delivered
341,487,45,2025-10-30,2,2560.89,15.0,4353.51,1768.48,Net Banking,Delivered
342,612,86,2024-12-20,1,1823.21,10.0,1640.89,524.88,Credit Card,Cancelled
343,1151,49,2025-12-04,5,2372.32,5.0,11268.52,3880.6,UPI,Delivered
344,91,83,2025-05-03,1,54575.66,15.0,46389.31,11967.43,Wallet,Delivered
345,512,4,2024-05-02,4,7110.01,5.0,27018.04,11419.15,Credit Card,Returned
346,1126,36,2025-03-26,2,9396.66,25.0,14094.99,5477.09,Debit Card,Delivered
347,377,36,2024-08-03,5,9396.66,25.0,35237.48,8976.19,Cash on Delivery,Delivered
348,133,72,2024-06-28,1,4148.6,5.0,3941.17,1709.31,Wallet,Shipped
349,865,46,2024-09-27,5,1075.79,0.0,5378.95,1127.84,Debit Card,Delivered
350,45,82,2024-12-03,1,16836.84,15.0,14311.31,6329.25,Credit Card,Delivered
351,473,73,2025-04-29,2,2450.92,15.0,4166.56,937.57,Debit Card,Processing
352,72,70,2024-07-15,4,2491.61,0.0,9966.44,1977.45,Debit Card,Delivered
353,937,51,2024-06-03,5,3311.31,10.0,14900.9,2723.38,Net Banking,Cancelled
354,864,86,2025-10-25,5,1823.21,5.0,8660.25,1829.0,Wallet,Processing
355,1122,65,2025-07-12,2,21959.36,30.0,30743.1,11949.03,Wallet,Delivered
356,600,61,2024-04-28,2,3726.63,0.0,7453.26,1804.22,Cash on Delivery,Processing
357,82,35,2024-01-26,4,13294.83,5.0,50520.35,9912.87,UPI,Delivered
358,1143,14,2025-05-20,1,34858.1,15.0,29629.38,7053.37,Net Banking,Delivered
359,771,61,2025-12-20,2,3726.63,10.0,6707.93,1277.38,Credit Card,Delivered
360,132,38,2024-05-14,5,2438.66,15.0,10364.3,3410.74,Wallet,Delivered
361,541,44,2024-02-28,5,4408.77,15.0,18737.27,5792.69,Wallet,Delivered
362,896,27,2024-11-08,3,52193.82,5.0,148752.39,35084.33,Debit Card,Cancelled
363,1195,91,2024-03-08,5,952.87,10.0,4287.92,1564.15,Wallet,Returned
364,766,42,2025-06-15,3,1050.19,20.0,2520.46,550.06,Debit Card,Cancelled
365,123,77,2024-10-13,3,1568.22,10.0,4234.19,1270.41,Debit Card,Returned
366,394,11,2025-01-06,5,11133.39,10.0,50100.25,12934.78,Debit Card,Delivered
367,519,13,2025-11-21,5,6497.88,10.0,29240.46,9363.57,Credit Card,Delivered
368,247,13,2025-05-28,3,6497.88,0.0,19493.64,3080.0,Wallet,Shipped
369,1012,29,2025-04-14,2,1126.75,10.0,2028.15,379.84,Credit Card,Delivered
370,350,52,2025-05-30,1,2413.75,15.0,2051.69,459.72,Wallet,Delivered
371,226,88,2025-01-14,2,2398.33,5.0,4556.83,716.0,Debit Card,Delivered
372,242,55,2025-04-02,5,3119.28,5.0,14816.58,3995.49,Credit Card,Processing
373,553,80,2024-12-04,1,4440.36,15.0,3774.31,777.12,Wallet,Delivered
374,194,11,2024-01-02,1,11133.39,5.0,10576.72,2461.49,Net Banking,Returned
375,134,21,2024-11-29,4,727.97,5.0,2766.29,1229.89,Debit Card,Delivered
376,911,49,2025-11-23,3,2372.32,5.0,6761.11,2130.21,Net Banking,Delivered
377,144,88,2025-03-25,4,2398.33,10.0,8633.99,2518.14,Cash on Delivery,Processing
378,804,26,2024-02-28,5,56093.06,0.0,280465.3,92974.56,UPI,Delivered
379,1113,14,2025-11-08,3,34858.1,10.0,94116.87,39272.43,Net Banking,Delivered
380,1100,65,2024-10-11,1,21959.36,10.0,19763.42,3828.19,Net Banking,Delivered
381,898,50,2025-05-26,5,12152.7,25.0,45572.62,9395.23,Wallet,Delivered
382,271,25,2025-05-19,3,2695.33,20.0,6468.79,1434.85,Debit Card,Delivered
383,66,29,2025-11-05,3,1126.75,10.0,3042.22,759.98,Wallet,Delivered
384,897,10,2025-06-13,5,46405.07,20.0,185620.28,71001.53,Net Banking,Shipped
385,399,72,2025-05-29,2,4148.6,15.0,7052.62,1364.02,Debit Card,Shipped
386,300,62,2025-11-28,4,385.07,10.0,1386.25,371.29,Wallet,Returned
387,818,57,2025-02-24,1,1664.71,0.0,1664.71,354.43,Credit Card,Delivered
388,509,43,2024-09-11,4,16482.05,10.0,59335.38,11241.1,Cash on Delivery,
389,6,98,2025-06-21,5,7242.33,5.0,34401.07,8678.78,Debit Card,Returned
390,25,37,2024-07-09,4,16932.2,25.0,50796.6,20413.15,Net Banking,Processing
391,108,2,2025-04-24,3,19784.61,15.0,50450.76,17040.89,Credit Card,Cancelled
392,704,7,2024-08-27,2,4635.61,25.0,6953.41,1516.55,Net Banking,Delivered
393,1079,95,2024-07-02,1,10524.46,15.0,8945.79,2481.51,Cash on Delivery,Delivered
394,944,79,2024-05-11,2,1836.83,5.0,3489.98,1078.98,Cash on Delivery,Shipped
395,1087,66,2025-07-06,2,4204.22,10.0,7567.6,1205.58,Credit Card,Delivered
396,539,91,2024-06-09,1,952.87,30.0,667.01,239.58,Debit Card,Delivered
397,16,52,2024-06-19,1,2413.75,10.0,2172.38,330.82,Credit Card,Delivered
398,846,51,2024-11-23,3,3311.31,5.0,9437.23,2584.67,Credit Card,Delivered
399,1112,75,2024-07-18,5,72689.52,5.0,345275.22,59767.97,Cash on Delivery,Delivered
400,622,8,2025-09-10,5,2763.21,15.0,11743.64,2742.3,UPI,Delivered
401,354,87,2024-09-17,2,1767.23,25.0,2650.85,1130.42,Cash on Delivery,Delivered
402,192,44,2025-09-16,4,4408.77,25.0,13226.31,5040.29,UPI,Delivered
403,567,36,2024-03-20,1,9396.66,30.0,6577.66,2095.29,Wallet,Delivered
404,829,77,2025-01-01,4,1568.22,25.0,4704.66,1130.09,Net Banking,Delivered
405,1079,65,2024-07-14,4,21959.36,10.0,79053.7,20757.19,Credit Card,Processing
406,533,42,2025-12-09,1,1050.19,20.0,840.15,226.4,Wallet,Shipped
407,288,18,2024-09-08,3,28107.47,5.0,80106.29,35963.84,UPI,Cancelled
408,1161,33,2025-01-10,4,4963.0,20.0,15881.6,5075.12,Credit Card,Processing
409,1185,100,2025-07-17,2,4404.3,5.0,8368.17,3094.43,Debit Card,Delivered
410,113,56,2024-01-13,5,1831.05,10.0,8239.73,3312.71,UPI,Shipped
411,95,11,2025-03-21,5,11133.39,5.0,52883.6,22074.82,Credit Card,Shipped
412,13,42,2024-07-06,3,1050.19,0.0,3150.57,486.48,Net Banking,Delivered
413,362,42,2024-05-12,5,1050.19,5.0,4988.4,1845.25,Net Banking,Delivered
414,971,25,2024-01-03,1,2695.33,0.0,2695.33,477.24,Debit Card,Shipped
415,627,59,2024-09-27,2,25615.37,20.0,40984.59,10115.96,Net Banking,Cancelled
416,73,65,2025-02-27,2,21959.36,5.0,41722.78,17247.6,Cash on Delivery,Shipped
417,392,80,2024-02-09,2,4440.36,0.0,8880.72,1816.32,Net Banking,Delivered
418,248,74,2025-04-04,1,7241.27,0.0,7241.27,3202.73,UPI,Cancelled
419,208,32,2025-06-26,4,5563.34,,15577.35,3881.33,Net Banking,Delivered
420,631,92,2024-10-02,1,1199.49,30.0,839.64,179.34,Net Banking,Delivered
421,503,34,2025-06-07,5,6016.67,5.0,28579.18,5576.5,Wallet,Shipped
422,307,80,2025-08-12,5,4440.36,5.0,21091.71,4145.99,Debit Card,Delivered
423,295,33,2025-04-11,3,4963.0,10.0,13400.1,3284.15,UPI,Delivered
424,165,100,2025-10-13,4,4404.3,10.0,15855.48,3993.05,UPI,Cancelled
425,592,60,2024-01-29,5,38860.34,5.0,184586.61,63526.81,UPI,Cancelled
426,1131,36,2025-02-11,3,9396.66,10.0,25370.98,10969.48,Debit Card,Cancelled
427,1059,82,2024-09-26,3,16836.84,10.0,45459.47,15780.06,Debit Card,Shipped
428,148,58,2025-02-10,5,3255.82,15.0,13837.24,2161.8,Credit Card,Delivered
429,411,46,2025-10-12,3,1075.79,5.0,3066.0,890.75,Net Banking,Delivered
430,728,16,2024-04-23,4,1240.5,10.0,4465.8,1165.13,Wallet,Shipped
431,460,84,2025-04-02,4,4924.84,25.0,14774.52,3877.36,Debit Card,Delivered
432,540,3,2024-10-04,2,4826.77,5.0,9170.86,2960.47,Debit Card,Delivered
433,385,4,2024-07-02,2,7110.01,20.0,11376.02,3146.79,Net Banking,Delivered
434,968,77,2025-09-16,2,1568.22,0.0,3136.44,492.1,Cash on Delivery,Delivered
435,1100,60,2024-06-09,4,38860.34,10.0,139897.22,37832.28,UPI,Delivered
436,435,77,2024-01-07,5,1568.22,0.0,7841.1,2091.48,UPI,Delivered
437,927,46,2024-03-23,4,1075.79,0.0,4303.16,1586.6,UPI,Cancelled
438,933,49,2024-11-16,5,2372.32,20.0,9489.28,1750.29,UPI,Delivered
439,1077,25,2025-12-08,1,2695.33,15.0,2291.03,405.6,Wallet,Delivered
440,814,81,2025-04-14,1,11328.45,15.0,9629.18,1965.08,Cash on Delivery,Delivered
441,47,35,2024-03-05,3,13294.83,10.0,35896.04,5630.88,UPI,Delivered
442,620,84,2024-10-15,1,4924.84,10.0,4432.36,1033.31,Net Banking,Delivered
443,82,39,2025-02-28,4,25526.93,0.0,102107.72,25873.44,UPI,Delivered
444,606,65,2025-06-09,4,21959.36,25.0,65878.08,22237.74,Cash on Delivery,Delivered
445,90,72,2025-04-28,3,4148.6,15.0,10578.93,2997.47,Net Banking,Delivered
446,928,12,2025-02-10,5,2947.1,10.0,13261.95,3326.12,UPI,Delivered
447,1015,38,2024-01-16,5,2438.66,20.0,9754.64,2849.45,UPI,Delivered
448,1141,86,2025-07-30,4,1823.21,10.0,6563.56,2287.89,Credit Card,Delivered
449,873,51,2024-10-17,1,3311.31,15.0,2814.61,1106.07,UPI,Returned
450,149,37,2025-04-26,5,16932.2,15.0,71961.85,31661.72,Wallet,Delivered
451,446,56,2025-06-21,1,1831.05,25.0,1373.29,362.56,UPI,Delivered
452,894,59,2025-03-28,1,25615.37,30.0,17930.76,5913.28,Credit Card,Delivered
453,314,6,2024-06-20,4,8514.19,30.0,23839.73,4321.23,Cash on Delivery,Returned
454,843,10,2025-06-12,1,46405.07,15.0,39444.31,16806.04,Debit Card,Delivered
455,93,42,2025-02-28,2,1050.19,30.0,1470.27,222.48,Wallet,Shipped
456,446,47,2024-10-25,2,3006.6,10.0,5411.88,2056.45,UPI,Delivered
457,719,22,2024-06-10,1,29648.84,5.0,28166.4,5021.31,Debit Card,Delivered
458,103,47,2025-01-21,2,3006.6,15.0,5111.22,2233.47,Debit Card,Shipped
459,808,57,2025-01-18,4,1664.71,15.0,5660.01,1803.44,UPI,Delivered
460,421,42,2024-12-31,5,1050.19,10.0,4725.86,1165.58,UPI,Delivered
461,1161,7,2025-10-03,4,4635.61,10.0,16688.2,3495.38,Cash on Delivery,Returned
462,1125,89,2024-11-07,4,3476.46,15.0,11819.96,3091.42,Credit Card,Shipped
463,570,33,2025-12-14,1,4963.0,5.0,4714.85,1903.26,UPI,Cancelled
464,149,59,2024-01-11,5,25615.37,30.0,89653.79,30660.17,Net Banking,Delivered
465,861,70,2025-09-05,2,2491.61,15.0,4235.74,867.77,Credit Card,Processing
466,895,81,2025-12-22,4,11328.45,20.0,36251.04,9757.5,Debit Card,Shipped
467,506,74,2024-02-22,4,7241.27,25.0,21723.81,7499.14,UPI,Delivered
468,785,71,2025-03-10,4,4556.8,20.0,14581.76,4723.95,Cash on Delivery,Delivered
469,661,34,2024-06-12,1,6016.67,5.0,5715.84,1008.04,UPI,Returned
470,371,71,2024-06-25,3,4556.8,15.0,11619.84,2799.67,Cash on Delivery,Shipped
471,56,71,2024-01-15,5,4556.8,15.0,19366.4,8320.68,Wallet,Shipped
472,325,94,2024-12-27,3,4986.96,15.0,12716.75,4262.8,Net Banking,
473,1021,73,2025-11-04,4,2450.92,20.0,7842.94,1434.42,Wallet,Returned
474,715,39,2024-03-28,5,25526.93,20.0,102107.72,31330.11,Net Banking,Delivered
475,1164,56,2024-04-12,2,1831.05,25.0,2746.57,941.97,Debit Card,Delivered
476,211,44,2024-10-16,4,4408.77,15.0,14989.82,4326.75,UPI,Delivered
477,629,60,2025-08-15,3,38860.34,20.0,93264.82,31852.64,Cash on Delivery,Returned
478,299,30,2025-02-14,5,23124.95,20.0,92499.8,36164.89,UPI,Processing
479,4,71,2025-04-02,5,4556.8,30.0,15948.8,5864.0,Debit Card,Delivered
480,920,99,2025-04-04,1,2129.54,0.0,2129.54,954.98,Net Banking,Delivered
481,1119,13,2024-02-22,2,6497.88,25.0,9746.82,2869.56,Cash on Delivery,Processing
482,957,87,2025-06-21,3,1767.23,25.0,3976.27,904.14,Debit Card,Shipped
483,108,91,2025-01-11,3,952.87,15.0,2429.82,444.54,Cash on Delivery,Processing
484,546,12,2024-02-09,2,2947.1,15.0,5010.07,2143.89,UPI,Returned
485,709,1,2024-10-16,4,309.05,5.0,1174.39,187.59,Net Banking,Delivered
486,458,53,2024-01-20,1,328.56,30.0,229.99,35.89,Net Banking,Delivered
487,1112,49,2025-03-10,1,2372.32,15.0,2016.47,544.63,UPI,Shipped
488,302,99,2025-10-19,5,2129.54,5.0,10115.32,3914.87,UPI,Delivered
489,639,17,2024-12-31,4,41583.23,0.0,166332.92,37997.18,Credit Card,Cancelled
490,1065,12,2025-04-27,1,2947.1,0.0,2947.1,1121.05,Credit Card,Returned
491,1179,97,2024-04-22,2,1127.53,10.0,2029.55,602.77,Debit Card,Returned
492,351,34,2024-06-10,3,6016.67,10.0,16245.01,6700.75,Debit Card,Delivered
493,380,86,2025-10-13,1,1823.21,15.0,1549.73,508.32,Debit Card,Delivered
494,205,7,2024-07-18,1,4635.61,10.0,4172.05,863.35,UPI,Shipped
495,627,95,2024-09-13,3,10524.46,20.0,25258.7,6324.72,Cash on Delivery,Delivered
496,261,40,2025-01-22,2,2090.32,10.0,3762.58,1436.09,Cash on Delivery,Returned
497,480,12,2024-07-26,5,2947.1,20.0,11788.4,2338.02,Debit Card,Delivered
498,954,94,2025-04-07,4,4986.96,20.0,15958.27,5881.11,Cash on Delivery,Delivered
499,1175,33,2024-10-09,3,4963.0,15.0,12655.65,2517.4,Debit Card,Shipped
500,923,4,2024-07-11,4,7110.01,10.0,25596.04,9714.25,Debit Card,Delivered
501,1005,34,2025-08-13,2,6016.67,15.0,10228.34,4411.58,Cash on Delivery,Delivered
502,325,96,2025-04-13,5,18704.42,10.0,84169.89,34156.11,Net Banking,Returned
503,677,59,2025-05-29,4,25615.37,15.0,87092.26,18118.68,Net Banking,Delivered
504,1076,45,2025-05-19,5,2560.89,15.0,10883.78,3594.41,Credit Card,Delivered
505,351,96,2025-02-25,5,18704.42,10.0,84169.89,12682.11,Wallet,Delivered
506,381,85,2025-09-14,3,2785.07,10.0,7519.69,1882.36,Credit Card,Delivered
507,1182,43,2024-01-19,2,16482.05,20.0,26371.28,10791.37,Debit Card,Shipped
508,280,81,2024-04-24,4,11328.45,20.0,36251.04,7988.26,Debit Card,Delivered
509,951,86,2025-02-15,4,1823.21,10.0,6563.56,1449.62,Debit Card,Shipped
510,874,21,2025-02-12,1,727.97,30.0,509.58,140.87,Cash on Delivery,Processing
511,172,75,2024-10-02,5,72689.52,30.0,254413.32,99749.11,UPI,Delivered
512,199,36,2024-11-24,1,9396.66,20.0,7517.33,1281.6,Net Banking,Delivered
513,409,72,2025-04-26,1,4148.6,15.0,3526.31,1563.77,Credit Card,Delivered
514,605,17,2025-06-21,1,41583.23,10.0,37424.91,16776.86,Net Banking,Delivered
515,1059,98,2025-12-17,5,7242.33,10.0,32590.49,12134.88,Wallet,Shipped
516,524,38,2024-09-17,2,2438.66,10.0,4389.59,1632.15,UPI,Delivered
517,364,17,2025-02-15,4,41583.23,15.0,141382.98,52133.71,Cash on Delivery,Delivered
518,665,39,2025-08-04,2,25526.93,5.0,48501.17,8964.27,Wallet,Shipped
519,941,70,2024-03-07,2,2491.61,10.0,4484.9,2010.62,Net Banking,Shipped
520,1179,100,2024-10-21,4,4404.3,0.0,17617.2,7009.97,Net Banking,Shipped
521,691,52,2025-12-16,4,2413.75,15.0,8206.75,2212.29,Net Banking,Delivered
522,979,92,2025-05-20,5,1199.49,10.0,5397.7,2112.15,Cash on Delivery,Delivered
523,530,20,2024-04-25,3,580.65,5.0,1654.85,417.38,Cash on Delivery,Delivered
524,127,24,2024-08-21,5,11430.81,30.0,40007.83,14366.86,Credit Card,Delivered
525,923,20,2025-04-16,2,580.65,15.0,987.1,212.64,Wallet,Shipped
526,438,83,2024-12-18,2,54575.66,15.0,92778.62,33681.65,Wallet,Shipped
527,804,83,2024-01-22,3,54575.66,30.0,114608.89,21348.3,UPI,Processing
528,237,98,2025-03-15,4,7242.33,15.0,24623.92,4776.47,Net Banking,Shipped
529,804,54,2025-03-22,1,3017.65,10.0,2715.89,482.31,Wallet,Delivered
530,855,76,2025-10-08,3,1202.91,15.0,3067.42,1359.72,Cash on Delivery,Delivered
531,185,6,2025-12-09,2,8514.19,15.0,14474.12,2549.27,Cash on Delivery,Cancelled
532,430,60,2025-11-02,2,38860.34,5.0,73834.65,17501.86,UPI,Processing
533,98,40,2024-09-17,4,2090.32,15.0,7107.09,1620.9,UPI,Delivered
534,863,73,2024-04-25,4,2450.92,30.0,6862.58,1207.38,UPI,Processing
535,1128,12,2024-08-29,3,2947.1,5.0,8399.23,2851.41,Credit Card,Processing
536,321,80,2024-04-15,3,4440.36,30.0,9324.76,2274.16,Net Banking,Delivered
537,743,91,2024-10-18,4,952.87,10.0,3430.33,864.76,UPI,Delivered
538,1055,35,2025-01-23,5,13294.83,0.0,66474.15,14217.42,Debit Card,Delivered
539,205,40,2024-06-17,2,2090.32,10.0,3762.58,1238.82,Cash on Delivery,Delivered
540,742,59,2024-05-06,5,25615.37,,89653.79,28010.07,Wallet,Delivered
541,245,5,2025-06-15,1,18086.09,10.0,16277.48,2782.27,Cash on Delivery,Delivered
542,877,17,2025-12-08,2,41583.23,10.0,74849.81,24108.68,,Delivered
543,99,89,2024-11-11,2,3476.46,15.0,5909.98,1969.71,Wallet,Shipped
544,1083,97,2024-12-22,1,1127.53,25.0,845.65,241.82,UPI,Delivered
545,759,88,2024-06-23,1,2398.33,10.0,2158.5,623.7,UPI,Delivered
546,408,57,2024-07-12,2,1664.71,0.0,3329.42,1340.78,UPI,Returned
547,837,58,2024-03-26,3,3255.82,10.0,8790.71,2087.57,Credit Card,Delivered
548,170,34,2025-04-24,3,6016.67,20.0,14440.01,2611.72,Debit Card,Processing
549,505,19,2024-04-16,1,3365.11,5.0,3196.85,687.13,Debit Card,Cancelled
550,1097,50,2024-08-05,1,12152.7,15.0,10329.8,2098.63,Wallet,Delivered
551,792,15,2024-02-15,1,27037.12,30.0,18925.98,6099.07,Debit Card,Delivered
552,421,62,2024-10-04,4,385.07,0.0,1540.28,638.11,Wallet,Processing
553,502,55,2025-07-21,1,3119.28,0.0,3119.28,1193.84,Wallet,Delivered
554,313,14,2024-06-06,2,34858.1,25.0,52287.15,9439.36,Cash on Delivery,Delivered
555,780,32,2025-03-17,5,5563.34,20.0,22253.36,6426.65,Debit Card,Delivered
556,306,75,2025-01-11,2,72689.52,0.0,145379.04,23577.57,Net Banking,Delivered
557,1088,59,2025-01-15,2,25615.37,20.0,40984.59,9378.12,Cash on Delivery,Delivered
558,115,63,2025-04-26,2,23080.16,5.0,43852.3,8187.64,Wallet,Delivered
559,252,10,2024-04-21,1,46405.07,5.0,44084.82,16098.66,Cash on Delivery,Shipped
560,596,49,2024-05-16,4,2372.32,5.0,9014.82,2435.68,Wallet,Cancelled
561,1120,84,2025-02-24,4,4924.84,20.0,15759.49,6457.27,Wallet,Delivered
562,12,100,2024-03-06,3,4404.3,5.0,12552.26,2197.85,Debit Card,Cancelled
563,881,82,2025-09-16,4,16836.84,5.0,63979.99,27862.63,Cash on Delivery,Shipped
564,785,37,2024-09-27,3,16932.2,15.0,43177.11,16321.88,Debit Card,Delivered
565,322,42,2024-03-16,4,1050.19,30.0,2940.53,848.21,Net Banking,Processing
566,878,86,2024-03-23,2,1823.21,15.0,3099.46,862.49,Net Banking,Delivered
567,710,91,2025-02-23,5,952.87,0.0,4764.35,1839.81,UPI,Processing
568,217,28,2025-03-13,2,4976.19,20.0,7961.9,2738.56,Credit Card,Delivered
569,453,39,2024-11-22,3,25526.93,15.0,65093.67,23930.05,Debit Card,Cancelled
570,510,53,2025-01-02,2,328.56,15.0,558.55,122.52,Wallet,Delivered
571,70,80,2024-10-16,2,4440.36,0.0,8880.72,3568.11,UPI,Returned
572,26,45,2025-12-31,2,2560.89,0.0,5121.78,923.54,Cash on Delivery,Shipped
573,1113,34,2025-06-12,3,6016.67,15.0,15342.51,6793.43,UPI,Shipped
574,602,58,2024-05-17,2,3255.82,15.0,5534.89,1269.32,Debit Card,Returned
575,810,85,2025-07-01,4,2785.07,15.0,9469.24,2547.64,Cash on Delivery,Delivered
576,655,68,2025-05-25,3,3680.19,15.0,9384.48,1772.58,Cash on Delivery,Shipped
577,1094,37,2025-03-30,1,16932.2,0.0,16932.2,5832.47,UPI,Delivered
578,555,30,2024-05-18,1,23124.95,20.0,18499.96,4044.34,Credit Card,Delivered
579,1081,18,2025-05-26,1,28107.47,0.0,28107.47,9349.0,Cash on Delivery,Delivered
580,55,74,2025-12-03,4,7241.27,20.0,23172.06,9528.82,Net Banking,Delivered
581,554,95,2025-04-20,2,10524.46,15.0,17891.58,2811.88,Debit Card,Delivered
582,661,48,2025-01-23,2,1050.32,0.0,2100.64,940.77,,Cancelled
583,683,68,2025-05-03,2,3680.19,5.0,6992.36,1713.67,Wallet,Delivered
584,1104,55,2024-08-23,4,3119.28,25.0,9357.84,1645.01,Wallet,Delivered
585,149,13,2024-02-08,3,6497.88,10.0,17544.28,3242.88,,Shipped
586,44,14,2025-10-24,3,34858.1,15.0,88888.15,14668.6,Wallet,Delivered
587,258,36,2024-01-10,1,9396.66,30.0,6577.66,1178.6,Net Banking,Delivered
588,34,82,2024-09-25,1,16836.84,25.0,12627.63,5074.47,Credit Card,Processing
589,492,56,2025-12-05,2,1831.05,5.0,3478.99,524.26,Cash on Delivery,Delivered
590,742,4,2024-09-28,4,7110.01,20.0,22752.03,4701.58,Wallet,Shipped
591,1136,89,2025-04-30,2,3476.46,20.0,5562.34,1828.15,Debit Card,Returned
592,720,11,2025-12-20,1,11133.39,15.0,9463.38,1711.01,Net Banking,Returned
593,828,78,2024-04-12,1,2305.12,10.0,2074.61,375.57,Debit Card,Shipped
594,923,10,2025-05-03,2,46405.07,10.0,83529.13,17317.28,Debit Card,Delivered
595,611,69,2024-05-13,4,23193.07,25.0,69579.21,24633.43,Credit Card,Delivered
596,891,68,2024-04-10,5,3680.19,0.0,18400.95,3048.86,Debit Card,Cancelled
597,1148,5,2024-10-05,5,18086.09,15.0,76865.88,18402.55,Wallet,Delivered
598,1065,37,2024-03-26,4,16932.2,15.0,57569.48,9512.23,UPI,Delivered
599,585,38,2024-03-05,1,2438.66,25.0,1828.99,643.54,Net Banking,Shipped
600,846,9,2024-07-04,3,26733.44,10.0,72180.29,25613.95,UPI,Shipped
601,831,82,2025-09-07,2,16836.84,15.0,28622.63,12531.49,Debit Card,Processing
602,258,21,2025-08-02,5,727.97,5.0,3457.86,984.42,Cash on Delivery,Delivered
603,201,100,2025-10-23,4,4404.3,30.0,12332.04,5011.68,Net Banking,Processing
604,542,48,2024-09-25,3,1050.32,15.0,2678.32,408.23,Net Banking,Delivered
605,960,94,2025-03-20,3,4986.96,10.0,13464.79,3923.9,Credit Card,Returned
606,319,21,2025-10-28,3,727.97,30.0,1528.74,380.75,Wallet,Delivered
607,631,86,2025-08-02,1,1823.21,25.0,1367.41,411.34,Debit Card,Delivered
608,808,41,2024-09-26,1,4360.17,10.0,3924.15,1285.14,UPI,Delivered
609,472,25,2024-08-07,3,2695.33,10.0,7277.39,1462.21,Credit Card,Delivered
610,134,96,2024-04-26,1,18704.42,15.0,15898.76,4090.92,Net Banking,Delivered
611,925,51,2024-05-22,1,3311.31,10.0,2980.18,1007.57,Debit Card,Delivered
612,800,38,2025-07-23,4,2438.66,5.0,9266.91,3409.23,Debit Card,Delivered
613,32,54,2024-06-12,5,3017.65,20.0,12070.6,3846.46,,Cancelled
614,236,26,2024-02-11,3,56093.06,25.0,126209.38,41907.45,Debit Card,Delivered
615,448,27,2025-11-05,4,52193.82,5.0,198336.52,50282.15,Wallet,Delivered
616,526,63,2024-06-25,1,23080.16,10.0,20772.14,4745.53,Cash on Delivery,Delivered
617,306,10,2024-01-27,3,46405.07,15.0,118332.93,36996.48,Net Banking,Cancelled
618,980,23,2025-07-29,4,5380.88,15.0,18294.99,4694.77,Net Banking,Delivered
619,684,82,2024-11-21,5,16836.84,5.0,79974.99,14327.88,Net Banking,Delivered
620,1019,5,2025-10-26,3,18086.09,0.0,54258.27,18753.83,UPI,Delivered
621,1008,36,2025-06-21,5,9396.66,5.0,44634.14,16319.85,Debit Card,Delivered
622,762,84,2025-06-15,1,4924.84,30.0,3447.39,836.25,Debit Card,Delivered
623,297,10,2025-07-31,1,46405.07,30.0,32483.55,7951.47,Wallet,Delivered
624,514,43,2025-09-30,4,16482.05,20.0,52742.56,11656.25,Credit Card,Delivered
625,500,51,2025-10-31,2,3311.31,10.0,5960.36,956.4,Debit Card,Processing
626,832,69,2025-01-30,5,23193.07,20.0,92772.28,27815.88,Credit Card,Delivered
627,964,42,2025-09-21,4,1050.19,20.0,3360.61,1267.06,Wallet,Delivered
628,1052,10,2024-07-17,5,46405.07,20.0,185620.28,63807.09,Credit Card,Delivered
629,129,23,2025-06-30,4,5380.88,20.0,17218.82,5995.12,Credit Card,Delivered
630,1135,80,2024-04-07,5,4440.36,20.0,17761.44,6656.9,Net Banking,Delivered
631,655,32,2024-01-08,3,5563.34,15.0,14186.52,2243.71,Cash on Delivery,Shipped
632,547,63,2025-02-26,5,23080.16,5.0,109630.76,16843.54,Credit Card,Delivered
633,1106,80,2024-11-17,1,4440.36,20.0,3552.29,1400.6,UPI,Shipped
634,1161,37,2024-03-06,3,16932.2,15.0,43177.11,15057.42,Cash on Delivery,Delivered
635,307,72,2024-09-03,4,4148.6,10.0,14934.96,2794.81,Debit Card,Delivered
636,323,46,2025-03-14,4,1075.79,10.0,3872.84,1153.5,UPI,Delivered
637,545,22,2024-02-02,4,29648.84,15.0,100806.06,19966.82,Credit Card,Delivered
638,698,5,2024-07-09,4,18086.09,5.0,68727.14,25932.91,Cash on Delivery,Processing
639,56,75,2025-07-04,4,72689.52,0.0,290758.08,119740.78,Wallet,Shipped
640,600,75,2024-12-05,2,72689.52,5.0,138110.09,37755.15,UPI,Shipped
641,1030,4,2025-12-25,1,7110.01,5.0,6754.51,2870.33,Debit Card,Delivered
642,651,4,2025-04-18,1,7110.01,30.0,4977.01,823.58,Cash on Delivery,Delivered
643,546,3,2024-03-16,2,4826.77,20.0,7722.83,3336.72,Net Banking,Delivered
644,432,37,2024-06-09,2,16932.2,15.0,28784.74,8328.92,Cash on Delivery,Cancelled
645,509,11,2025-05-24,1,11133.39,10.0,10020.05,2537.43,Debit Card,Delivered
646,701,77,2025-12-01,5,1568.22,10.0,7056.99,1855.36,Credit Card,Returned
647,471,67,2024-12-31,5,18767.35,5.0,89144.91,23566.08,Wallet,Delivered
648,995,16,2024-09-21,5,1240.5,5.0,5892.38,1925.16,Wallet,Cancelled
649,1105,91,2025-07-26,5,952.87,25.0,3573.26,1553.34,Cash on Delivery,Delivered
650,1116,58,2025-04-21,4,3255.82,20.0,10418.62,2888.29,Debit Card,Processing
651,96,20,2024-07-27,1,580.65,10.0,522.59,234.42,Credit Card,Delivered
652,832,8,2025-02-11,4,2763.21,5.0,10500.2,2763.05,UPI,Delivered
653,167,22,2025-07-19,2,29648.84,5.0,56332.8,14823.68,Wallet,Delivered
654,202,8,2025-05-17,2,2763.21,15.0,4697.46,1760.27,Net Banking,Returned
655,15,42,2025-10-06,2,1050.19,25.0,1575.29,399.2,Cash on Delivery,Cancelled
656,737,4,2024-02-12,4,7110.01,20.0,22752.03,7781.24,Wallet,Delivered
657,503,11,2024-08-21,5,11133.39,5.0,52883.6,19681.61,Credit Card,Shipped
658,830,49,2024-04-27,1,2372.32,15.0,2016.47,394.15,Cash on Delivery,Delivered
659,475,5,2024-10-08,4,18086.09,5.0,68727.14,20103.74,Cash on Delivery,Processing
660,17,69,2025-10-19,5,23193.07,30.0,81175.74,14536.24,Wallet,Delivered
661,823,40,2024-04-17,5,2090.32,25.0,7838.7,1239.68,Net Banking,Delivered
662,922,82,2025-11-21,4,16836.84,15.0,57245.26,11037.8,Wallet,Delivered
663,979,95,2024-07-14,1,10524.46,25.0,7893.34,3420.57,UPI,Delivered
664,407,50,2024-12-16,1,12152.7,30.0,8506.89,2400.67,Credit Card,Cancelled
665,1141,28,2024-10-19,1,4976.19,20.0,3980.95,952.59,Debit Card,Processing
666,655,41,2025-09-06,1,4360.17,30.0,3052.12,714.46,Net Banking,Shipped
667,122,37,2024-06-11,1,16932.2,5.0,16085.59,3552.08,Credit Card,Delivered
668,852,58,2025-04-02,4,3255.82,5.0,12372.12,2051.02,Credit Card,Delivered
669,528,25,2025-07-28,3,2695.33,10.0,7277.39,1682.11,Credit Card,Delivered
670,1155,2,2025-03-08,4,19784.61,15.0,67267.67,23826.3,Debit Card,Delivered
671,845,87,2025-07-21,3,1767.23,15.0,4506.44,1915.01,Credit Card,Delivered
672,1005,3,2024-10-27,3,4826.77,10.0,13032.28,2224.01,Wallet,Delivered
673,818,72,2024-06-19,5,4148.6,15.0,17631.55,4272.91,Wallet,Processing
674,472,96,2025-10-26,4,18704.42,30.0,52372.38,14318.83,,Delivered
675,474,31,2025-10-13,4,7500.95,25.0,22502.85,5763.1,UPI,Delivered
676,280,63,2025-07-06,3,23080.16,5.0,65778.46,27084.34,Wallet,Delivered
677,1026,13,2024-07-10,5,6497.88,10.0,29240.46,8477.3,Wallet,Delivered
678,273,80,2025-12-20,1,4440.36,0.0,4440.36,1675.09,Debit Card,Returned
679,763,99,2025-03-17,2,2129.54,15.0,3620.22,1545.57,Net Banking,Delivered
680,693,54,2025-08-21,5,3017.65,5.0,14333.84,4460.49,Wallet,Delivered
681,173,34,2025-06-24,1,6016.67,5.0,5715.84,874.14,Debit Card,Cancelled
682,54,45,2024-02-26,5,2560.89,10.0,11524.0,1965.23,Net Banking,Delivered
683,882,18,2024-11-27,4,28107.47,20.0,89943.9,21608.62,Debit Card,Delivered
684,32,96,2025-09-05,1,18704.42,15.0,15898.76,5743.03,Net Banking,Delivered
685,1089,95,2024-05-01,4,10524.46,5.0,39992.95,6746.33,,Delivered
686,699,24,2024-10-17,2,11430.81,10.0,20575.46,5686.57,Cash on Delivery,Shipped
687,1063,20,2025-11-16,5,580.65,10.0,2612.93,847.08,Cash on Delivery,Shipped
688,839,98,2024-11-17,5,7242.33,25.0,27158.74,5701.02,Net Banking,Processing
689,970,26,2024-02-18,3,56093.06,15.0,143037.3,62470.51,Debit Card,Delivered
690,924,17,2024-07-25,2,41583.23,10.0,74849.81,26092.31,Credit Card,Shipped
691,769,59,2025-11-05,2,25615.37,5.0,48669.2,9835.68,Wallet,Delivered
692,112,23,2025-01-15,4,5380.88,25.0,16142.64,4242.7,Net Banking,Returned
693,302,88,2025-04-07,2,2398.33,5.0,4556.83,1579.25,Cash on Delivery,Delivered
694,470,20,2024-06-18,2,580.65,10.0,1045.17,259.61,Credit Card,Shipped
695,662,98,2025-10-19,2,7242.33,10.0,13036.19,2093.57,Cash on Delivery,Delivered
696,829,19,2025-01-29,1,3365.11,25.0,2523.83,662.12,UPI,Delivered
697,898,54,2024-07-25,2,3017.65,5.0,5733.53,1280.89,Wallet,Delivered
698,612,54,2024-10-18,1,3017.65,10.0,2715.89,885.46,Wallet,Shipped
699,500,81,2024-05-18,4,11328.45,25.0,33985.35,14131.41,Net Banking,Cancelled
700,1110,15,2025-01-14,4,27037.12,5.0,102741.06,32426.7,Net Banking,Delivered
701,392,3,2024-04-20,5,4826.77,5.0,22927.16,6237.73,Wallet,Delivered
702,361,72,2024-10-17,4,4148.6,15.0,14105.24,2281.09,Debit Card,Delivered
703,164,98,2025-07-05,4,7242.33,15.0,24623.92,9329.24,UPI,Cancelled
704,76,17,2025-02-23,1,41583.23,20.0,33266.58,11870.38,Debit Card,Processing
705,407,33,2024-03-19,5,4963.0,5.0,23574.25,9635.59,Cash on Delivery,Delivered
706,838,3,2025-11-24,3,4826.77,5.0,13756.29,5328.56,Net Banking,Cancelled
707,367,61,2025-10-31,5,3726.63,0.0,18633.15,3212.03,Credit Card,Shipped
708,625,76,2024-09-29,5,1202.91,30.0,4210.18,638.35,UPI,Delivered
709,34,95,2024-09-19,1,10524.46,5.0,9998.24,4279.91,Debit Card,Delivered
710,470,52,2024-10-15,1,2413.75,20.0,1931.0,386.18,UPI,Shipped
711,904,21,2025-01-27,4,727.97,5.0,2766.29,614.54,UPI,Delivered
712,681,5,2024-03-02,4,18086.09,30.0,50641.05,12671.64,Cash on Delivery,Returned
713,732,94,2025-12-16,1,4986.96,20.0,3989.57,1377.23,Wallet,Delivered
714,586,33,2025-12-13,4,4963.0,5.0,18859.4,6385.01,Cash on Delivery,Delivered
715,1026,75,2025-07-18,5,72689.52,10.0,327102.84,100829.44,UPI,Delivered
716,712,11,2025-01-03,3,11133.39,5.0,31730.16,10460.47,UPI,Cancelled
717,82,35,2025-06-20,2,13294.83,20.0,21271.73,3515.39,UPI,Delivered
718,551,46,2025-05-18,4,1075.79,20.0,3442.53,1262.32,Debit Card,Delivered
719,130,35,2025-12-27,4,13294.83,10.0,47861.39,18390.63,Net Banking,Processing
720,557,84,2024-03-28,3,4924.84,15.0,12558.34,4254.5,Cash on Delivery,Returned
721,992,90,2024-08-07,2,12971.56,0.0,25943.12,9274.89,Wallet,Delivered
722,246,36,2025-11-02,1,9396.66,10.0,8456.99,2718.25,Wallet,Delivered
723,36,55,2025-11-11,1,3119.28,30.0,2183.5,414.69,Cash on Delivery,Shipped
724,258,2,2025-02-19,4,19784.61,15.0,67267.67,26400.44,Cash on Delivery,Shipped
725,1152,9,2025-05-28,3,26733.44,5.0,76190.3,18629.98,Credit Card,Delivered
726,994,10,2024-10-19,3,46405.07,5.0,132254.45,37036.92,Cash on Delivery,Shipped
727,1108,36,2025-02-07,5,9396.66,15.0,39935.81,10459.25,Cash on Delivery,Delivered
728,170,2,2024-02-07,4,19784.61,25.0,59353.83,12329.13,Wallet,Delivered
729,629,53,2025-04-14,4,328.56,20.0,1051.39,436.69,Debit Card,Delivered
730,1075,81,2024-05-05,4,11328.45,15.0,38516.73,13023.76,Wallet,Delivered
731,1075,99,2025-09-24,1,2129.54,20.0,1703.63,595.76,Credit Card,Delivered
732,141,42,2025-02-05,2,1050.19,10.0,1890.34,490.16,Credit Card,Delivered
733,266,73,2024-05-20,5,2450.92,10.0,11029.14,3563.62,Net Banking,Delivered
734,597,27,2024-03-20,5,52193.82,5.0,247920.64,82866.03,Credit Card,Returned
735,374,59,2025-02-17,3,25615.37,15.0,65319.19,16282.57,UPI,Delivered
736,522,8,2025-05-27,3,2763.21,15.0,7046.19,2013.81,UPI,Processing
737,1047,99,2025-10-08,4,2129.54,15.0,7240.44,2890.12,Cash on Delivery,Processing
738,706,69,2025-11-12,5,23193.07,5.0,110167.08,26024.47,Cash on Delivery,Cancelled
739,821,69,2025-11-26,4,23193.07,15.0,78856.44,20416.49,Net Banking,Delivered
740,354,30,2025-08-28,4,23124.95,25.0,69374.85,24269.12,Wallet,Delivered
741,278,29,2024-01-12,5,1126.75,15.0,4788.69,766.15,UPI,Delivered
742,412,53,2025-07-31,3,328.56,30.0,689.98,187.87,Credit Card,Delivered
743,252,3,2024-11-26,5,4826.77,15.0,20513.77,4535.15,Net Banking,Delivered
744,941,40,2025-08-06,3,2090.32,5.0,5957.41,1315.15,Wallet,Delivered
745,11,33,2024-12-07,3,4963.0,25.0,11166.75,4951.15,UPI,Shipped
746,521,30,2024-03-21,2,23124.95,30.0,32374.93,13685.52,Cash on Delivery,Delivered
747,322,98,2025-01-03,1,7242.33,0.0,7242.33,1190.22,Credit Card,Shipped
748,1072,71,2025-02-07,1,4556.8,15.0,3873.28,977.93,Wallet,Processing
749,270,66,2025-02-26,3,4204.22,10.0,11351.39,3394.75,Cash on Delivery,Delivered
750,627,31,2024-11-23,2,7500.95,10.0,13501.71,5972.24,Cash on Delivery,Delivered
751,466,24,2025-01-09,4,11430.81,10.0,41150.92,15057.4,Cash on Delivery,Delivered
752,973,84,2024-05-07,3,4924.84,15.0,12558.34,2736.53,Cash on Delivery,Processing
753,617,95,2025-07-16,1,10524.46,20.0,8419.57,1998.55,Debit Card,Returned
754,249,90,2024-10-22,1,12971.56,15.0,11025.83,3219.27,Wallet,Delivered
755,173,92,2024-02-06,3,1199.49,0.0,3598.47,1599.57,Wallet,Delivered
756,934,89,2025-03-13,3,3476.46,10.0,9386.44,2620.75,Cash on Delivery,Delivered
757,295,95,2025-01-11,5,10524.46,10.0,47360.07,13798.62,Cash on Delivery,Returned
758,601,58,2024-10-15,1,3255.82,25.0,2441.87,979.57,Net Banking,Delivered
759,33,11,2024-12-13,4,11133.39,10.0,40080.2,6401.18,Debit Card,Delivered
760,499,6,2025-09-01,1,8514.19,20.0,6811.35,1534.98,Cash on Delivery,Delivered
761,718,65,2024-11-06,1,21959.36,5.0,20861.39,3553.03,UPI,Delivered
762,888,82,2024-03-22,2,16836.84,0.0,33673.68,12556.21,Wallet,Delivered
763,687,1,2024-07-29,2,309.05,30.0,432.67,150.32,Net Banking,Shipped
764,606,91,2025-02-06,5,952.87,15.0,4049.7,1083.02,Cash on Delivery,Shipped
765,306,80,2025-02-21,4,4440.36,20.0,14209.15,5773.47,Debit Card,Shipped
766,814,48,2024-08-07,5,1050.32,10.0,4726.44,1781.16,Wallet,Cancelled
767,208,25,2025-02-07,3,2695.33,10.0,7277.39,1314.16,Wallet,Shipped
768,547,20,2025-08-03,2,580.65,30.0,812.91,170.1,Net Banking,Delivered
769,530,96,2024-05-29,3,18704.42,0.0,56113.26,20873.91,Credit Card,Delivered
770,747,46,2025-03-02,1,1075.79,15.0,914.42,410.98,Debit Card,Processing
771,702,37,2024-12-18,1,16932.2,10.0,15238.98,4634.89,Wallet,Delivered
772,765,59,2024-02-01,2,25615.37,10.0,46107.67,19683.53,Wallet,Processing
773,1180,67,2025-08-30,4,18767.35,10.0,67562.46,22082.85,Wallet,Delivered
774,644,21,2024-08-06,2,727.97,15.0,1237.55,401.36,Wallet,Delivered
775,42,75,2025-04-22,2,72689.52,5.0,138110.09,55747.52,Credit Card,Shipped
776,876,87,2024-02-21,4,1767.23,15.0,6008.58,1674.38,UPI,Shipped
777,1003,18,2025-09-29,4,28107.47,30.0,78700.92,21224.45,UPI,Shipped
778,236,69,2024-09-07,5,23193.07,10.0,104368.82,18611.51,UPI,Delivered
779,994,87,2024-06-20,3,1767.23,15.0,4506.44,2020.84,Wallet,Delivered
780,765,8,2024-12-15,4,2763.21,10.0,9947.56,2873.62,Credit Card,Delivered
781,157,29,2025-01-11,5,1126.75,0.0,5633.75,1995.37,Credit Card,Delivered
782,386,64,2025-05-15,1,5281.37,10.0,4753.23,1219.4,Credit Card,Delivered
783,724,95,2025-09-24,5,10524.46,0.0,52622.3,18252.26,Credit Card,Delivered
784,250,66,2024-12-24,1,4204.22,10.0,3783.8,1393.32,Net Banking,Delivered
785,1110,100,2024-09-07,5,4404.3,0.0,22021.5,5572.21,Debit Card,Shipped
786,549,30,2025-03-12,2,23124.95,0.0,46249.9,15961.79,Wallet,Returned
787,546,19,2024-09-26,1,3365.11,20.0,2692.09,583.56,Credit Card,Processing
788,807,67,2025-05-22,1,18767.35,15.0,15952.25,3460.63,UPI,Cancelled
789,539,25,2025-06-21,1,2695.33,20.0,2156.26,804.36,UPI,Processing
790,39,79,2025-01-04,3,1836.83,0.0,5510.49,2421.32,Credit Card,Processing
791,700,49,2024-06-08,1,2372.32,10.0,2135.09,854.91,Credit Card,Delivered
792,136,23,2025-02-05,3,5380.88,10.0,14528.38,4454.7,Credit Card,Delivered
793,699,13,2025-02-16,1,6497.88,0.0,6497.88,2241.42,Net Banking,Delivered
794,863,39,2025-07-29,1,25526.93,0.0,25526.93,11282.28,Cash on Delivery,Delivered
795,701,6,2024-03-07,3,8514.19,0.0,25542.57,5343.67,Credit Card,Shipped
796,592,30,2025-07-02,4,23124.95,25.0,69374.85,10609.34,Net Banking,Delivered
797,132,13,2025-11-26,2,6497.88,5.0,12345.97,3588.95,Net Banking,Delivered
798,455,96,2025-07-11,1,18704.42,15.0,15898.76,5555.85,Credit Card,Processing
799,943,64,2024-10-22,1,5281.37,15.0,4489.16,1790.96,Cash on Delivery,Delivered
800,870,74,2024-10-20,4,7241.27,25.0,21723.81,4700.53,Cash on Delivery,Delivered
801,624,73,2024-11-28,3,2450.92,20.0,5882.21,1184.0,Credit Card,Delivered
802,165,21,2024-07-16,3,727.97,10.0,1965.52,770.66,UPI,Delivered
803,17,11,2025-08-17,2,11133.39,15.0,18926.76,6254.09,Cash on Delivery,Processing
804,506,92,2025-12-20,1,1199.49,0.0,1199.49,502.74,Net Banking,Returned
805,668,68,2024-12-26,4,3680.19,20.0,11776.61,4664.89,Net Banking,Processing
806,539,31,2025-09-25,1,7500.95,15.0,6375.81,2568.62,Credit Card,Returned
807,161,26,2024-12-15,4,56093.06,5.0,213153.63,56524.89,UPI,Delivered
808,792,87,2025-08-21,5,1767.23,25.0,6627.11,2324.53,Wallet,Shipped
809,694,56,2024-10-02,3,1831.05,15.0,4669.18,1260.31,Credit Card,Delivered
810,163,17,2024-05-09,5,41583.23,5.0,197520.34,76292.49,,Processing
811,242,55,2025-07-28,1,3119.28,20.0,2495.42,442.09,Wallet,Processing
812,1057,39,2025-12-26,2,25526.93,30.0,35737.7,5909.11,Net Banking,Delivered
813,627,87,2025-02-05,4,1767.23,20.0,5655.14,1024.23,UPI,Delivered
814,462,76,2025-04-12,4,1202.91,25.0,3608.73,675.72,Cash on Delivery,Shipped
815,627,96,2025-01-03,1,18704.42,30.0,13093.09,5639.75,Net Banking,Delivered
816,667,58,2025-02-19,5,3255.82,0.0,16279.1,4160.37,Debit Card,Shipped
817,1126,18,2025-02-22,4,28107.47,5.0,106808.39,43661.25,Debit Card,Delivered
818,177,33,2025-07-23,1,4963.0,20.0,3970.4,1082.16,Net Banking,Processing
819,211,98,2024-07-19,2,7242.33,5.0,13760.43,5633.26,Cash on Delivery,Delivered
820,717,61,2024-05-14,2,3726.63,30.0,5217.28,1951.45,Wallet,Delivered
821,673,22,2025-07-31,2,29648.84,25.0,44473.26,12061.67,UPI,Delivered
822,82,40,2024-03-07,5,2090.32,10.0,9406.44,2403.29,Debit Card,Delivered
823,200,88,2024-07-27,1,2398.33,20.0,1918.66,850.36,Cash on Delivery,Cancelled
824,366,5,2025-05-19,4,18086.09,15.0,61492.71,14354.17,Credit Card,Returned
825,963,64,2024-03-28,1,5281.37,15.0,4489.16,1814.12,Cash on Delivery,Delivered
826,58,83,2025-07-21,3,54575.66,20.0,130981.58,31184.57,UPI,Processing
827,261,25,2024-05-25,2,2695.33,0.0,5390.66,2039.46,Net Banking,Delivered
828,364,88,2024-05-07,1,2398.33,25.0,1798.75,386.43,Credit Card,Delivered
829,404,95,2025-06-06,2,10524.46,10.0,18944.03,3901.38,Wallet,Delivered
830,532,86,2024-09-26,2,1823.21,15.0,3099.46,1017.61,Net Banking,Delivered
831,1165,27,2025-05-30,3,52193.82,5.0,148752.39,28224.6,Wallet,Delivered
832,897,67,2025-06-30,2,18767.35,10.0,33781.23,10739.38,UPI,Delivered
833,302,75,2025-06-12,5,72689.52,,327102.84,112791.62,Wallet,Delivered
834,733,2,2024-04-13,3,19784.61,20.0,47483.06,7713.63,Wallet,Delivered
835,1035,2,2025-03-09,3,19784.61,30.0,41547.68,16972.33,UPI,Delivered
836,141,27,2025-07-13,5,52193.82,20.0,208775.28,90611.07,Cash on Delivery,Shipped
837,464,45,2024-11-16,1,2560.89,10.0,2304.8,690.65,Debit Card,Returned
838,396,68,2024-12-13,4,3680.19,20.0,11776.61,3001.11,Debit Card,Delivered
839,766,62,2024-10-28,2,385.07,10.0,693.13,165.03,Debit Card,Delivered
840,669,16,2024-05-02,5,1240.5,10.0,5582.25,983.16,Net Banking,Delivered
841,571,87,2025-09-17,2,1767.23,20.0,2827.57,1224.45,UPI,Delivered
842,358,9,2024-01-24,1,26733.44,20.0,21386.75,5613.32,Wallet,Delivered
843,1028,57,2024-08-25,4,1664.71,20.0,5327.07,1443.28,Wallet,Delivered
844,899,91,2025-12-15,1,952.87,10.0,857.58,158.98,UPI,Delivered
845,995,15,2025-07-29,2,27037.12,10.0,48666.82,8272.47,UPI,Delivered
846,1004,11,2025-12-12,4,11133.39,25.0,33400.17,12564.57,Net Banking,Delivered
847,593,3,2025-04-28,1,4826.77,20.0,3861.42,1600.6,Wallet,Shipped
848,658,66,2024-01-24,4,4204.22,20.0,13453.5,2463.08,Debit Card,Delivered
849,261,98,2024-04-21,5,7242.33,15.0,30779.9,10231.93,Net Banking,Processing
850,854,52,2024-08-09,2,2413.75,25.0,3620.62,1101.94,Wallet,Shipped
851,241,53,2024-06-05,4,328.56,20.0,1051.39,465.8,Net Banking,Delivered
852,95,52,2025-11-01,3,2413.75,25.0,5430.94,1690.49,Debit Card,Delivered
853,665,91,2024-08-28,3,952.87,10.0,2572.75,1123.46,Wallet,Delivered
854,134,71,2024-09-23,4,4556.8,10.0,16404.48,7059.53,Net Banking,Delivered
855,107,41,2024-11-26,5,4360.17,10.0,19620.76,8304.32,Debit Card,Cancelled
856,698,52,2025-07-29,2,2413.75,25.0,3620.62,937.88,Wallet,Returned
857,232,4,2024-11-17,5,7110.01,25.0,26662.54,4665.67,Debit Card,Processing
858,574,32,2024-05-22,2,5563.34,10.0,10014.01,2715.28,Net Banking,Shipped
859,170,35,2025-04-19,2,13294.83,10.0,23930.69,6002.13,UPI,Shipped
860,813,57,2024-04-02,2,1664.71,20.0,2663.54,1174.22,Cash on Delivery,Delivered
861,953,47,2025-02-25,2,3006.6,0.0,6013.2,2331.9,Wallet,Delivered
862,30,55,2024-07-13,3,3119.28,15.0,7954.16,2566.42,Cash on Delivery,Shipped
863,42,55,2024-10-07,1,3119.28,5.0,2963.32,1135.67,Cash on Delivery,Delivered
864,720,12,2024-10-10,1,2947.1,30.0,2062.97,733.88,Net Banking,Delivered
865,205,49,2024-07-05,4,2372.32,20.0,7591.42,1755.74,Debit Card,Delivered
866,242,32,2025-08-15,5,5563.34,30.0,19471.69,6631.36,Debit Card,Delivered
867,951,48,2024-02-17,3,1050.32,25.0,2363.22,953.36,UPI,Shipped
868,682,82,2025-09-14,4,16836.84,30.0,47143.15,8879.4,Net Banking,Delivered
869,173,86,2024-12-11,5,1823.21,5.0,8660.25,2311.74,Debit Card,Shipped
870,339,4,2024-03-09,1,7110.01,10.0,6399.01,1752.1,Cash on Delivery,Delivered
871,494,70,2024-03-21,3,2491.61,15.0,6353.61,2257.43,Wallet,Delivered
872,175,4,2025-11-21,4,7110.01,20.0,22752.03,9898.2,Credit Card,Shipped
873,556,24,2024-07-17,3,11430.81,10.0,30863.19,12843.65,UPI,Delivered
874,415,69,2025-01-16,1,23193.07,15.0,19714.11,3463.22,Wallet,Delivered
875,195,11,2024-07-30,2,11133.39,10.0,20040.1,7061.92,Wallet,Shipped
876,1039,100,2025-02-26,2,4404.3,10.0,7927.74,2111.49,Debit Card,Delivered
877,1088,17,2025-06-11,2,41583.23,5.0,79008.14,19504.77,Debit Card,Delivered
878,30,41,2025-10-21,5,4360.17,15.0,18530.72,5584.96,Wallet,Processing
879,404,4,2024-11-27,3,7110.01,0.0,21330.03,7032.98,Cash on Delivery,Processing
880,1181,13,2025-12-21,3,6497.88,15.0,16569.59,3707.18,Cash on Delivery,Shipped
881,736,47,2024-03-26,2,3006.6,15.0,5111.22,1903.68,Cash on Delivery,Delivered
882,585,40,2025-02-17,2,2090.32,10.0,3762.58,1129.87,Credit Card,Delivered
883,654,97,2025-06-28,3,1127.53,10.0,3044.33,1343.28,Cash on Delivery,Shipped
884,1012,93,2024-10-31,2,2525.17,20.0,4040.27,672.13,Credit Card,Delivered
885,843,14,2024-11-11,1,34858.1,0.0,34858.1,7906.28,Wallet,Returned
886,1178,2,2025-07-27,4,19784.61,30.0,55396.91,19480.65,UPI,Delivered
887,7,69,2024-10-04,1,23193.07,20.0,18554.46,2798.21,UPI,Processing
888,931,27,2024-10-12,5,52193.82,20.0,208775.28,56547.32,UPI,Cancelled
889,920,12,2024-06-27,2,2947.1,10.0,5304.78,1299.76,UPI,Returned
890,946,1,2024-08-03,5,309.05,0.0,1545.25,578.08,Debit Card,Delivered
891,227,60,2024-12-15,3,38860.34,10.0,104922.92,27571.29,Credit Card,Delivered
892,995,2,2024-09-07,3,19784.61,20.0,47483.06,9609.67,Cash on Delivery,Delivered
893,430,54,2024-05-28,5,3017.65,10.0,13579.43,4359.47,Debit Card,Delivered
894,1182,74,2025-05-30,2,7241.27,5.0,13758.41,3242.36,Wallet,Delivered
895,881,86,2024-12-23,5,1823.21,25.0,6837.04,2944.61,Cash on Delivery,Cancelled
896,909,11,2025-03-30,4,11133.39,0.0,44533.56,8603.44,Net Banking,Delivered
897,485,32,2025-12-19,5,5563.34,30.0,19471.69,2968.07,Debit Card,Delivered
898,572,20,2024-12-22,1,580.65,25.0,435.49,122.74,UPI,Delivered
899,220,8,2025-11-15,3,2763.21,25.0,6217.22,1485.78,UPI,Delivered
900,99,54,2024-10-13,4,3017.65,30.0,8449.42,2148.79,UPI,Delivered
901,352,79,2025-09-27,2,1836.83,5.0,3489.98,973.72,Debit Card,Delivered
902,17,55,2025-09-08,3,3119.28,10.0,8422.06,2166.73,Wallet,Delivered
903,806,57,2024-03-17,2,1664.71,15.0,2830.01,1127.71,Credit Card,Cancelled
904,1130,81,2024-09-03,5,11328.45,0.0,56642.25,12908.3,Cash on Delivery,Delivered
905,522,14,2024-08-29,4,34858.1,10.0,125489.16,36512.09,Debit Card,Delivered
906,625,52,2024-02-07,5,2413.75,15.0,10258.44,4471.12,Net Banking,Delivered
907,29,62,2024-10-01,4,385.07,20.0,1232.22,398.97,Cash on Delivery,Delivered
908,658,65,2024-08-16,1,21959.36,0.0,21959.36,4373.48,UPI,Delivered
909,858,64,2024-01-11,3,5281.37,10.0,14259.7,2851.26,Wallet,Delivered
910,839,7,2025-07-21,3,4635.61,10.0,12516.15,2902.93,Net Banking,Shipped
911,204,32,2025-07-24,5,5563.34,15.0,23644.19,6342.94,Cash on Delivery,Delivered
912,84,16,2024-11-22,1,1240.5,15.0,1054.42,233.12,Net Banking,Delivered
913,476,71,2024-10-25,5,4556.8,20.0,18227.2,3987.13,Credit Card,Delivered
914,1067,10,2025-05-24,1,46405.07,15.0,39444.31,15178.37,Wallet,Returned
915,27,18,2024-04-16,2,28107.47,5.0,53404.19,16589.81,Debit Card,Delivered
916,503,47,2025-11-09,1,3006.6,15.0,2555.61,470.22,Debit Card,Processing
917,293,24,2025-12-15,1,11430.81,15.0,9716.19,1909.67,Credit Card,Delivered
918,664,18,2025-06-25,2,28107.47,15.0,47782.7,9126.45,Cash on Delivery,Processing
919,1147,67,2024-05-16,4,18767.35,15.0,63808.99,18660.98,Net Banking,Shipped
920,557,31,2025-03-22,4,7500.95,5.0,28503.61,6824.37,Debit Card,Shipped
921,797,35,2025-05-27,2,13294.83,5.0,25260.18,4077.63,Debit Card,Delivered
922,1033,81,2024-10-20,3,11328.45,15.0,28887.55,4542.41,Cash on Delivery,Delivered
923,575,4,2024-09-06,3,7110.01,5.0,20263.53,5444.99,Wallet,Delivered
924,938,25,2024-11-18,2,2695.33,25.0,4042.99,1217.33,Cash on Delivery,Delivered
925,914,59,2025-04-18,3,25615.37,20.0,61476.89,17418.07,Wallet,Processing
926,336,28,2025-01-13,3,4976.19,15.0,12689.28,2100.13,Credit Card,Shipped
927,477,30,2024-12-21,4,23124.95,10.0,83249.82,23908.79,Cash on Delivery,Delivered
928,632,38,2024-09-11,2,2438.66,5.0,4633.45,971.6,Wallet,Shipped
929,115,54,2024-02-18,1,3017.65,5.0,2866.77,1136.12,Cash on Delivery,Returned
930,705,39,2025-10-03,2,25526.93,10.0,45948.47,18509.09,UPI,Returned
931,241,24,2025-12-28,2,11430.81,15.0,19432.38,5502.16,Net Banking,Shipped
932,272,99,2024-03-11,1,2129.54,0.0,2129.54,725.19,UPI,Returned
933,865,55,2025-10-11,4,3119.28,10.0,11229.41,2629.91,Wallet,Delivered
934,1160,95,2025-12-31,1,10524.46,20.0,8419.57,3151.86,Net Banking,Shipped
935,100,52,2024-04-07,5,2413.75,25.0,9051.56,2996.05,Debit Card,Cancelled
936,1137,43,2025-03-07,4,16482.05,5.0,62631.79,26739.87,UPI,Delivered
937,922,98,2024-10-29,2,7242.33,20.0,11587.73,3001.7,Net Banking,Delivered
938,758,94,2025-02-27,5,4986.96,15.0,21194.58,8353.87,Net Banking,Shipped
939,105,8,2024-04-27,3,2763.21,10.0,7460.67,2797.11,UPI,Delivered
940,969,53,2025-11-13,5,328.56,10.0,1478.52,529.98,Wallet,Delivered
941,1022,92,2025-09-08,4,1199.49,0.0,4797.96,1423.56,Wallet,Delivered
942,103,11,2025-01-07,1,11133.39,20.0,8906.71,3307.11,UPI,Delivered
943,1,64,2024-12-29,5,5281.37,15.0,22445.82,3923.65,Wallet,Cancelled
944,426,30,2024-06-21,2,23124.95,0.0,46249.9,7131.04,Cash on Delivery,Returned
945,333,45,2024-12-24,3,2560.89,15.0,6530.27,2399.8,Credit Card,Shipped
946,810,44,2025-01-18,3,4408.77,25.0,9919.73,4121.51,UPI,Shipped
947,36,11,2025-04-18,1,11133.39,0.0,11133.39,3796.38,Credit Card,Delivered
948,768,49,2025-05-08,4,2372.32,5.0,9014.82,3901.6,Cash on Delivery,Shipped
949,986,66,2025-12-28,3,4204.22,5.0,11982.03,2477.53,Credit Card,Shipped
950,91,67,2024-03-29,1,18767.35,10.0,16890.61,3962.02,Net Banking,Delivered
951,107,56,2025-03-16,1,1831.05,20.0,1464.84,606.46,Net Banking,Shipped
952,89,23,2024-02-16,5,5380.88,,21523.52,4457.38,Credit Card,Cancelled
953,16,33,2024-05-25,3,4963.0,20.0,11911.2,4870.54,Cash on Delivery,Delivered
954,870,11,2025-10-29,2,11133.39,15.0,18926.76,5764.74,Net Banking,Delivered
955,974,35,2025-05-15,4,13294.83,15.0,45202.42,13163.31,Cash on Delivery,Shipped
956,235,99,2024-10-13,5,2129.54,30.0,7453.39,2220.81,Credit Card,Delivered
957,703,99,2024-05-26,2,2129.54,30.0,2981.36,720.06,Wallet,Delivered
958,760,29,2024-02-07,1,1126.75,0.0,1126.75,483.04,Debit Card,Delivered
959,1107,73,2024-01-24,1,2450.92,20.0,1960.74,323.68,Wallet,Processing
960,892,15,2025-05-27,5,27037.12,10.0,121667.04,20101.82,Credit Card,Shipped
961,1179,79,2025-07-01,5,1836.83,5.0,8724.94,3084.21,Credit Card,Delivered
962,774,100,2025-02-21,4,4404.3,15.0,14974.62,5411.56,Cash on Delivery,Shipped
963,219,15,2025-10-05,5,27037.12,0.0,135185.6,25814.05,Cash on Delivery,Delivered
964,598,3,2024-12-31,2,4826.77,10.0,8688.19,1694.93,Credit Card,Processing
965,362,17,2025-01-03,4,41583.23,25.0,124749.69,25457.63,UPI,Delivered
966,511,71,2025-11-11,3,4556.8,10.0,12303.36,2733.14,Debit Card,Delivered
967,489,84,2025-01-21,1,4924.84,20.0,3939.87,631.42,Wallet,Cancelled
968,1195,81,2025-09-28,3,11328.45,30.0,23789.75,4083.06,Credit Card,Delivered
969,88,41,2025-02-10,1,4360.17,15.0,3706.14,888.87,Debit Card,Delivered
970,485,55,2025-02-23,2,3119.28,30.0,4366.99,1585.34,UPI,Delivered
971,1087,1,2024-12-10,5,309.05,25.0,1158.94,488.39,UPI,Delivered
972,183,6,2024-05-15,3,8514.19,0.0,25542.57,7281.86,Cash on Delivery,Delivered
973,1019,47,2024-06-28,3,3006.6,5.0,8568.81,3289.7,Debit Card,Delivered
974,78,22,2025-12-15,1,29648.84,10.0,26683.96,10990.27,Credit Card,Processing
975,706,93,2025-05-26,4,2525.17,15.0,8585.58,1768.89,Net Banking,Cancelled
976,486,44,2025-08-06,4,4408.77,15.0,14989.82,5555.45,UPI,Delivered
977,728,85,2024-03-04,1,2785.07,20.0,2228.06,342.1,UPI,Delivered
978,579,31,2025-03-18,5,7500.95,5.0,35629.51,13353.57,Cash on Delivery,Shipped
979,888,94,2025-05-28,2,4986.96,10.0,8976.53,1364.43,Debit Card,Delivered
980,212,64,2025-03-07,4,5281.37,5.0,20069.21,5284.97,UPI,Shipped
981,347,52,2024-12-01,2,2413.75,15.0,4103.38,1054.5,,Processing
982,965,25,2025-04-30,5,2695.33,25.0,10107.49,4144.33,Wallet,Returned
983,1099,90,2024-10-07,2,12971.56,0.0,25943.12,6973.7,Net Banking,Shipped
984,527,6,2025-01-18,5,8514.19,5.0,40442.4,7491.67,UPI,Delivered
985,25,74,2025-11-11,2,7241.27,10.0,13034.29,3789.05,Wallet,Shipped
986,301,40,2025-05-21,3,2090.32,10.0,5643.86,1279.39,UPI,Shipped
987,439,55,2024-11-30,4,3119.28,0.0,12477.12,5172.22,Credit Card,Shipped
988,789,32,2025-08-18,3,5563.34,15.0,14186.52,3571.46,Credit Card,Delivered
989,141,52,2024-02-07,4,2413.75,5.0,9172.25,3094.08,Debit Card,Cancelled
990,260,62,2024-06-22,5,385.07,0.0,1925.35,840.44,UPI,Delivered
991,255,61,2025-08-10,1,3726.63,10.0,3353.97,1450.76,Credit Card,Delivered
992,485,55,2025-03-20,1,3119.28,20.0,2495.42,954.99,Cash on Delivery,Cancelled
993,603,70,2024-05-29,1,2491.61,10.0,2242.45,492.61,Cash on Delivery,Delivered
994,374,68,2025-04-05,4,3680.19,30.0,10304.53,4097.66,UPI,Delivered
995,937,1,2025-03-11,2,309.05,25.0,463.58,94.6,Wallet,Delivered
996,1095,70,2024-11-24,1,2491.61,0.0,2491.61,441.37,Debit Card,Delivered
997,1010,46,2025-05-18,3,1075.79,,2581.9,987.98,Cash on Delivery,Shipped
998,852,3,2025-09-13,3,4826.77,5.0,13756.29,4246.37,UPI,Cancelled
999,613,97,2024-12-05,3,1127.53,5.0,3213.46,1268.11,Wallet,
1000,768,57,2025-02-08,5,1664.71,10.0,7491.19,2520.48,Wallet,Delivered
1001,902,26,2024-10-27,4,56093.06,10.0,201935.02,81280.93,Debit Card,Delivered
1002,127,95,2025-04-26,2,10524.46,15.0,17891.58,5365.72,Net Banking,Delivered
1003,701,51,2024-08-02,1,3311.31,25.0,2483.48,1074.33,Wallet,Delivered
1004,509,32,2025-07-28,2,5563.34,25.0,8345.01,3645.16,UPI,Processing
1005,432,66,2024-07-07,2,4204.22,5.0,7988.02,2737.47,UPI,Cancelled
1006,995,53,2024-05-08,2,328.56,5.0,624.26,257.95,Debit Card,Shipped
1007,517,35,2024-09-16,2,13294.83,25.0,19942.24,4497.07,Net Banking,Delivered
1008,929,3,2025-10-30,1,4826.77,15.0,4102.75,1833.21,,Cancelled
1009,413,55,2025-11-13,5,3119.28,15.0,13256.94,2797.11,Debit Card,Cancelled
1010,832,10,2024-06-13,2,46405.07,20.0,74248.11,22243.37,Credit Card,Delivered
1011,5,71,2024-01-18,3,4556.8,20.0,10936.32,3875.17,Wallet,Delivered
1012,1031,59,2025-04-08,5,25615.37,5.0,121673.01,42822.77,Wallet,Delivered
1013,473,57,2024-08-01,3,1664.71,0.0,4994.13,912.0,Debit Card,Delivered
1014,246,56,2025-03-10,4,1831.05,0.0,7324.2,1160.84,UPI,Shipped
1015,839,4,2024-06-04,4,7110.01,15.0,24174.03,10332.95,Cash on Delivery,Delivered
1016,817,8,2024-05-29,2,2763.21,10.0,4973.78,1813.6,Wallet,Delivered
1017,869,77,2024-10-04,4,1568.22,25.0,4704.66,1793.41,Net Banking,Delivered
1018,944,41,2024-08-13,1,4360.17,20.0,3488.14,1317.39,UPI,Shipped
1019,240,55,2025-12-10,1,3119.28,30.0,2183.5,449.15,Cash on Delivery,Shipped
1020,584,62,2024-12-14,1,385.07,5.0,365.82,115.63,Cash on Delivery,Delivered
1021,291,46,2025-07-22,3,1075.79,5.0,3066.0,481.53,Net Banking,
1022,19,8,2024-09-29,4,2763.21,5.0,10500.2,3045.5,Net Banking,Shipped
1023,804,10,2025-10-03,5,46405.07,10.0,208822.82,53724.97,Wallet,Shipped
1024,133,35,2025-09-06,1,13294.83,5.0,12630.09,4618.64,UPI,Delivered
1025,429,99,2024-09-26,3,2129.54,15.0,5430.33,881.4,Net Banking,Processing
1026,999,65,2024-09-05,3,21959.36,10.0,59290.27,20513.92,Debit Card,Delivered
1027,590,15,2024-10-09,2,27037.12,10.0,48666.82,17383.58,Cash on Delivery,Delivered
1028,199,36,2024-12-17,1,9396.66,20.0,7517.33,2925.68,Cash on Delivery,Delivered
1029,843,31,2024-10-07,1,7500.95,10.0,6750.85,1054.46,Credit Card,Delivered
1030,218,46,2025-06-14,1,1075.79,0.0,1075.79,431.92,Net Banking,Returned
1031,1088,11,2025-12-25,4,11133.39,20.0,35626.85,13195.05,Net Banking,Delivered
1032,871,94,2024-07-27,5,4986.96,30.0,17454.36,6730.9,Credit Card,Delivered
1033,204,93,2024-05-09,1,2525.17,25.0,1893.88,482.68,Net Banking,Processing
1034,693,89,2025-06-14,5,3476.46,30.0,12167.61,2037.26,UPI,Cancelled
1035,1127,63,2025-05-30,3,23080.16,15.0,58854.41,26220.75,Credit Card,Shipped
1036,600,37,2025-04-26,1,16932.2,15.0,14392.37,3729.16,Credit Card,Delivered
1037,1158,97,2024-01-27,4,1127.53,0.0,4510.12,1998.06,Credit Card,Delivered
1038,829,81,2025-09-05,3,11328.45,0.0,33985.35,11336.67,Credit Card,Shipped
1039,568,98,2025-08-05,5,7242.33,15.0,30779.9,6345.43,Debit Card,Delivered
1040,85,65,2025-11-06,1,21959.36,30.0,15371.55,5899.52,Debit Card,Delivered
1041,773,53,2025-02-11,5,328.56,10.0,1478.52,310.42,Net Banking,Shipped
1042,204,25,2025-02-11,3,2695.33,20.0,6468.79,1525.81,Credit Card,Delivered
1043,1178,23,2025-04-22,1,5380.88,30.0,3766.62,953.92,Net Banking,Shipped
1044,972,90,2025-08-29,4,12971.56,15.0,44103.3,11019.76,UPI,Delivered
1045,209,15,2025-01-30,4,27037.12,25.0,81111.36,20429.94,Cash on Delivery,Returned
1046,44,96,2024-04-11,2,18704.42,30.0,26186.19,5726.66,Credit Card,Returned
1047,1105,81,2025-08-18,4,11328.45,10.0,40782.42,14352.78,Credit Card,Cancelled
1048,1137,29,2024-09-19,2,1126.75,10.0,2028.15,714.24,Debit Card,Cancelled
1049,525,2,2024-01-01,3,19784.61,30.0,41547.68,11932.87,Credit Card,Delivered
1050,541,2,2024-02-24,3,19784.61,0.0,59353.83,24453.19,Credit Card,Delivered
1051,278,31,2024-07-31,1,7500.95,30.0,5250.66,2167.76,Credit Card,Cancelled
1052,460,78,2024-03-18,3,2305.12,25.0,5186.52,1467.32,Debit Card,Delivered
1053,376,74,2024-11-16,4,7241.27,10.0,26068.57,11368.8,Wallet,Processing
1054,10,69,2024-08-23,5,23193.07,15.0,98570.55,17126.63,UPI,Delivered
1055,105,6,2024-10-30,3,8514.19,20.0,20434.06,6276.73,Cash on Delivery,Delivered
1056,1078,16,2024-09-05,3,1240.5,10.0,3349.35,1017.18,Debit Card,Processing
1057,501,32,2025-10-24,4,5563.34,5.0,21140.69,5957.08,Debit Card,Delivered
1058,451,1,2024-03-19,4,309.05,25.0,927.15,187.36,Wallet,Cancelled
1059,180,15,2024-10-21,3,27037.12,10.0,73000.22,13416.29,Wallet,Delivered
1060,228,74,2025-05-16,3,7241.27,20.0,17379.05,6422.63,UPI,Shipped
1061,710,88,2024-08-17,4,2398.33,5.0,9113.65,3966.72,Debit Card,Delivered
1062,54,70,2025-02-27,5,2491.61,5.0,11835.15,4547.16,Debit Card,Returned
1063,815,12,2025-03-27,2,2947.1,15.0,5010.07,2253.86,Debit Card,Delivered
1064,1106,43,2025-05-13,5,16482.05,20.0,65928.2,16784.24,Net Banking,Processing
1065,279,43,2025-01-05,3,16482.05,20.0,39556.92,11055.05,UPI,Delivered
1066,614,100,2024-07-07,1,4404.3,0.0,4404.3,1430.48,Debit Card,Delivered
1067,21,57,2024-05-11,4,1664.71,15.0,5660.01,1369.41,Net Banking,Delivered
1068,1,5,2025-05-25,3,18086.09,20.0,43406.62,10899.24,Cash on Delivery,Shipped
1069,895,74,2024-11-22,4,7241.27,20.0,23172.06,9912.87,Debit Card,Delivered
1070,76,47,2025-01-20,5,3006.6,10.0,13529.7,4971.69,Cash on Delivery,Processing
1071,820,25,2025-03-30,5,2695.33,5.0,12802.82,4380.59,Cash on Delivery,Delivered
1072,482,37,2024-01-03,2,16932.2,10.0,30477.96,10847.49,Credit Card,Processing
1073,1175,5,2025-09-06,2,18086.09,0.0,36172.18,6178.42,UPI,Returned
1074,949,75,2025-10-27,5,72689.52,20.0,290758.08,104101.21,Credit Card,Cancelled
1075,298,42,2024-11-26,2,1050.19,25.0,1575.29,313.45,UPI,Delivered
1076,1160,3,2024-06-26,5,4826.77,10.0,21720.47,6691.23,Credit Card,Delivered
1077,621,80,2025-03-04,2,4440.36,20.0,7104.58,1381.62,Wallet,Delivered
1078,725,44,2024-05-17,2,4408.77,20.0,7054.03,2181.53,UPI,Delivered
1079,998,99,2025-04-11,4,2129.54,25.0,6388.62,2035.05,Cash on Delivery,Delivered
1080,1147,34,2024-05-15,2,6016.67,25.0,9025.01,2710.16,Wallet,Delivered
1081,221,31,2024-02-13,4,7500.95,25.0,22502.85,7779.32,Cash on Delivery,Shipped
1082,74,47,2025-06-24,5,3006.6,15.0,12778.05,1965.12,,Delivered
1083,247,58,2024-10-20,4,3255.82,15.0,11069.79,2095.08,Debit Card,Delivered
1084,727,43,2024-03-30,2,16482.05,5.0,31315.89,13842.53,,Delivered
1085,750,58,2025-01-27,5,3255.82,20.0,13023.28,2545.05,Debit Card,Delivered
1086,416,40,2025-12-13,1,2090.32,20.0,1672.26,488.64,Debit Card,Delivered
1087,972,59,2024-09-12,2,25615.37,0.0,51230.74,19428.29,Debit Card,Delivered
1088,232,19,2025-10-11,4,3365.11,25.0,10095.33,2860.17,Debit Card,Delivered
1089,569,19,2025-04-21,5,3365.11,15.0,14301.72,2447.54,UPI,Shipped
1090,373,45,2025-07-18,3,2560.89,0.0,7682.67,1262.48,Wallet,Delivered
1091,1165,84,2024-12-08,3,4924.84,15.0,12558.34,4297.3,Credit Card,Delivered
1092,995,38,2024-12-25,2,2438.66,20.0,3901.86,1203.76,Net Banking,Shipped
1093,908,49,2024-08-18,4,2372.32,20.0,7591.42,1800.44,Debit Card,Delivered
1094,988,86,2024-05-21,4,1823.21,0.0,7292.84,2802.74,Cash on Delivery,Processing
1095,437,44,2024-01-19,3,4408.77,30.0,9258.42,3513.09,Cash on Delivery,Delivered
1096,24,6,2024-06-27,2,8514.19,20.0,13622.7,3819.17,Cash on Delivery,Delivered
1097,1135,53,2025-02-16,1,328.56,20.0,262.85,69.84,Cash on Delivery,Processing
1098,27,42,2025-07-12,1,1050.19,15.0,892.66,240.62,Credit Card,Delivered
1099,1121,20,2025-01-19,4,580.65,30.0,1625.82,450.54,Debit Card,Shipped
1100,682,60,2024-11-18,1,38860.34,10.0,34974.31,6292.73,UPI,Processing
1101,694,93,2025-11-17,1,2525.17,15.0,2146.39,589.36,UPI,Delivered
1102,252,10,2025-07-25,3,46405.07,15.0,118332.93,43771.8,Cash on Delivery,Delivered
1103,909,3,2024-04-29,1,4826.77,15.0,4102.75,1465.09,Net Banking,Delivered
1104,1159,68,2024-03-02,5,3680.19,20.0,14720.76,5866.93,UPI,Delivered
1105,61,43,2025-02-25,2,16482.05,15.0,28019.48,8526.11,Debit Card,Processing
1106,134,43,2024-11-07,5,16482.05,0.0,82410.25,21598.08,Net Banking,Delivered
1107,224,50,2025-07-07,2,12152.7,30.0,17013.78,6477.95,Credit Card,Cancelled
1108,1096,95,2024-11-03,1,10524.46,10.0,9472.01,1451.1,Credit Card,Shipped
1109,1137,55,2025-05-22,1,3119.28,25.0,2339.46,993.94,Credit Card,Delivered
1110,57,54,2024-12-13,4,3017.65,20.0,9656.48,3772.89,Wallet,Delivered
1111,673,79,2025-09-12,3,1836.83,5.0,5234.97,1733.73,Cash on Delivery,Returned
1112,752,71,2025-04-28,1,4556.8,20.0,3645.44,1366.09,UPI,Cancelled
1113,115,39,2025-11-21,1,25526.93,10.0,22974.24,8579.51,Cash on Delivery,Delivered
1114,283,2,2025-07-14,4,19784.61,10.0,71224.6,30623.65,Wallet,
1115,537,44,2025-06-30,1,4408.77,25.0,3306.58,521.63,Credit Card,Processing
1116,63,85,2025-04-17,5,2785.07,15.0,11836.55,4869.64,Credit Card,Delivered
1117,340,100,2024-06-24,4,4404.3,5.0,16736.34,5271.78,Credit Card,Delivered
1118,1141,82,2025-10-20,4,16836.84,10.0,60612.62,14619.6,Wallet,Shipped
1119,720,78,2024-05-12,2,2305.12,0.0,4610.24,1838.05,Cash on Delivery,Processing
1120,740,52,2025-07-06,2,2413.75,0.0,4827.5,2147.34,Net Banking,Processing
1121,47,55,2024-10-30,4,3119.28,5.0,11853.26,3885.18,Debit Card,Delivered
1122,1104,70,2024-02-14,2,2491.61,15.0,4235.74,696.32,Net Banking,Cancelled
1123,752,75,2024-05-03,1,72689.52,15.0,61786.09,11193.75,Credit Card,Returned
1124,521,90,2025-04-21,1,12971.56,15.0,11025.83,2660.7,UPI,Delivered
1125,991,35,2024-10-17,4,13294.83,5.0,50520.35,17454.68,Credit Card,Processing
1126,828,8,2025-01-14,3,2763.21,25.0,6217.22,1914.71,Wallet,Delivered
1127,1114,78,2025-05-09,2,2305.12,25.0,3457.68,946.91,UPI,Delivered
1128,473,55,2025-01-24,4,3119.28,5.0,11853.26,2033.46,Wallet,Delivered
1129,193,77,2025-02-27,5,1568.22,10.0,7056.99,3020.96,Wallet,Processing
1130,966,45,2024-09-02,5,2560.89,20.0,10243.56,4019.44,Net Banking,Shipped
1131,331,44,2025-09-05,1,4408.77,25.0,3306.58,1165.89,Credit Card,Delivered
1132,1122,52,2025-01-11,4,2413.75,10.0,8689.5,1777.96,Debit Card,Shipped
1133,496,78,2024-10-14,3,2305.12,5.0,6569.59,2785.12,Credit Card,Delivered
1134,932,41,2025-01-07,4,4360.17,10.0,15696.61,3843.0,Debit Card,Shipped
1135,156,98,2025-04-12,1,7242.33,15.0,6155.98,2653.4,Credit Card,Shipped
1136,970,99,2024-11-09,2,2129.54,10.0,3833.17,1462.98,Cash on Delivery,Delivered
1137,90,8,2024-07-02,5,2763.21,20.0,11052.84,2452.68,Credit Card,Processing
1138,1050,84,2024-11-11,4,4924.84,10.0,17729.42,3010.01,UPI,Returned
1139,1172,77,2025-03-10,2,1568.22,5.0,2979.62,554.41,UPI,Delivered
1140,171,5,2024-10-03,2,18086.09,20.0,28937.74,4691.66,Credit Card,Processing
1141,1092,49,2025-05-26,3,2372.32,25.0,5337.72,1476.24,Wallet,Shipped
1142,596,70,2024-06-22,4,2491.61,25.0,7474.83,2001.92,UPI,Delivered
1143,1154,30,2025-07-28,5,23124.95,15.0,98281.04,25471.14,Debit Card,Returned
1144,87,9,2025-10-14,5,26733.44,10.0,120300.48,28942.3,Net Banking,Processing
1145,1052,79,2025-03-06,5,1836.83,15.0,7806.53,2760.64,Wallet,Processing
1146,598,33,2024-07-12,1,4963.0,20.0,3970.4,1257.31,Credit Card,Processing
1147,630,15,2025-03-21,2,27037.12,5.0,51370.53,12361.78,UPI,Delivered
1148,912,17,2024-12-15,4,41583.23,20.0,133066.34,20266.63,UPI,Processing
1149,511,23,2025-11-26,4,5380.88,10.0,19371.17,8541.66,UPI,Delivered
1150,216,80,2024-05-23,4,4440.36,10.0,15985.3,3562.93,Cash on Delivery,Returned
1151,226,58,2024-03-28,3,3255.82,20.0,7813.97,3288.69,Debit Card,Delivered
1152,514,46,2025-08-30,3,1075.79,25.0,2420.53,582.47,Cash on Delivery,Delivered
1153,246,83,2025-05-21,5,54575.66,15.0,231946.56,35789.68,Cash on Delivery,Delivered
1154,1050,4,2024-02-20,4,7110.01,20.0,22752.03,9479.72,Credit Card,Delivered
1155,5,61,2024-10-16,5,3726.63,25.0,13974.86,3084.48,Cash on Delivery,Delivered
1156,490,34,2025-05-04,4,6016.67,15.0,20456.68,3187.08,Credit Card,Delivered
1157,711,65,2024-11-26,4,21959.36,25.0,65878.08,21048.43,Debit Card,Delivered
1158,598,35,2025-03-25,4,13294.83,15.0,45202.42,9946.02,Credit Card,Delivered
1159,464,57,2024-01-03,1,1664.71,10.0,1498.24,658.6,Wallet,Returned
1160,204,67,2025-12-30,1,18767.35,15.0,15952.25,3460.01,Cash on Delivery,Cancelled
1161,577,52,2025-02-21,1,2413.75,20.0,1931.0,298.57,Net Banking,Delivered
1162,310,40,2024-09-21,5,2090.32,20.0,8361.28,2813.39,Debit Card,Returned
1163,1110,79,2025-03-02,1,1836.83,20.0,1469.46,320.55,Wallet,Delivered
1164,620,32,2025-09-02,4,5563.34,5.0,21140.69,7528.84,Debit Card,Delivered
1165,1199,69,2025-02-07,1,23193.07,15.0,19714.11,6115.51,Net Banking,Delivered
1166,1008,67,2025-11-10,2,18767.35,5.0,35657.96,8705.9,Wallet,Delivered
1167,1099,83,2024-02-02,4,54575.66,10.0,196472.38,73728.8,Net Banking,Processing
1168,516,16,2025-08-04,2,1240.5,10.0,2232.9,721.55,UPI,Delivered
1169,874,15,2024-02-25,2,27037.12,25.0,40555.68,12452.04,Debit Card,Delivered
1170,893,85,2024-12-05,4,2785.07,5.0,10583.27,3969.35,Net Banking,Returned
1171,614,87,2025-06-06,4,1767.23,5.0,6715.47,2961.07,Wallet,Returned
1172,211,28,2025-08-19,5,4976.19,30.0,17416.66,7071.61,Net Banking,Delivered
1173,944,19,2024-05-21,2,3365.11,30.0,4711.15,892.84,UPI,Delivered
1174,123,9,2025-03-10,1,26733.44,15.0,22723.42,6241.05,UPI,Delivered
1175,413,30,2025-02-12,2,23124.95,30.0,32374.93,10791.82,Debit Card,Delivered
1176,703,4,2025-05-28,4,7110.01,0.0,28440.04,6447.78,UPI,Shipped
1177,145,27,2025-05-30,2,52193.82,30.0,73071.35,30595.04,Credit Card,Delivered
1178,220,75,2024-07-25,1,72689.52,20.0,58151.62,16985.13,Net Banking,Shipped
1179,1119,44,2024-02-02,4,4408.77,0.0,17635.08,6280.43,Credit Card,Delivered
1180,822,9,2024-02-27,5,26733.44,20.0,106933.76,44206.9,Debit Card,Shipped
1181,303,78,2024-11-02,4,2305.12,5.0,8759.46,1825.57,UPI,Cancelled
1182,258,68,2025-05-31,2,3680.19,20.0,5888.3,1755.13,UPI,Delivered
1183,291,43,2024-04-07,4,16482.05,20.0,52742.56,9557.32,Credit Card,Shipped
1184,328,11,2025-05-16,5,11133.39,15.0,47316.91,15742.02,Cash on Delivery,Processing
1185,1002,31,2024-08-29,2,7500.95,15.0,12751.61,4714.49,Credit Card,Delivered
1186,40,21,2025-05-23,4,727.97,10.0,2620.69,1063.69,Wallet,Processing
1187,604,27,2025-03-29,5,52193.82,15.0,221823.73,84339.65,Cash on Delivery,Delivered
1188,596,13,2025-07-23,5,6497.88,25.0,24367.05,5355.85,UPI,Cancelled
1189,449,90,2025-10-10,2,12971.56,15.0,22051.65,4300.59,UPI,Delivered
1190,453,73,2024-08-01,1,2450.92,25.0,1838.19,571.39,Credit Card,Shipped
1191,937,97,2024-09-16,2,1127.53,20.0,1804.05,799.5,Wallet,Delivered
1192,125,54,2024-08-16,4,3017.65,15.0,10260.01,3861.87,Debit Card,Delivered
1193,887,68,2025-03-21,1,3680.19,20.0,2944.15,504.2,Credit Card,Delivered
1194,853,34,2025-04-25,5,6016.67,30.0,21058.34,3384.25,Net Banking,Delivered
1195,721,62,2025-07-28,5,385.07,0.0,1925.35,562.0,Wallet,Shipped
1196,784,47,2024-09-26,4,3006.6,5.0,11425.08,3229.36,Credit Card,Cancelled
1197,349,90,2025-08-19,2,12971.56,5.0,24645.96,5258.51,Net Banking,Delivered
1198,870,88,2024-10-11,5,2398.33,20.0,9593.32,2539.93,UPI,Delivered
1199,198,92,2024-03-16,4,1199.49,,3598.47,1107.16,Net Banking,Returned
1200,546,29,2025-12-02,4,1126.75,20.0,3605.6,1122.34,Wallet,Delivered
1201,46,39,2025-12-23,5,25526.93,10.0,114871.18,25614.52,UPI,Returned
1202,1108,10,2025-11-23,4,46405.07,15.0,157777.24,24251.6,Net Banking,Delivered
1203,1136,19,2025-10-23,5,3365.11,20.0,13460.44,3891.53,Cash on Delivery,Delivered
1204,159,57,2025-11-21,5,1664.71,10.0,7491.19,2132.51,Net Banking,Cancelled
1205,929,92,2025-12-28,3,1199.49,15.0,3058.7,1120.22,Cash on Delivery,Delivered
1206,542,45,2025-01-23,5,2560.89,10.0,11524.0,4245.03,Net Banking,Delivered
1207,864,14,2024-09-25,4,34858.1,5.0,132460.78,54919.15,Debit Card,Delivered
1208,1199,40,2025-10-17,3,2090.32,20.0,5016.77,1413.35,Net Banking,Delivered
1209,498,85,2024-01-29,5,2785.07,10.0,12532.82,2767.81,UPI,Cancelled
1210,652,19,2025-08-09,3,3365.11,25.0,7571.5,1207.12,UPI,Shipped
1211,404,12,2024-11-09,5,2947.1,15.0,12525.17,4363.17,UPI,Delivered
1212,1061,58,2025-09-15,4,3255.82,10.0,11720.95,1845.98,Cash on Delivery,Delivered
1213,818,52,2025-12-09,3,2413.75,5.0,6879.19,1679.46,Net Banking,Returned
1214,517,69,2025-12-06,5,23193.07,5.0,110167.08,25911.97,Cash on Delivery,Delivered
1215,1153,83,2024-09-14,3,54575.66,30.0,114608.89,38585.6,Debit Card,Returned
1216,316,86,2025-01-22,1,1823.21,25.0,1367.41,402.65,Wallet,Delivered
1217,198,56,2024-10-21,5,1831.05,30.0,6408.67,2252.67,UPI,Delivered
1218,887,92,2025-03-22,3,1199.49,25.0,2698.85,851.18,Cash on Delivery,Delivered
1219,847,26,2025-05-05,1,56093.06,10.0,50483.75,9511.48,Debit Card,Delivered
1220,503,92,2025-06-24,1,1199.49,5.0,1139.52,192.84,Credit Card,Delivered
1221,57,42,2024-07-12,3,1050.19,5.0,2993.04,1094.54,Debit Card,Delivered
1222,267,33,2025-10-18,5,4963.0,10.0,22333.5,7459.96,Debit Card,Returned
1223,485,12,2024-03-29,5,2947.1,10.0,13261.95,2162.31,Debit Card,Delivered
1224,379,85,2025-01-15,1,2785.07,20.0,2228.06,563.27,Credit Card,Shipped
1225,843,20,2025-04-11,4,580.65,10.0,2090.34,314.38,Credit Card,Delivered
1226,879,52,2025-09-25,3,2413.75,15.0,6155.06,2331.57,Net Banking,Shipped
1227,1153,38,2024-12-16,1,2438.66,20.0,1950.93,847.56,Cash on Delivery,Delivered
1228,807,92,2024-11-12,4,1199.49,0.0,4797.96,1198.79,Wallet,Shipped
1229,1089,87,2024-06-06,1,1767.23,20.0,1413.78,445.29,Cash on Delivery,Delivered
1230,515,10,2024-10-08,4,46405.07,0.0,185620.28,59858.87,Net Banking,Shipped
1231,162,50,2024-11-04,1,12152.7,10.0,10937.43,3468.38,Wallet,Cancelled
1232,803,9,2025-02-06,2,26733.44,0.0,53466.88,8750.38,Cash on Delivery,Delivered
1233,183,36,2024-01-04,2,9396.66,0.0,18793.32,4002.71,Wallet,Delivered
1234,289,56,2024-05-12,2,1831.05,20.0,2929.68,501.06,Wallet,Cancelled
1235,620,91,2024-09-22,3,952.87,5.0,2715.68,955.75,UPI,Shipped
1236,351,10,2024-01-19,4,46405.07,20.0,148496.22,61324.08,UPI,Delivered
1237,279,11,2025-01-09,4,11133.39,5.0,42306.88,17181.19,Debit Card,Processing
1238,277,82,2024-05-26,1,16836.84,25.0,12627.63,2362.69,UPI,Delivered
1239,376,27,2025-07-12,1,52193.82,20.0,41755.06,15658.03,Cash on Delivery,Processing
1240,1118,85,2025-03-06,5,2785.07,25.0,10444.01,2419.58,UPI,Processing
1241,799,8,2024-09-03,4,2763.21,20.0,8842.27,1441.37,Wallet,Delivered
1242,697,80,2024-11-06,5,4440.36,25.0,16651.35,4497.09,Cash on Delivery,Delivered
1243,1008,2,2024-12-19,4,19784.61,25.0,59353.83,25534.46,Credit Card,Returned
1244,478,37,2025-01-01,3,16932.2,10.0,45716.94,14974.96,Credit Card,Delivered
1245,936,67,2024-08-14,3,18767.35,,47856.74,12766.39,UPI,Delivered
1246,21,50,2024-05-01,2,12152.7,20.0,19444.32,8049.15,UPI,Shipped
1247,1064,18,2024-09-19,1,28107.47,5.0,26702.1,7943.31,Wallet,Processing
1248,775,98,2024-04-03,2,7242.33,20.0,11587.73,4128.46,Net Banking,Delivered
1249,377,16,2025-11-16,1,1240.5,25.0,930.38,313.53,Debit Card,Processing
1250,629,53,2024-09-28,2,328.56,0.0,657.12,200.9,Net Banking,Delivered
1251,405,25,2024-03-17,2,2695.33,20.0,4312.53,1068.51,Debit Card,Delivered
1252,897,32,2025-12-27,3,5563.34,20.0,13352.02,3043.18,UPI,Delivered
1253,1096,44,2024-01-29,4,4408.77,20.0,14108.06,5768.03,UPI,Delivered
1254,952,59,2024-12-31,2,25615.37,20.0,40984.59,12748.95,Net Banking,Delivered
1255,1025,50,2025-01-16,2,12152.7,15.0,20659.59,6430.25,UPI,Delivered
1256,937,79,2024-05-26,4,1836.83,0.0,7347.32,2800.78,Debit Card,Delivered
1257,9,49,2024-02-10,2,2372.32,15.0,4032.94,752.05,Debit Card,Delivered
1258,653,73,2024-02-15,2,2450.92,15.0,4166.56,1020.34,UPI,Delivered
1259,478,19,2024-08-23,2,3365.11,10.0,6057.2,984.16,UPI,Delivered
1260,245,90,2024-09-15,4,12971.56,5.0,49291.93,16156.16,UPI,Delivered
1261,906,10,2024-07-02,4,46405.07,15.0,157777.24,67350.39,Cash on Delivery,Delivered
1262,1036,36,2025-12-03,4,9396.66,10.0,33827.98,12903.0,Wallet,Processing
1263,332,37,2025-09-14,1,16932.2,15.0,14392.37,4363.47,Net Banking,Shipped
1264,1021,70,2025-10-02,5,2491.61,15.0,10589.34,3176.24,Cash on Delivery,Returned
1265,666,96,2025-08-13,5,18704.42,20.0,74817.68,20704.46,Debit Card,Cancelled
1266,312,58,2024-01-08,1,3255.82,10.0,2930.24,803.33,Credit Card,Delivered
1267,533,18,2025-10-04,1,28107.47,5.0,26702.1,9222.57,UPI,Shipped
1268,17,82,2024-06-30,4,16836.84,10.0,60612.62,17968.68,Debit Card,Cancelled
1269,789,15,2024-05-18,2,27037.12,20.0,43259.39,18892.7,Debit Card,Returned
1270,996,93,2025-03-20,5,2525.17,10.0,11363.27,3698.63,Wallet,Delivered
1271,681,4,2024-03-27,2,7110.01,15.0,12087.02,3598.25,Wallet,Shipped
1272,262,28,2024-05-12,1,4976.19,5.0,4727.38,1139.3,Credit Card,Delivered
1273,80,74,2024-04-21,1,7241.27,10.0,6517.14,1042.17,UPI,Delivered
1274,65,81,2024-01-30,3,11328.45,10.0,30586.82,12318.72,,Delivered
1275,577,93,2024-08-28,2,2525.17,0.0,5050.34,1022.27,Wallet,Cancelled
1276,553,14,2024-08-11,3,34858.1,25.0,78430.72,31253.96,Net Banking,Processing
1277,554,64,2025-02-15,5,5281.37,5.0,25086.51,8022.01,Cash on Delivery,Returned
1278,155,85,2024-02-15,5,2785.07,25.0,10444.01,3757.46,UPI,Delivered
1279,69,29,2024-08-26,4,1126.75,5.0,4281.65,1337.33,Debit Card,Delivered
1280,641,79,2024-07-02,2,1836.83,20.0,2938.93,1174.15,UPI,Delivered
1281,917,34,2024-10-31,3,6016.67,20.0,14440.01,4644.14,Cash on Delivery,Shipped
1282,1046,91,2025-09-04,2,952.87,5.0,1810.45,283.56,Cash on Delivery,Processing
1283,1189,58,2025-07-07,1,3255.82,5.0,3093.03,821.82,Wallet,Shipped
1284,500,57,2024-09-29,2,1664.71,5.0,3162.95,1276.06,Net Banking,Delivered
1285,67,82,2024-05-13,3,16836.84,30.0,35357.36,7960.86,Net Banking,Delivered
1286,923,78,2025-08-19,2,2305.12,20.0,3688.19,1542.86,Wallet,Shipped
1287,1114,13,2025-08-12,1,6497.88,20.0,5198.3,1037.4,Wallet,Delivered
1288,191,72,2025-10-10,4,4148.6,0.0,16594.4,3877.84,UPI,Processing
1289,304,52,2025-05-03,3,2413.75,10.0,6517.12,2466.48,Credit Card,Processing
1290,907,34,2024-08-22,1,6016.67,5.0,5715.84,2485.37,Credit Card,Delivered
1291,594,3,2024-11-02,4,4826.77,5.0,18341.73,4456.19,Debit Card,Processing
1292,652,64,2025-12-03,4,5281.37,0.0,21125.48,4755.48,Debit Card,Delivered
1293,991,23,2025-03-01,1,5380.88,25.0,4035.66,1809.63,UPI,Delivered
1294,592,88,2025-04-22,4,2398.33,25.0,7194.99,1652.66,Credit Card,Delivered
1295,920,36,2024-05-20,5,9396.66,20.0,37586.64,12414.87,Cash on Delivery,Delivered
1296,410,2,2024-02-29,2,19784.61,0.0,39569.22,15991.44,UPI,Cancelled
1297,834,80,2025-07-20,5,4440.36,15.0,18871.53,4959.08,,Shipped
1298,149,71,2024-07-23,4,4556.8,30.0,12759.04,2409.1,Net Banking,Delivered
1299,14,74,2025-10-13,1,7241.27,0.0,7241.27,3197.37,Wallet,Shipped
1300,205,85,2024-09-22,5,2785.07,30.0,9747.74,2826.71,UPI,Delivered
1301,922,52,2025-06-05,3,2413.75,15.0,6155.06,1637.96,Cash on Delivery,Delivered
1302,1063,31,2024-12-21,3,7500.95,25.0,16877.14,6045.88,UPI,Delivered
1303,367,100,2025-11-06,3,4404.3,5.0,12552.26,4648.63,Cash on Delivery,Returned
1304,424,60,2024-11-10,3,38860.34,15.0,99093.87,32559.48,Credit Card,Delivered
1305,1172,87,2025-04-10,1,1767.23,25.0,1325.42,281.58,Wallet,Shipped
1306,91,92,2025-07-17,3,1199.49,15.0,3058.7,1330.82,Net Banking,Delivered
1307,956,73,2024-02-08,1,2450.92,5.0,2328.37,699.32,Debit Card,Processing
1308,197,65,2025-08-13,5,21959.36,0.0,109796.8,35314.83,Wallet,Processing
1309,769,37,2025-07-29,4,16932.2,15.0,57569.48,19909.68,Debit Card,Shipped
1310,332,39,2024-04-07,1,25526.93,15.0,21697.89,9038.23,Wallet,Shipped
1311,769,44,2025-05-31,2,4408.77,30.0,6172.28,1444.97,Wallet,Processing
1312,712,83,2025-02-01,1,54575.66,5.0,51846.88,20945.25,Debit Card,Delivered
1313,877,46,2025-06-05,4,1075.79,10.0,3872.84,1053.62,Credit Card,Returned
1314,1000,71,2024-08-23,1,4556.8,20.0,3645.44,1566.07,Wallet,Delivered
1315,1090,22,2024-01-25,4,29648.84,15.0,100806.06,30397.53,Wallet,Delivered
1316,917,88,2024-10-06,5,2398.33,30.0,8394.15,1822.31,Wallet,Delivered
1317,1182,12,2025-08-14,2,2947.1,10.0,5304.78,2010.46,Credit Card,Shipped
1318,1082,63,2024-10-31,5,23080.16,10.0,103860.72,31904.44,Credit Card,Shipped
1319,921,9,2024-04-27,5,26733.44,5.0,126983.84,47144.65,Wallet,Delivered
1320,1193,79,2024-03-14,2,1836.83,10.0,3306.29,1396.74,Net Banking,Delivered
1321,790,8,2024-07-24,3,2763.21,5.0,7875.15,1706.82,UPI,Delivered
1322,1030,91,2024-09-03,2,952.87,10.0,1715.17,648.74,UPI,Processing
1323,604,35,2025-04-23,3,13294.83,20.0,31907.59,6487.55,Credit Card,Delivered
1324,362,95,2025-12-16,1,10524.46,20.0,8419.57,2076.67,Credit Card,Delivered
1325,254,23,2025-07-20,1,5380.88,15.0,4573.75,1357.13,UPI,Shipped
1326,929,21,2025-10-28,2,727.97,20.0,1164.75,497.4,Wallet,Delivered
1327,232,61,2024-04-10,3,3726.63,5.0,10620.9,2921.98,Debit Card,Delivered
1328,420,41,2025-09-01,3,4360.17,15.0,11118.43,3125.82,Debit Card,Delivered
1329,929,22,2024-05-27,3,29648.84,10.0,80051.87,20292.66,Net Banking,Returned
1330,175,89,2025-07-18,1,3476.46,10.0,3128.81,1043.96,Debit Card,Shipped
1331,911,66,2025-08-14,4,4204.22,25.0,12612.66,3949.17,Net Banking,Delivered
1332,804,17,2025-04-11,1,41583.23,20.0,33266.58,14917.47,Debit Card,Delivered
1333,457,30,2024-05-01,5,23124.95,15.0,98281.04,33483.8,Wallet,Delivered
1334,486,2,2025-09-26,5,19784.61,25.0,74192.29,14653.2,Wallet,Delivered
1335,446,27,2024-08-10,3,52193.82,15.0,133094.24,51798.73,UPI,Delivered
1336,896,61,2024-07-11,1,3726.63,25.0,2794.97,643.89,Credit Card,Delivered
1337,490,82,2024-08-09,5,16836.84,10.0,75765.78,16332.74,Cash on Delivery,Delivered
1338,248,5,2024-03-27,4,18086.09,15.0,61492.71,26197.4,Debit Card,Delivered
1339,937,66,2024-03-04,4,4204.22,0.0,16816.88,7086.6,Net Banking,Processing
1340,422,86,2025-09-27,5,1823.21,20.0,7292.84,2018.53,Credit Card,Returned
1341,60,10,2024-01-23,3,46405.07,15.0,118332.93,42327.62,Debit Card,Delivered
1342,57,67,2024-11-27,5,18767.35,20.0,75069.4,29705.64,Cash on Delivery,Cancelled
1343,985,38,2024-07-26,5,2438.66,0.0,12193.3,2427.24,Wallet,Processing
1344,1091,12,2025-08-14,5,2947.1,20.0,11788.4,3255.91,Debit Card,Delivered
1345,991,100,2024-10-20,2,4404.3,10.0,7927.74,1420.19,Wallet,Delivered
1346,347,60,2024-08-14,4,38860.34,25.0,116581.02,48458.82,Cash on Delivery,Shipped
1347,1175,57,2024-10-31,4,1664.71,20.0,5327.07,863.84,Credit Card,Delivered
1348,416,22,2025-02-28,4,29648.84,15.0,100806.06,43267.66,Debit Card,Delivered
1349,198,94,2025-01-14,1,4986.96,15.0,4238.92,947.94,Cash on Delivery,Delivered
1350,15,74,2024-10-02,2,7241.27,10.0,13034.29,3327.66,Net Banking,Delivered
1351,683,3,2025-10-08,1,4826.77,10.0,4344.09,1483.51,UPI,Delivered
1352,1139,4,2025-01-22,5,7110.01,20.0,28440.04,7348.33,Net Banking,Delivered
1353,23,64,2025-04-09,2,5281.37,20.0,8450.19,3325.07,Debit Card,Shipped
1354,860,97,2025-04-21,5,1127.53,15.0,4792.0,1096.92,Credit Card,Delivered
1355,135,35,2025-05-14,1,13294.83,10.0,11965.35,2642.56,Wallet,Shipped
1356,492,93,2025-06-25,3,2525.17,20.0,6060.41,1616.66,Cash on Delivery,Delivered
1357,854,20,2025-07-29,5,580.65,30.0,2032.27,630.12,Wallet,Returned
1358,1120,1,2024-12-21,5,309.05,15.0,1313.46,497.57,Cash on Delivery,Delivered
1359,1155,46,2024-02-17,4,1075.79,10.0,3872.84,831.38,Debit Card,Shipped
1360,786,72,2024-07-27,5,4148.6,5.0,19705.85,7409.91,Debit Card,Delivered
1361,54,13,2025-11-20,2,6497.88,15.0,11046.4,3508.74,Debit Card,Cancelled
1362,321,89,2025-01-18,5,3476.46,15.0,14774.95,6578.75,Wallet,Cancelled
1363,322,86,2025-11-13,4,1823.21,15.0,6198.91,1947.22,Net Banking,Processing
1364,579,35,2025-01-10,2,13294.83,0.0,26589.66,10958.77,Credit Card,Delivered
1365,249,37,2025-06-09,5,16932.2,5.0,80427.95,28481.18,Cash on Delivery,Delivered
1366,268,39,2025-03-27,4,25526.93,30.0,71475.4,10820.42,Net Banking,Processing
1367,1079,81,2025-07-01,2,11328.45,15.0,19258.37,6635.63,Cash on Delivery,Delivered
1368,942,87,2024-06-07,5,1767.23,15.0,7510.73,1828.4,UPI,Delivered
1369,742,52,2025-01-06,2,2413.75,20.0,3862.0,1692.84,Credit Card,Shipped
1370,59,47,2025-03-08,5,3006.6,15.0,12778.05,2110.79,Cash on Delivery,Delivered
1371,1065,40,2025-07-07,5,2090.32,0.0,10451.6,2207.68,UPI,Delivered
1372,14,13,2024-04-22,2,6497.88,20.0,10396.61,4575.42,Net Banking,Delivered
1373,433,35,2025-05-27,2,13294.83,10.0,23930.69,3935.15,Net Banking,Delivered
1374,122,34,2024-11-30,2,6016.67,10.0,10830.01,2551.27,Credit Card,Shipped
1375,1075,82,2024-01-21,3,16836.84,15.0,42933.94,7810.7,Credit Card,Cancelled
1376,1022,20,2024-07-15,2,580.65,20.0,929.04,196.55,Wallet,Shipped
1377,1005,99,2025-02-24,3,2129.54,20.0,5110.9,1228.44,Wallet,Processing
1378,879,89,2024-05-19,5,3476.46,10.0,15644.07,3529.3,Debit Card,Shipped
1379,95,84,2024-10-25,4,4924.84,15.0,16744.46,6832.0,Debit Card,Cancelled
1380,763,39,2025-04-15,1,25526.93,30.0,17868.85,6115.42,Wallet,Shipped
1381,255,54,2025-04-15,3,3017.65,5.0,8600.3,3235.65,Credit Card,Shipped
1382,222,38,2024-04-13,5,2438.66,15.0,10364.3,3301.34,Debit Card,Cancelled
1383,1085,45,2024-09-06,1,2560.89,30.0,1792.62,352.26,Cash on Delivery,Processing
1384,793,10,2024-04-03,1,46405.07,5.0,44084.82,13371.24,Cash on Delivery,Delivered
1385,28,76,2025-07-23,2,1202.91,5.0,2285.53,953.6,Wallet,Delivered
1386,865,88,2025-01-13,1,2398.33,20.0,1918.66,733.03,Credit Card,Returned
1387,59,33,2024-02-28,1,4963.0,5.0,4714.85,2017.1,Wallet,Delivered
1388,563,65,2025-10-09,4,21959.36,5.0,83445.57,26253.55,Net Banking,Delivered
1389,519,18,2025-02-08,2,28107.47,0.0,56214.94,22115.28,Net Banking,Shipped
1390,1126,81,2025-11-04,4,11328.45,25.0,33985.35,11599.82,Credit Card,Delivered
1391,453,81,2025-02-07,1,11328.45,10.0,10195.61,2082.0,Debit Card,Delivered
1392,741,62,2024-09-15,5,385.07,30.0,1347.74,535.82,UPI,Delivered
1393,631,24,2024-10-18,5,11430.81,20.0,45723.24,14302.28,Cash on Delivery,Delivered
1394,1147,76,2025-10-15,3,1202.91,10.0,3247.86,1408.92,UPI,Returned
1395,55,92,2025-01-13,3,1199.49,5.0,3418.55,1254.49,Debit Card,Delivered
1396,540,80,2024-01-16,4,4440.36,15.0,15097.22,2697.98,Net Banking,Delivered
1397,675,35,2025-12-12,3,13294.83,5.0,37890.27,9940.05,Debit Card,Delivered
1398,925,34,2024-08-20,5,6016.67,15.0,25570.85,7427.03,Wallet,Shipped
1399,1163,58,2024-09-05,1,3255.82,20.0,2604.66,450.99,Credit Card,Delivered
1400,64,9,2025-05-28,3,26733.44,10.0,72180.29,20804.19,Net Banking,Shipped
1401,457,51,2025-03-08,1,3311.31,0.0,3311.31,1054.13,Wallet,Delivered
1402,1108,21,2024-09-18,4,727.97,,2620.69,779.02,Wallet,Delivered
1403,55,74,2024-06-12,4,7241.27,20.0,23172.06,8166.82,Credit Card,Delivered
1404,524,67,2025-12-06,1,18767.35,15.0,15952.25,3803.38,UPI,Delivered
1405,615,37,2025-09-01,1,16932.2,15.0,14392.37,2180.71,Net Banking,Returned
1406,516,19,2024-04-02,3,3365.11,25.0,7571.5,1415.8,Debit Card,Delivered
1407,6,68,2025-09-19,5,3680.19,20.0,14720.76,3848.85,Cash on Delivery,Delivered
1408,184,71,2025-03-25,1,4556.8,5.0,4328.96,1567.82,Net Banking,Delivered
1409,423,50,2024-05-30,2,12152.7,10.0,21874.86,9084.2,UPI,Shipped
1410,1039,74,2024-04-16,5,7241.27,10.0,32585.72,8792.07,Debit Card,Shipped
1411,1180,65,2024-02-21,4,21959.36,0.0,87837.44,31491.77,UPI,Delivered
1412,21,20,2024-11-09,4,580.65,5.0,2206.47,574.9,Cash on Delivery,Delivered
1413,134,39,2024-08-27,4,25526.93,0.0,102107.72,35448.24,Net Banking,Shipped
1414,470,30,2024-05-25,4,23124.95,30.0,64749.86,13230.14,Wallet,Delivered
1415,178,67,2025-09-27,1,18767.35,25.0,14075.51,4155.12,UPI,Delivered
1416,212,9,2025-08-08,2,26733.44,15.0,45446.85,13902.49,Wallet,Processing
1417,15,83,2025-05-19,4,54575.66,10.0,196472.38,50576.37,Wallet,Delivered
1418,1029,95,2024-10-10,3,10524.46,10.0,28416.04,6203.66,UPI,Delivered
1419,243,55,2025-02-03,1,3119.28,25.0,2339.46,477.25,Debit Card,Shipped
1420,630,64,2024-03-16,2,5281.37,20.0,8450.19,3498.46,Wallet,Returned
1421,38,3,2024-01-13,4,4826.77,5.0,18341.73,4296.05,Credit Card,Delivered
1422,85,12,2024-12-06,5,2947.1,10.0,13261.95,3530.88,Wallet,Delivered
1423,923,85,2024-02-13,2,2785.07,15.0,4734.62,780.33,Wallet,Delivered
1424,400,5,2025-10-11,4,18086.09,10.0,65109.92,23359.12,Credit Card,Processing
1425,786,94,2024-01-05,4,4986.96,15.0,16955.66,5646.22,UPI,Delivered
1426,15,15,2024-04-17,2,27037.12,15.0,45963.1,18803.29,UPI,Delivered
1427,886,39,2024-10-26,2,25526.93,5.0,48501.17,19699.31,Cash on Delivery,Delivered
1428,308,64,2025-07-08,3,5281.37,20.0,12675.29,3315.04,Wallet,Cancelled
1429,326,52,2024-04-30,4,2413.75,10.0,8689.5,3056.83,Debit Card,Delivered
1430,399,72,2025-08-05,3,4148.6,20.0,9956.64,1898.35,UPI,Delivered
1431,196,8,2025-07-13,3,2763.21,10.0,7460.67,1151.47,Cash on Delivery,Shipped
1432,830,34,2025-01-12,1,6016.67,20.0,4813.34,2070.18,Cash on Delivery,Delivered
1433,572,2,2025-06-11,3,19784.61,25.0,44515.37,11891.55,UPI,
1434,601,61,2024-05-05,4,3726.63,25.0,11179.89,2003.05,UPI,Shipped
1435,841,25,2025-11-20,5,2695.33,20.0,10781.32,2671.95,Net Banking,Delivered
1436,268,84,2025-08-24,2,4924.84,15.0,8372.23,2454.42,Wallet,Shipped
1437,567,53,2025-04-21,3,328.56,0.0,985.68,406.28,Wallet,Delivered
1438,913,22,2024-02-08,3,29648.84,20.0,71157.22,31930.82,Wallet,Delivered
1439,830,77,2025-05-16,3,1568.22,10.0,4234.19,1322.59,Debit Card,Shipped
1440,243,88,2024-03-16,1,2398.33,5.0,2278.41,993.48,Net Banking,Delivered
1441,876,87,2024-12-30,1,1767.23,10.0,1590.51,649.84,Debit Card,Delivered
1442,883,35,2025-11-20,4,13294.83,15.0,45202.42,11436.7,Net Banking,Delivered
1443,1032,96,2025-05-03,5,18704.42,10.0,84169.89,22011.38,UPI,Delivered
1444,243,15,2025-07-17,1,27037.12,10.0,24333.41,5887.43,Wallet,Shipped
1445,663,23,2025-10-17,4,5380.88,15.0,18294.99,4039.12,Debit Card,Delivered
1446,1200,42,2024-05-27,3,1050.19,5.0,2993.04,938.99,UPI,Cancelled
1447,721,45,2025-06-07,4,2560.89,10.0,9219.2,3264.53,UPI,Shipped
1448,1002,64,2024-09-13,2,5281.37,15.0,8978.33,3533.13,Wallet,Delivered
1449,665,68,2025-08-11,2,3680.19,25.0,5520.28,1601.2,UPI,Cancelled
1450,562,51,2024-12-04,2,3311.31,0.0,6622.62,2259.99,Debit Card,Delivered
1451,1197,19,2024-05-17,3,3365.11,5.0,9590.56,3672.16,Cash on Delivery,Delivered
1452,674,29,2025-04-12,2,1126.75,10.0,2028.15,859.5,Cash on Delivery,Delivered
1453,174,10,2025-10-03,3,46405.07,20.0,111372.17,29391.23,Wallet,Returned
1454,538,55,2024-03-15,4,3119.28,20.0,9981.7,3234.85,Wallet,Delivered
1455,538,16,2025-04-23,5,1240.5,5.0,5892.38,1106.38,Wallet,Delivered
1456,604,78,2025-03-28,2,2305.12,10.0,4149.22,698.95,Credit Card,Delivered
1457,1104,93,2024-08-09,5,2525.17,0.0,12625.85,3668.9,UPI,Shipped
1458,207,61,2025-12-24,2,3726.63,25.0,5589.94,2157.69,Wallet,Delivered
1459,604,24,2024-07-09,5,11430.81,5.0,54296.35,21925.53,Debit Card,Delivered
1460,15,24,2024-05-18,1,11430.81,25.0,8573.11,1851.8,UPI,Delivered
1461,75,79,2024-01-17,3,1836.83,20.0,4408.39,1556.59,,Delivered
1462,678,37,2024-05-17,2,16932.2,20.0,27091.52,6070.34,Net Banking,Delivered
1463,425,52,2024-08-12,4,2413.75,0.0,9655.0,4136.53,Credit Card,Delivered
1464,452,55,2024-09-30,5,3119.28,15.0,13256.94,3294.06,UPI,Processing
1465,398,66,2024-08-02,2,4204.22,30.0,5885.91,1366.12,Net Banking,Delivered
1466,634,96,2025-04-19,4,18704.42,20.0,59854.14,12908.3,Net Banking,Cancelled
1467,1124,95,2024-02-01,4,10524.46,30.0,29468.49,5203.35,Wallet,Shipped
1468,4,58,2024-05-10,5,3255.82,10.0,14651.19,4469.51,Credit Card,Delivered
1469,1177,24,2025-07-17,1,11430.81,15.0,9716.19,1780.14,Credit Card,Delivered
1470,1198,6,2024-07-09,1,8514.19,0.0,8514.19,1342.93,Wallet,Shipped
1471,89,51,2025-11-24,1,3311.31,0.0,3311.31,949.16,Wallet,Processing
1472,497,33,2025-04-14,3,4963.0,5.0,14144.55,4326.44,Debit Card,Delivered
1473,409,67,2024-12-14,4,18767.35,20.0,60055.52,18925.97,Debit Card,Processing
1474,335,51,2025-05-20,3,3311.31,15.0,8443.84,1580.74,Cash on Delivery,Delivered
1475,1146,41,2024-08-14,4,4360.17,5.0,16568.65,3439.11,Cash on Delivery,Delivered
1476,424,87,2024-02-27,4,1767.23,20.0,5655.14,2056.14,Wallet,Delivered
1477,333,25,2025-07-07,2,2695.33,20.0,4312.53,1661.75,Cash on Delivery,Delivered
1478,260,60,2025-03-12,2,38860.34,15.0,66062.58,18459.22,Cash on Delivery,Returned
1479,433,48,2024-12-14,5,1050.32,15.0,4463.86,1896.03,Cash on Delivery,Delivered
1480,973,90,2025-04-22,5,12971.56,,58372.02,10847.0,Credit Card,Delivered
1481,591,1,2025-12-17,2,309.05,15.0,525.38,106.98,Cash on Delivery,Cancelled
1482,772,7,2024-11-29,2,4635.61,5.0,8807.66,3387.26,Debit Card,Shipped
1483,498,9,2024-04-21,2,26733.44,25.0,40100.16,11104.69,Debit Card,Shipped
1484,56,96,2025-01-05,2,18704.42,20.0,29927.07,13427.26,Wallet,Delivered
1485,578,26,2024-04-15,4,56093.06,15.0,190716.4,43057.23,Wallet,Delivered
1486,616,50,2024-03-16,2,12152.7,10.0,21874.86,6224.79,Credit Card,Returned
1487,831,24,2024-07-24,4,11430.81,5.0,43437.08,10245.68,Debit Card,Shipped
1488,14,72,2024-04-29,5,4148.6,15.0,17631.55,5948.47,Credit Card,Delivered
1489,813,31,2025-01-28,5,7500.95,10.0,33754.28,9700.5,Credit Card,Shipped
1490,1026,19,2024-08-23,1,3365.11,0.0,3365.11,963.41,Net Banking,Delivered
1491,500,76,2024-11-22,5,1202.91,5.0,5713.82,2431.46,Cash on Delivery,Delivered
1492,469,9,2024-10-02,5,26733.44,15.0,113617.12,19202.68,Net Banking,Delivered
1493,1110,9,2024-08-21,2,26733.44,15.0,45446.85,16960.42,Net Banking,Delivered
1494,323,89,2025-06-29,1,3476.46,10.0,3128.81,1224.47,Wallet,Delivered
1495,939,36,2024-10-07,5,9396.66,10.0,42284.97,10411.19,Cash on Delivery,Shipped
1496,1097,11,2024-07-01,4,11133.39,10.0,40080.2,12957.73,Net Banking,Returned
1497,420,28,2024-02-20,3,4976.19,5.0,14182.14,5622.32,UPI,Processing
1498,725,41,2025-04-10,1,4360.17,0.0,4360.17,1346.95,Credit Card,Delivered
1499,957,78,2024-01-11,4,2305.12,25.0,6915.36,1487.53,Cash on Delivery,Shipped
1500,440,76,2025-06-30,4,1202.91,10.0,4330.48,1106.5,Wallet,Delivered
1501,376,74,2025-11-28,5,7241.27,25.0,27154.76,10939.94,UPI,Processing
1502,245,58,2025-04-06,3,3255.82,10.0,8790.71,1719.41,Wallet,Shipped
1503,1104,20,2025-12-05,1,580.65,20.0,464.52,186.95,Wallet,Delivered
1504,954,82,2024-12-14,2,16836.84,30.0,23571.58,5500.42,Credit Card,Processing
1505,481,77,2024-08-27,3,1568.22,30.0,3293.26,905.16,Debit Card,Delivered
1506,625,83,2024-07-24,1,54575.66,10.0,49118.09,11365.28,Cash on Delivery,Returned
1507,1026,44,2024-06-17,1,4408.77,15.0,3747.45,1675.65,Cash on Delivery,Delivered
1508,945,2,2024-12-23,4,19784.61,15.0,67267.67,23736.53,Net Banking,Delivered
1509,590,42,2025-06-06,5,1050.19,5.0,4988.4,1758.76,UPI,Delivered
1510,231,21,2024-04-07,4,727.97,0.0,2911.88,729.2,Cash on Delivery,Delivered
1511,3,48,2024-05-04,1,1050.32,20.0,840.26,139.08,Debit Card,Returned
1512,267,59,2024-08-25,4,25615.37,20.0,81969.18,31985.97,Net Banking,Delivered
1513,267,7,2025-03-09,4,4635.61,10.0,16688.2,3045.71,Cash on Delivery,Cancelled
1514,329,35,2024-04-13,2,13294.83,10.0,23930.69,9463.76,Net Banking,Delivered
1515,42,66,2025-08-25,2,4204.22,15.0,7147.17,1116.21,Wallet,Delivered
1516,380,97,2024-04-14,1,1127.53,10.0,1014.78,229.95,UPI,Delivered
1517,159,15,2025-06-29,4,27037.12,10.0,97333.63,27005.11,Credit Card,Delivered
1518,1121,70,2025-01-09,1,2491.61,20.0,1993.29,447.61,Cash on Delivery,Processing
1519,1106,54,2024-02-17,3,3017.65,20.0,7242.36,1743.28,Debit Card,Delivered
1520,805,22,2025-08-28,1,29648.84,5.0,28166.4,9758.29,Credit Card,Delivered
1521,231,67,2024-12-17,2,18767.35,15.0,31904.49,9444.79,Net Banking,Delivered
1522,183,3,2025-01-16,5,4826.77,10.0,21720.47,8257.04,Cash on Delivery,Delivered
1523,261,10,2025-05-21,1,46405.07,30.0,32483.55,13678.08,Wallet,Cancelled
1524,150,14,2025-04-30,2,34858.1,15.0,59258.77,10044.63,Debit Card,Delivered
1525,472,25,2025-04-14,5,2695.33,20.0,10781.32,1635.77,Net Banking,Returned
1526,377,42,2024-09-08,4,1050.19,25.0,3150.57,1256.34,Cash on Delivery,Delivered
1527,753,59,2025-09-18,5,25615.37,0.0,128076.85,24941.14,Wallet,Delivered
1528,412,17,2024-09-05,2,41583.23,5.0,79008.14,21941.95,Wallet,Delivered
1529,599,93,2024-03-06,4,2525.17,5.0,9595.65,3460.83,Net Banking,Delivered
1530,458,45,2025-08-20,3,2560.89,10.0,6914.4,1619.12,Net Banking,Delivered
1531,671,13,2024-03-22,1,6497.88,10.0,5848.09,1573.95,Debit Card,Delivered
1532,162,14,2024-07-16,2,34858.1,0.0,69716.2,21562.73,Cash on Delivery,Delivered
1533,1058,34,2024-09-07,1,6016.67,10.0,5415.0,1190.73,Net Banking,Shipped
1534,121,64,2025-03-03,3,5281.37,15.0,13467.49,4703.26,Net Banking,Shipped
1535,1030,78,2025-04-29,4,2305.12,5.0,8759.46,2223.39,Cash on Delivery,Delivered
1536,178,97,2024-01-02,5,1127.53,15.0,4792.0,899.42,Credit Card,Delivered
1537,574,56,2024-07-09,4,1831.05,30.0,5126.94,1299.46,Net Banking,Delivered
1538,124,54,2025-04-09,1,3017.65,25.0,2263.24,393.34,Credit Card,Returned
1539,998,30,2025-02-13,4,23124.95,15.0,78624.83,34541.37,Wallet,Delivered
1540,319,55,2024-09-28,5,3119.28,25.0,11697.3,4234.1,Wallet,Delivered
1541,413,20,2025-06-02,2,580.65,0.0,1161.3,298.71,Net Banking,Processing
1542,789,44,2025-09-29,5,4408.77,20.0,17635.08,7223.11,UPI,Delivered
1543,887,52,2024-04-12,1,2413.75,5.0,2293.06,845.37,Net Banking,Returned
1544,154,65,2024-07-29,4,21959.36,30.0,61486.21,17216.58,Net Banking,Delivered
1545,617,93,2025-06-19,2,2525.17,5.0,4797.82,1388.45,Net Banking,Processing
1546,513,51,2024-01-31,4,3311.31,20.0,10596.19,1678.7,Net Banking,Delivered
1547,263,25,2025-12-07,5,2695.33,15.0,11455.15,5024.06,Credit Card,Processing
1548,93,19,2025-02-18,2,3365.11,25.0,5047.66,1906.35,Net Banking,Delivered
1549,153,62,2025-04-26,5,385.07,5.0,1829.08,449.24,Debit Card,Delivered
1550,183,54,2025-10-21,1,3017.65,0.0,3017.65,656.39,UPI,Delivered
1551,465,40,2025-09-05,4,2090.32,5.0,7943.22,2024.74,Cash on Delivery,Delivered
1552,377,46,2025-05-17,2,1075.79,25.0,1613.68,281.25,Credit Card,Processing
1553,53,33,2024-11-07,2,4963.0,25.0,7444.5,2338.44,Cash on Delivery,Processing
1554,850,20,2024-07-21,1,580.65,15.0,493.55,134.71,UPI,Delivered
1555,122,59,2024-04-12,4,25615.37,10.0,92215.33,34793.28,UPI,Processing
1556,871,57,2025-11-28,4,1664.71,25.0,4994.13,1101.06,UPI,Shipped
1557,321,32,2025-02-09,1,5563.34,15.0,4728.84,1722.57,Wallet,Cancelled
1558,348,68,2024-04-21,2,3680.19,15.0,6256.32,1241.98,Wallet,Delivered
1559,604,64,2025-12-06,3,5281.37,25.0,11883.08,4708.2,Credit Card,Returned
1560,246,45,2024-03-12,5,2560.89,0.0,12804.45,5466.26,Net Banking,Delivered
1561,617,56,2024-10-17,3,1831.05,15.0,4669.18,1061.27,UPI,Delivered
1562,1191,35,2024-08-24,2,13294.83,20.0,21271.73,7351.41,Credit Card,Shipped
1563,72,45,2024-06-09,4,2560.89,20.0,8194.85,2423.89,Net Banking,
1564,571,78,2025-01-12,2,2305.12,25.0,3457.68,1152.59,Credit Card,Delivered
1565,655,24,2025-08-22,3,11430.81,25.0,25719.32,9254.62,UPI,Delivered
1566,318,83,2025-12-08,4,54575.66,5.0,207387.51,55138.95,Wallet,Processing
1567,210,77,2025-10-07,3,1568.22,20.0,3763.73,1034.74,Credit Card,Delivered
1568,242,70,2024-09-27,4,2491.61,10.0,8969.8,1805.95,UPI,Processing
1569,963,4,2025-09-24,1,7110.01,15.0,6043.51,1813.05,UPI,Processing
1570,180,54,2024-06-07,1,3017.65,20.0,2414.12,645.93,UPI,Delivered
1571,400,70,2024-04-08,5,2491.61,0.0,12458.05,3260.22,Cash on Delivery,Delivered
1572,262,68,2024-11-05,3,3680.19,5.0,10488.54,2194.26,Debit Card,Delivered
1573,1027,89,2024-06-20,2,3476.46,25.0,5214.69,1494.84,Credit Card,Shipped
1574,463,92,2025-07-29,2,1199.49,10.0,2159.08,597.58,Debit Card,Delivered
1575,269,43,2024-08-10,4,16482.05,10.0,59335.38,18637.27,Wallet,Returned
1576,727,33,2024-07-09,5,4963.0,5.0,23574.25,5732.47,Credit Card,Delivered
1577,765,39,2024-10-17,2,25526.93,25.0,38290.4,12139.9,Cash on Delivery,Delivered
1578,730,54,2024-03-19,4,3017.65,10.0,10863.54,3347.43,UPI,Delivered
1579,1068,35,2024-10-22,1,13294.83,10.0,11965.35,4956.63,Wallet,Delivered
1580,155,82,2025-05-24,5,16836.84,15.0,71556.57,30135.29,,Returned
1581,453,98,2025-01-05,3,7242.33,0.0,21726.99,5079.3,Debit Card,Processing
1582,1154,46,2025-04-01,1,1075.79,30.0,753.05,322.36,Net Banking,Delivered
1583,360,84,2024-05-22,1,4924.84,10.0,4432.36,1620.25,Debit Card,Delivered
1584,293,21,2025-02-17,5,727.97,15.0,3093.87,1109.61,Debit Card,Returned
1585,311,60,2025-01-30,5,38860.34,10.0,174871.53,78572.08,UPI,Processing
1586,938,14,2024-02-12,1,34858.1,15.0,29629.38,12037.82,Net Banking,Delivered
1587,1133,25,2024-06-14,1,2695.33,25.0,2021.5,611.49,Cash on Delivery,Shipped
1588,939,93,2025-12-27,5,2525.17,10.0,11363.27,4152.97,Debit Card,Shipped
1589,75,49,2024-05-22,4,2372.32,10.0,8540.35,3507.92,Cash on Delivery,Processing
1590,1035,56,2024-09-13,3,1831.05,15.0,4669.18,1035.2,Cash on Delivery,Delivered
1591,552,54,2024-04-12,1,3017.65,5.0,2866.77,617.7,Credit Card,Delivered
1592,458,76,2024-05-02,5,1202.91,20.0,4811.64,1640.55,Debit Card,Shipped
1593,503,86,2024-12-18,2,1823.21,20.0,2917.14,1201.67,Cash on Delivery,Delivered
1594,499,100,2024-02-08,5,4404.3,0.0,22021.5,4388.49,UPI,Delivered
1595,143,95,2024-10-01,3,10524.46,15.0,26837.37,10591.5,Debit Card,Delivered
1596,649,84,2025-11-11,5,4924.84,5.0,23392.99,6174.83,Wallet,Shipped
1597,150,57,2025-07-09,1,1664.71,15.0,1415.0,297.54,UPI,Delivered
1598,415,19,2024-03-26,3,3365.11,0.0,10095.33,3911.81,Wallet,Delivered
1599,772,83,2024-08-11,4,54575.66,0.0,218302.64,86214.6,Cash on Delivery,Delivered
1600,901,66,2024-01-20,3,4204.22,5.0,11982.03,3556.98,Wallet,Delivered
1601,206,74,2024-09-18,4,7241.27,10.0,26068.57,6581.4,Credit Card,Processing
1602,1091,47,2024-10-30,3,3006.6,25.0,6764.85,2974.42,Debit Card,Delivered
1603,830,21,2024-10-08,5,727.97,5.0,3457.86,1260.1,UPI,Delivered
1604,755,53,2024-08-09,1,328.56,5.0,312.13,47.53,Debit Card,Delivered
1605,348,85,2024-04-13,3,2785.07,5.0,7937.45,3289.71,UPI,Delivered
1606,601,26,2024-06-20,5,56093.06,10.0,252418.77,43253.65,Wallet,Delivered
1607,815,19,2024-03-20,3,3365.11,5.0,9590.56,3783.66,Cash on Delivery,Delivered
1608,114,74,2025-07-04,4,7241.27,30.0,20275.56,8010.14,Credit Card,Delivered
1609,799,38,2025-08-13,3,2438.66,25.0,5486.98,1095.03,Debit Card,Delivered
1610,12,98,2025-08-28,1,7242.33,15.0,6155.98,2290.99,UPI,Delivered
1611,402,43,2025-11-21,2,16482.05,25.0,24723.07,7146.47,Cash on Delivery,Shipped
1612,1085,81,2024-09-13,4,11328.45,10.0,40782.42,8214.71,Debit Card,Delivered
1613,1064,94,2025-03-21,3,4986.96,15.0,12716.75,3750.93,Net Banking,Shipped
1614,666,39,2025-04-23,2,25526.93,15.0,43395.78,14911.31,Credit Card,Shipped
1615,1043,55,2024-02-01,1,3119.28,20.0,2495.42,780.81,Cash on Delivery,
1616,662,46,2025-04-22,2,1075.79,5.0,2044.0,852.11,Cash on Delivery,Shipped
1617,333,24,2024-10-07,1,11430.81,5.0,10859.27,3867.64,Wallet,Delivered
1618,1191,74,2024-08-06,4,7241.27,30.0,20275.56,7732.02,Wallet,Cancelled
1619,665,14,2024-06-30,4,34858.1,0.0,139432.4,45735.79,UPI,Shipped
1620,297,8,2024-01-12,2,2763.21,20.0,4421.14,1927.56,Debit Card,Cancelled
1621,202,37,2025-04-03,1,16932.2,5.0,16085.59,5603.06,Cash on Delivery,Delivered
1622,239,87,2025-04-07,4,1767.23,10.0,6362.03,1370.95,Debit Card,Delivered
1623,720,63,2025-04-23,5,23080.16,5.0,109630.76,28945.79,Wallet,Delivered
1624,1138,82,2025-12-15,1,16836.84,15.0,14311.31,5104.69,Credit Card,Delivered
1625,540,100,2024-08-04,2,4404.3,30.0,6166.02,1566.72,Credit Card,Returned
1626,1085,96,2025-02-19,5,18704.42,20.0,74817.68,21910.78,Wallet,Shipped
1627,321,20,2024-07-20,1,580.65,5.0,551.62,176.25,Debit Card,Delivered
1628,274,45,2025-04-25,5,2560.89,25.0,9603.34,1537.54,Net Banking,Cancelled
1629,232,63,2025-04-25,2,23080.16,30.0,32312.22,12845.46,Net Banking,Delivered
1630,182,76,2025-02-23,3,1202.91,0.0,3608.73,781.63,Cash on Delivery,Delivered
1631,10,30,2025-07-15,2,23124.95,10.0,41624.91,9236.14,Net Banking,Delivered
1632,50,88,2024-01-17,1,2398.33,30.0,1678.83,423.29,Cash on Delivery,Delivered
1633,128,91,2024-10-31,2,952.87,0.0,1905.74,566.02,Cash on Delivery,Delivered
1634,313,42,2024-11-29,2,1050.19,15.0,1785.32,599.79,Credit Card,Delivered
1635,1093,87,2024-01-17,4,1767.23,0.0,7068.92,2935.47,Credit Card,Delivered
1636,116,85,2024-02-13,4,2785.07,25.0,8355.21,1683.83,UPI,Processing
1637,266,62,2025-11-03,4,385.07,20.0,1232.22,225.75,Cash on Delivery,Shipped
1638,879,14,2025-08-10,1,34858.1,5.0,33115.19,14061.95,Net Banking,Delivered
1639,485,10,2025-03-19,1,46405.07,0.0,46405.07,16702.95,Debit Card,Delivered
1640,1164,84,2024-06-25,5,4924.84,10.0,22161.78,5492.51,Debit Card,Shipped
1641,783,3,2025-10-03,3,4826.77,0.0,14480.31,3573.61,Debit Card,Cancelled
1642,1123,83,2024-05-30,5,54575.66,20.0,218302.64,41628.07,Cash on Delivery,Delivered
1643,418,46,2025-04-06,2,1075.79,0.0,2151.58,542.84,Credit Card,Delivered
1644,518,97,2025-09-11,5,1127.53,30.0,3946.35,836.6,Debit Card,Cancelled
1645,634,78,2025-08-26,1,2305.12,0.0,2305.12,404.49,UPI,Delivered
1646,166,11,2025-03-21,5,11133.39,5.0,52883.6,16400.66,Credit Card,Delivered
1647,144,68,2024-12-08,1,3680.19,15.0,3128.16,1244.14,Credit Card,Delivered
1648,729,40,2024-05-24,5,2090.32,5.0,9929.02,2272.56,Cash on Delivery,Delivered
1649,768,24,2025-11-01,2,11430.81,25.0,17146.22,5672.83,Wallet,Delivered
1650,293,61,2024-10-08,4,3726.63,30.0,10434.56,3047.18,Cash on Delivery,Delivered
1651,155,35,2024-01-23,5,13294.83,15.0,56503.03,22409.15,Debit Card,Returned
1652,1164,83,2024-11-14,5,54575.66,20.0,218302.64,43949.29,Debit Card,Delivered
1653,798,34,2025-09-25,2,6016.67,10.0,10830.01,4490.01,UPI,Delivered
1654,935,27,2024-10-18,1,52193.82,10.0,46974.44,16984.62,Wallet,Returned
1655,1125,13,2024-05-24,5,6497.88,,32489.4,10589.63,Net Banking,Delivered
1656,759,27,2025-01-25,2,52193.82,15.0,88729.49,36346.47,Credit Card,Processing
1657,1163,59,2024-01-29,3,25615.37,0.0,76846.11,23059.04,Debit Card,Delivered
1658,677,29,2025-05-10,1,1126.75,5.0,1070.41,244.84,UPI,Delivered
1659,1021,25,2025-05-09,4,2695.33,20.0,8625.06,3748.05,Wallet,Delivered
1660,152,29,2025-03-09,1,1126.75,15.0,957.74,213.77,Debit Card,Returned
1661,471,35,2025-02-04,1,13294.83,5.0,12630.09,5122.14,Wallet,Cancelled
1662,474,13,2024-09-10,5,6497.88,15.0,27615.99,4209.14,UPI,Delivered
1663,208,78,2025-01-15,5,2305.12,10.0,10373.04,2739.88,Net Banking,Delivered
1664,519,53,2024-11-07,3,328.56,20.0,788.54,158.69,UPI,Delivered
1665,785,57,2025-11-06,2,1664.71,5.0,3162.95,793.63,UPI,Processing
1666,161,43,2024-07-17,2,16482.05,10.0,29667.69,10067.65,Cash on Delivery,Processing
1667,393,52,2025-04-30,2,2413.75,25.0,3620.62,1259.81,Net Banking,Delivered
1668,124,97,2025-02-23,3,1127.53,25.0,2536.94,729.57,Net Banking,Delivered
1669,1171,27,2025-09-01,1,52193.82,20.0,41755.06,17462.7,UPI,Delivered
1670,727,11,2025-07-28,3,11133.39,5.0,31730.16,5620.4,UPI,Delivered
1671,9,46,2024-04-23,4,1075.79,25.0,3227.37,1197.67,Wallet,Delivered
1672,1082,86,2025-12-15,3,1823.21,5.0,5196.15,2187.69,UPI,Processing
1673,173,99,2025-12-22,2,2129.54,10.0,3833.17,1404.11,Wallet,Processing
1674,186,6,2024-02-14,2,8514.19,25.0,12771.28,5293.29,Wallet,Delivered
1675,200,100,2025-03-16,5,4404.3,20.0,17617.2,7809.03,Net Banking,Processing
1676,83,50,2024-10-02,2,12152.7,20.0,19444.32,6287.22,Cash on Delivery,Delivered
1677,322,39,2025-12-24,5,25526.93,10.0,114871.18,49533.05,Debit Card,Shipped
1678,1151,40,2025-01-30,5,2090.32,10.0,9406.44,1452.97,Cash on Delivery,Cancelled
1679,573,29,2024-05-07,2,1126.75,10.0,2028.15,511.49,Credit Card,Delivered
1680,768,95,2025-12-07,3,10524.46,20.0,25258.7,6379.63,Debit Card,Delivered
1681,954,5,2025-03-07,4,18086.09,15.0,61492.71,25368.07,Net Banking,Delivered
1682,956,100,2024-08-24,3,4404.3,10.0,11891.61,3132.78,Cash on Delivery,Shipped
1683,223,6,2025-12-08,3,8514.19,5.0,24265.44,9466.65,Cash on Delivery,Delivered
1684,786,68,2025-12-09,5,3680.19,10.0,16560.85,2881.72,Debit Card,Delivered
1685,284,62,2024-08-02,4,385.07,25.0,1155.21,474.88,Cash on Delivery,Returned
1686,98,45,2024-01-07,5,2560.89,15.0,10883.78,3093.55,Cash on Delivery,Processing
1687,311,100,2025-12-04,1,4404.3,15.0,3743.66,879.63,Net Banking,Cancelled
1688,368,54,2024-11-30,5,3017.65,25.0,11316.19,1891.19,UPI,Delivered
1689,550,76,2024-12-23,2,1202.91,0.0,2405.82,894.52,Credit Card,Delivered
1690,1026,9,2024-04-05,2,26733.44,10.0,48120.19,19510.53,Cash on Delivery,Delivered
1691,183,80,2025-11-01,4,4440.36,20.0,14209.15,5977.34,Wallet,Processing
1692,550,50,2024-07-13,1,12152.7,10.0,10937.43,3827.95,Credit Card,Delivered
1693,709,96,2024-08-18,3,18704.42,15.0,47696.27,19730.42,Wallet,Delivered
1694,733,97,2025-11-12,1,1127.53,20.0,902.02,323.6,Debit Card,Delivered
1695,629,93,2024-10-02,4,2525.17,20.0,8080.54,1512.72,Credit Card,Delivered
1696,1111,17,2024-05-23,2,41583.23,30.0,58216.52,17636.95,Net Banking,Delivered
1697,294,54,2025-08-27,1,3017.65,5.0,2866.77,1161.97,UPI,Shipped
1698,34,16,2024-08-25,5,1240.5,15.0,5272.12,1860.88,Credit Card,Delivered
1699,154,32,2025-10-15,1,5563.34,20.0,4450.67,1855.01,Net Banking,Delivered
1700,263,14,2024-08-30,2,34858.1,10.0,62744.58,23656.01,UPI,Delivered
1701,64,88,2024-07-12,2,2398.33,0.0,4796.66,1408.02,Cash on Delivery,Processing
1702,148,38,2024-02-15,3,2438.66,30.0,5121.19,2060.3,Debit Card,Delivered
1703,1006,61,2024-09-16,5,3726.63,10.0,16769.84,4283.12,Credit Card,Shipped
1704,183,93,2024-07-03,2,2525.17,0.0,5050.34,1477.27,Net Banking,Delivered
1705,239,69,2025-05-01,4,23193.07,25.0,69579.21,10595.62,Wallet,Shipped
1706,552,78,2024-01-14,1,2305.12,15.0,1959.35,634.04,Wallet,Delivered
1707,754,76,2024-10-07,5,1202.91,20.0,4811.64,1428.21,Debit Card,Returned
1708,446,3,2025-04-08,5,4826.77,15.0,20513.77,5354.92,Net Banking,Shipped
1709,1020,56,2025-07-19,5,1831.05,25.0,6866.44,2178.88,Cash on Delivery,Delivered
1710,203,89,2025-03-29,3,3476.46,25.0,7822.04,3301.63,Net Banking,Delivered
1711,198,87,2025-09-18,5,1767.23,10.0,7952.53,3119.04,UPI,Delivered
1712,505,22,2025-01-14,5,29648.84,10.0,133419.78,33798.39,Credit Card,Shipped
1713,24,67,2024-03-18,2,18767.35,10.0,33781.23,11638.93,Wallet,Delivered
1714,1142,32,2025-03-19,5,5563.34,,20862.53,7077.92,Net Banking,Delivered
1715,691,85,2024-08-07,1,2785.07,15.0,2367.31,781.28,Credit Card,Shipped
1716,1183,53,2024-01-08,2,328.56,,525.7,148.09,Wallet,Delivered
1717,300,15,2024-08-05,4,27037.12,10.0,97333.63,18640.74,Cash on Delivery,Shipped
1718,315,29,2024-06-30,3,1126.75,0.0,3380.25,1123.89,Net Banking,Delivered
1719,378,61,2024-03-31,2,3726.63,20.0,5962.61,2478.19,UPI,Delivered
1720,668,41,2024-01-17,2,4360.17,10.0,7848.31,2097.67,UPI,Returned
1721,501,10,2025-05-30,4,46405.07,20.0,148496.22,36998.98,Cash on Delivery,Returned
1722,620,76,2025-01-01,3,1202.91,5.0,3428.29,713.45,Wallet,Returned
1723,44,92,2025-05-10,2,1199.49,25.0,1799.24,758.24,Cash on Delivery,Delivered
1724,814,67,2025-04-26,2,18767.35,0.0,37534.7,14286.35,Debit Card,Delivered
1725,1188,43,2025-08-12,5,16482.05,20.0,65928.2,14064.22,Wallet,Delivered
1726,969,11,2025-01-04,1,11133.39,0.0,11133.39,3012.22,Net Banking,Shipped
1727,1,62,2025-01-05,4,385.07,0.0,1540.28,341.29,Wallet,Cancelled
1728,250,32,2024-06-28,5,5563.34,15.0,23644.19,8732.86,Debit Card,Delivered
1729,629,19,2024-01-09,3,3365.11,25.0,7571.5,2688.02,Credit Card,Cancelled
1730,610,11,2024-11-26,1,11133.39,10.0,10020.05,3185.65,Cash on Delivery,Delivered
1731,726,13,2024-09-16,4,6497.88,20.0,20793.22,8512.29,Cash on Delivery,Delivered
1732,1093,40,2024-11-06,3,2090.32,25.0,4703.22,1375.89,Wallet,Delivered
1733,701,18,2025-12-02,2,28107.47,20.0,44971.95,15858.13,Credit Card,Delivered
1734,834,42,2024-12-15,4,1050.19,15.0,3570.65,996.27,Debit Card,Returned
1735,613,90,2024-09-12,4,12971.56,5.0,49291.93,8591.16,Net Banking,Cancelled
1736,1072,63,2024-12-16,2,23080.16,20.0,36928.26,12313.56,Credit Card,Delivered
1737,969,40,2024-12-11,3,2090.32,10.0,5643.86,1371.59,Net Banking,Delivered
1738,778,95,2024-02-09,1,10524.46,10.0,9472.01,2985.24,Wallet,Delivered
1739,912,37,2024-10-05,4,16932.2,0.0,67728.8,12729.46,Debit Card,Returned
1740,123,50,2025-04-04,4,12152.7,15.0,41319.18,14486.82,UPI,Returned
1741,738,76,2024-11-15,3,1202.91,10.0,3247.86,491.2,Cash on Delivery,Delivered
1742,801,96,2024-10-17,3,18704.42,20.0,44890.61,12283.61,Credit Card,Processing
1743,1126,56,2024-02-06,3,1831.05,15.0,4669.18,1032.89,Debit Card,Cancelled
1744,498,49,2024-08-27,3,2372.32,25.0,5337.72,1170.44,Cash on Delivery,Delivered
1745,676,71,2025-01-13,2,4556.8,0.0,9113.6,1937.42,Cash on Delivery,Delivered
1746,970,89,2025-11-23,5,3476.46,25.0,13036.72,2783.96,Debit Card,Cancelled
1747,626,84,2025-08-30,5,4924.84,15.0,20930.57,7991.76,Credit Card,Processing
1748,468,94,2024-04-24,2,4986.96,5.0,9475.22,1773.83,Wallet,Delivered
1749,737,85,2025-02-16,5,2785.07,10.0,12532.82,3020.64,UPI,Processing
1750,273,83,2025-08-22,1,54575.66,0.0,54575.66,17499.05,Credit Card,Delivered
1751,1033,82,2024-04-25,2,16836.84,30.0,23571.58,3735.09,Credit Card,Delivered
1752,1091,16,2024-07-14,1,1240.5,20.0,992.4,155.66,Cash on Delivery,Delivered
1753,573,6,2024-04-09,5,8514.19,25.0,31928.21,12246.16,UPI,Delivered
1754,871,3,2025-02-11,5,4826.77,10.0,21720.47,8180.88,Debit Card,Delivered
1755,934,46,2024-01-31,2,1075.79,10.0,1936.42,535.99,Wallet,Shipped
1756,854,97,2024-06-25,2,1127.53,25.0,1691.3,318.48,UPI,Returned
1757,1108,96,2024-10-13,4,18704.42,25.0,56113.26,17709.2,Net Banking,Returned
1758,945,72,2025-08-05,3,4148.6,10.0,11201.22,4060.86,Debit Card,Delivered
1759,311,83,2025-07-14,4,54575.66,5.0,207387.51,49055.33,Wallet,Delivered
1760,456,99,2024-09-27,2,2129.54,20.0,3407.26,785.92,,Processing
1761,118,40,2024-09-12,4,2090.32,5.0,7943.22,2436.75,Cash on Delivery,Shipped
1762,700,67,2025-10-28,4,18767.35,25.0,56302.05,20080.84,Credit Card,Delivered
1763,615,83,2025-07-01,4,54575.66,25.0,163726.98,33651.73,Debit Card,Returned
1764,332,74,2025-11-15,4,7241.27,0.0,28965.08,10397.04,Debit Card,Processing
1765,578,96,2025-02-03,5,18704.42,10.0,84169.89,36448.85,Wallet,Delivered
1766,622,25,2024-03-30,5,2695.33,5.0,12802.82,4970.73,UPI,Processing
1767,685,39,2025-02-16,3,25526.93,15.0,65093.67,10542.57,Debit Card,Shipped
1768,908,56,2025-06-27,3,1831.05,20.0,4394.52,1323.09,Cash on Delivery,Delivered
1769,938,47,2024-03-09,2,3006.6,10.0,5411.88,1858.63,Cash on Delivery,Delivered
1770,515,58,2024-12-31,2,3255.82,10.0,5860.48,1975.81,UPI,Shipped
1771,485,34,2025-07-01,1,6016.67,0.0,6016.67,1810.42,Credit Card,Delivered
1772,227,30,2025-02-23,2,23124.95,15.0,39312.42,17324.5,Wallet,Delivered
1773,348,80,2024-01-31,2,4440.36,25.0,6660.54,1940.19,Wallet,Delivered
1774,111,48,2025-10-24,3,1050.32,25.0,2363.22,836.1,Wallet,Processing
1775,616,23,2024-05-06,2,5380.88,20.0,8609.41,1371.73,Credit Card,
1776,528,46,2024-06-09,1,1075.79,0.0,1075.79,207.01,Debit Card,Delivered
1777,1009,69,2024-08-09,2,23193.07,15.0,39428.22,14412.29,Credit Card,Delivered
1778,481,33,2025-04-13,3,4963.0,10.0,13400.1,3678.9,Wallet,Cancelled
1779,487,30,2024-09-05,5,23124.95,30.0,80937.32,15843.63,Net Banking,Shipped
1780,684,65,2024-12-17,3,21959.36,30.0,46114.66,17277.49,Net Banking,Processing
1781,418,51,2024-01-20,1,3311.31,15.0,2814.61,597.46,Debit Card,Processing
1782,683,14,2024-09-24,2,34858.1,15.0,59258.77,12388.18,Wallet,Delivered
1783,532,45,2024-08-04,5,2560.89,0.0,12804.45,4210.17,Cash on Delivery,Shipped
1784,937,69,2025-09-14,3,23193.07,30.0,48705.45,14637.06,Cash on Delivery,Shipped
1785,777,85,2025-01-24,4,2785.07,0.0,11140.28,3786.59,Wallet,Processing
1786,664,25,2025-02-01,4,2695.33,25.0,8085.99,2995.55,Cash on Delivery,Shipped
1787,651,56,2025-12-09,2,1831.05,15.0,3112.78,888.48,Cash on Delivery,Delivered
1788,981,46,2024-02-29,1,1075.79,25.0,806.84,224.81,Debit Card,Delivered
1789,191,93,2025-02-03,1,2525.17,10.0,2272.65,724.66,Cash on Delivery,Processing
1790,886,32,2024-02-12,1,5563.34,20.0,4450.67,808.26,Cash on Delivery,Cancelled
1791,301,78,2025-01-18,1,2305.12,10.0,2074.61,350.82,Credit Card,Delivered
1792,718,63,2025-10-31,5,23080.16,20.0,92320.64,17109.26,Wallet,Delivered
1793,995,76,2024-04-11,5,1202.91,0.0,6014.55,2304.09,Credit Card,Delivered
1794,953,99,2024-03-04,5,2129.54,10.0,9582.93,3389.3,Credit Card,Cancelled
1795,135,67,2025-09-20,4,18767.35,0.0,75069.4,24153.31,Net Banking,Cancelled
1796,382,24,2025-11-28,1,11430.81,30.0,8001.57,3566.24,Debit Card,Delivered
1797,1032,78,2024-05-20,2,2305.12,25.0,3457.68,1329.34,Debit Card,Delivered
1798,955,29,2024-05-24,3,1126.75,30.0,2366.17,649.19,Debit Card,Shipped
1799,1147,1,2024-09-12,1,309.05,0.0,309.05,63.08,Wallet,Delivered
1800,285,32,2025-03-21,4,5563.34,10.0,20028.02,8986.77,Net Banking,Delivered
1801,121,74,2024-02-11,2,7241.27,20.0,11586.03,5161.05,UPI,Returned
1802,1090,81,2024-01-02,5,11328.45,10.0,50978.03,10064.85,Debit Card,Delivered
1803,335,62,2024-12-31,2,385.07,0.0,770.14,186.61,Wallet,Processing
1804,745,24,2025-09-09,2,11430.81,15.0,19432.38,3416.16,Net Banking,Processing
1805,671,89,2024-03-18,5,3476.46,10.0,15644.07,3675.1,Wallet,Delivered
1806,826,100,2025-04-10,4,4404.3,10.0,15855.48,6278.11,Debit Card,Shipped
1807,248,70,2025-12-30,3,2491.61,5.0,7101.09,2009.19,Debit Card,Delivered
1808,121,21,2024-09-29,3,727.97,10.0,1965.52,531.59,Wallet,Cancelled
1809,503,43,2024-02-16,5,16482.05,5.0,78289.74,26661.34,Cash on Delivery,Delivered
1810,114,50,2025-11-30,4,12152.7,15.0,41319.18,15145.65,Net Banking,Returned
1811,646,48,2025-08-05,2,1050.32,30.0,1470.45,475.05,Wallet,Delivered
1812,446,70,2024-05-10,2,2491.61,15.0,4235.74,692.7,Cash on Delivery,Delivered
1813,345,62,2024-09-03,4,385.07,15.0,1309.24,381.04,Credit Card,Shipped
1814,694,76,2025-09-23,2,1202.91,10.0,2165.24,561.29,Debit Card,Delivered
1815,392,18,2025-07-23,5,28107.47,5.0,133510.48,50758.02,UPI,Delivered
1816,743,65,2024-01-25,5,21959.36,5.0,104306.96,33507.67,UPI,Processing
1817,1196,35,2025-11-05,3,13294.83,15.0,33901.82,12182.84,Net Banking,Delivered
1818,520,43,2024-09-06,5,16482.05,0.0,82410.25,15173.52,Debit Card,Returned
1819,69,87,2024-07-14,1,1767.23,20.0,1413.78,393.13,Wallet,Returned
1820,114,61,2025-07-21,3,3726.63,30.0,7825.92,3225.38,UPI,Delivered
1821,755,16,2025-11-13,1,1240.5,30.0,868.35,241.72,Debit Card,Processing
1822,312,2,2025-10-01,1,19784.61,30.0,13849.23,2469.67,Wallet,Shipped
1823,1071,35,2025-09-02,5,13294.83,5.0,63150.44,25219.76,Net Banking,Delivered
1824,521,17,2025-03-26,1,41583.23,15.0,35345.75,10032.49,Wallet,Delivered
1825,906,71,2025-01-10,1,4556.8,0.0,4556.8,1173.82,Cash on Delivery,Delivered
1826,642,98,2024-09-01,5,7242.33,20.0,28969.32,9373.31,UPI,Delivered
1827,713,90,2025-05-06,4,12971.56,5.0,49291.93,12463.47,Cash on Delivery,Delivered
1828,159,41,2025-06-06,2,4360.17,10.0,7848.31,1417.26,UPI,
1829,269,93,2024-06-28,5,2525.17,10.0,11363.27,2957.71,Cash on Delivery,Shipped
1830,455,6,2024-09-11,1,8514.19,0.0,8514.19,1862.02,UPI,Delivered
1831,1197,60,2025-08-03,5,38860.34,20.0,155441.36,50668.97,Debit Card,Cancelled
1832,251,74,2025-02-18,4,7241.27,30.0,20275.56,7816.12,,Delivered
1833,850,11,2024-12-16,1,11133.39,10.0,10020.05,2405.83,Wallet,Shipped
1834,407,49,2025-08-11,1,2372.32,0.0,2372.32,516.88,Wallet,Delivered
1835,901,70,2025-10-21,2,2491.61,20.0,3986.58,1538.23,Wallet,Delivered
1836,774,83,2024-05-04,2,54575.66,10.0,98236.19,23465.34,Net Banking,Shipped
1837,274,63,2024-01-03,4,23080.16,20.0,73856.51,13041.07,Debit Card,Delivered
1838,97,41,2025-07-01,3,4360.17,5.0,12426.48,4596.69,Credit Card,Delivered
1839,382,37,2025-09-20,4,16932.2,15.0,57569.48,14557.39,Debit Card,Processing
1840,303,94,2025-04-30,3,4986.96,5.0,14212.84,5112.51,UPI,Returned
1841,282,33,2025-11-05,1,4963.0,5.0,4714.85,2076.18,UPI,Processing
1842,484,58,2024-11-25,3,3255.82,0.0,9767.46,3018.96,,Processing
1843,850,68,2024-06-03,5,3680.19,10.0,16560.85,4964.03,Debit Card,Delivered
1844,813,40,2025-08-19,5,2090.32,0.0,10451.6,2302.38,Credit Card,Shipped
1845,593,89,2024-06-24,5,3476.46,10.0,15644.07,4029.77,Credit Card,Delivered
1846,1199,51,2024-12-11,1,3311.31,0.0,3311.31,567.97,Wallet,Delivered
1847,1093,90,2024-05-04,4,12971.56,20.0,41508.99,9053.29,Debit Card,Shipped
1848,81,86,2025-11-06,2,1823.21,30.0,2552.49,654.08,Wallet,Shipped
1849,1190,56,2024-04-06,4,1831.05,15.0,6225.57,2722.3,Net Banking,Shipped
1850,107,89,2024-08-17,2,3476.46,5.0,6605.27,1384.99,Credit Card,Returned
1851,639,63,2025-03-27,5,23080.16,25.0,86550.6,33289.26,Net Banking,Delivered
1852,185,28,2024-03-11,4,4976.19,10.0,17914.28,3155.15,Net Banking,Shipped
1853,388,36,2025-03-14,5,9396.66,30.0,32888.31,7117.54,Cash on Delivery,Returned
1854,951,92,2025-03-14,4,1199.49,0.0,4797.96,1361.57,Wallet,Delivered
1855,621,4,2024-07-30,1,7110.01,0.0,7110.01,2572.37,Cash on Delivery,Delivered
1856,65,79,2025-08-17,3,1836.83,20.0,4408.39,1942.11,Net Banking,Processing
1857,528,15,2025-05-01,2,27037.12,15.0,45963.1,7859.78,Cash on Delivery,Processing
1858,1198,42,2025-06-17,1,1050.19,,892.66,363.02,Net Banking,Delivered
1859,1152,99,2024-02-28,5,2129.54,10.0,9582.93,3619.33,Credit Card,Delivered
1860,276,15,2024-06-12,2,27037.12,0.0,54074.24,22651.53,Net Banking,Delivered
1861,1029,78,2024-08-25,2,2305.12,15.0,3918.7,991.48,Debit Card,Delivered
1862,947,33,2025-06-18,1,4963.0,15.0,4218.55,1327.73,Credit Card,Cancelled
1863,526,99,2025-03-20,4,2129.54,25.0,6388.62,2613.26,UPI,Delivered
1864,786,88,2024-07-21,4,2398.33,20.0,7674.66,1792.43,Net Banking,Cancelled
1865,431,56,2024-05-24,5,1831.05,,6866.44,1340.9,Cash on Delivery,Delivered
1866,276,43,2025-06-22,4,16482.05,0.0,65928.2,23197.87,Wallet,Delivered
1867,1175,29,2024-11-15,5,1126.75,0.0,5633.75,1927.7,Net Banking,Delivered
1868,855,51,2024-04-15,1,3311.31,15.0,2814.61,437.53,Net Banking,Shipped
1869,1078,99,2024-03-26,1,2129.54,20.0,1703.63,484.7,UPI,Delivered
1870,856,64,2024-06-04,5,5281.37,25.0,19805.14,4071.09,UPI,Delivered
1871,654,65,2025-11-20,4,21959.36,15.0,74661.82,26492.35,Debit Card,Shipped
1872,1058,11,2025-06-10,3,11133.39,20.0,26720.14,10861.2,Net Banking,Cancelled
1873,91,29,2024-09-07,5,1126.75,25.0,4225.31,1075.9,Debit Card,Delivered
1874,718,84,2024-11-14,5,4924.84,0.0,24624.2,10257.49,Net Banking,Returned
1875,1199,34,2024-07-12,2,6016.67,5.0,11431.67,2928.73,Debit Card,Processing
1876,568,19,2025-01-09,1,3365.11,15.0,2860.34,1239.8,UPI,Processing
1877,1123,12,2024-01-11,2,2947.1,10.0,5304.78,2076.53,Debit Card,Delivered
1878,648,60,2025-11-27,2,38860.34,15.0,66062.58,15450.72,UPI,Delivered
1879,1033,64,2025-03-03,5,5281.37,20.0,21125.48,3579.69,Debit Card,Delivered
1880,865,38,2025-11-03,5,2438.66,15.0,10364.3,2283.28,Credit Card,Cancelled
1881,546,92,2024-12-19,1,1199.49,20.0,959.59,373.06,Wallet,Shipped
1882,935,25,2024-05-12,4,2695.33,10.0,9703.19,2783.29,Cash on Delivery,Returned
1883,135,66,2025-01-09,3,4204.22,0.0,12612.66,4921.91,Net Banking,Delivered
1884,32,46,2024-09-08,3,1075.79,20.0,2581.9,1022.94,Net Banking,Shipped
1885,372,92,2025-05-31,1,1199.49,15.0,1019.57,444.86,Net Banking,Shipped
1886,638,91,2024-01-25,4,952.87,25.0,2858.61,1093.01,Debit Card,Shipped
1887,1054,62,2024-02-09,1,385.07,20.0,308.06,89.45,Debit Card,Returned
1888,135,5,2024-12-25,2,18086.09,5.0,34363.57,14049.38,Cash on Delivery,Shipped
1889,195,68,2024-07-16,2,3680.19,20.0,5888.3,1757.67,Cash on Delivery,Processing
1890,419,44,2025-03-26,1,4408.77,20.0,3527.02,1010.67,Net Banking,Returned
1891,995,82,2025-07-04,2,16836.84,10.0,30306.31,4933.87,Wallet,Delivered
1892,1075,15,2024-07-19,4,27037.12,25.0,81111.36,13932.89,Debit Card,Processing
1893,72,28,2025-11-11,5,4976.19,0.0,24880.95,8040.5,Wallet,Delivered
1894,454,14,2025-02-13,2,34858.1,5.0,66230.39,13837.52,Credit Card,Delivered
1895,1153,50,2025-06-19,1,12152.7,10.0,10937.43,4011.98,Wallet,Delivered
1896,851,1,2024-08-06,4,309.05,0.0,1236.2,272.08,Cash on Delivery,Delivered
1897,338,92,2025-09-19,1,1199.49,15.0,1019.57,268.47,Cash on Delivery,Processing
1898,693,51,2024-03-22,1,3311.31,25.0,2483.48,455.42,Debit Card,Delivered
1899,508,56,2024-02-01,4,1831.05,20.0,5859.36,1075.64,Wallet,Delivered
1900,1013,67,2025-04-19,4,18767.35,0.0,75069.4,15276.3,Debit Card,Shipped
1901,414,6,2024-02-01,4,8514.19,10.0,30651.08,13156.07,Cash on Delivery,Shipped
1902,728,85,2025-01-13,2,2785.07,15.0,4734.62,2121.19,UPI,Cancelled
1903,578,27,2025-03-29,5,52193.82,0.0,260969.1,109824.94,Debit Card,Processing
1904,542,12,2025-11-20,2,2947.1,10.0,5304.78,2316.25,Net Banking,Delivered
1905,684,39,2024-10-03,5,25526.93,15.0,108489.45,23907.38,Cash on Delivery,Delivered
1906,1018,38,2024-11-18,1,2438.66,10.0,2194.79,615.54,Wallet,Cancelled
1907,111,24,2024-11-08,5,11430.81,10.0,51438.64,13995.94,Credit Card,Delivered
1908,394,14,2024-02-06,2,34858.1,10.0,62744.58,21930.14,UPI,Shipped
1909,767,4,2024-03-02,1,7110.01,5.0,6754.51,2146.94,Wallet,Delivered
1910,297,85,2025-03-12,1,2785.07,20.0,2228.06,818.02,Cash on Delivery,Cancelled
1911,730,62,2025-07-14,4,385.07,5.0,1463.27,552.14,Net Banking,Delivered
1912,570,32,2025-05-17,1,5563.34,5.0,5285.17,2137.94,Credit Card,Delivered
1913,689,44,2025-05-20,1,4408.77,15.0,3747.45,1350.99,Cash on Delivery,Returned
1914,663,41,2025-09-27,5,4360.17,10.0,19620.76,4718.62,Net Banking,Cancelled
1915,784,49,2024-05-16,1,2372.32,20.0,1897.86,848.07,Credit Card,Delivered
1916,918,12,2024-03-18,4,2947.1,20.0,9430.72,2654.08,Cash on Delivery,Processing
1917,587,86,2025-02-15,3,1823.21,30.0,3828.74,1312.21,Net Banking,Processing
1918,206,90,2024-10-30,2,12971.56,0.0,25943.12,10810.09,Wallet,Delivered
1919,399,61,2025-03-21,5,3726.63,10.0,16769.84,7090.14,Wallet,Delivered
1920,449,76,2025-04-15,4,1202.91,0.0,4811.64,1558.72,Net Banking,Shipped
1921,810,26,2024-12-21,3,56093.06,15.0,143037.3,47079.12,Net Banking,Delivered
1922,38,68,2025-07-21,1,3680.19,20.0,2944.15,912.47,Credit Card,Delivered
1923,1064,78,2024-05-05,2,2305.12,5.0,4379.73,1832.87,UPI,Delivered
1924,807,77,2025-08-14,3,1568.22,10.0,4234.19,1525.77,Debit Card,Delivered
1925,787,84,2024-11-05,1,4924.84,25.0,3693.63,1632.32,UPI,Delivered
1926,627,76,2025-07-23,1,1202.91,15.0,1022.47,179.0,Credit Card,Shipped
1927,945,18,2024-07-03,4,28107.47,10.0,101186.89,45134.11,Debit Card,Processing
1928,585,10,2024-11-10,1,46405.07,20.0,37124.06,11617.09,Cash on Delivery,Delivered
1929,1135,73,2024-02-27,2,2450.92,5.0,4656.75,1647.28,Debit Card,Delivered
1930,1053,1,2024-06-20,3,309.05,0.0,927.15,145.56,UPI,Delivered
1931,89,73,2025-12-15,4,2450.92,10.0,8823.31,1855.79,Debit Card,Shipped
1932,1154,50,2025-06-04,3,12152.7,25.0,27343.58,11575.87,Debit Card,Shipped
1933,1041,37,2025-06-25,3,16932.2,25.0,38097.45,10228.94,Credit Card,Shipped
1934,31,33,2025-11-10,4,4963.0,25.0,14889.0,3013.7,Net Banking,Cancelled
1935,125,35,2025-10-10,3,13294.83,25.0,29913.37,5291.09,UPI,Delivered
1936,177,53,2024-09-10,2,328.56,25.0,492.84,135.99,Cash on Delivery,Delivered
1937,1113,31,2025-06-25,5,7500.95,10.0,33754.28,14148.37,UPI,Processing
1938,363,57,2024-12-26,5,1664.71,10.0,7491.19,1228.0,Credit Card,Delivered
1939,397,45,2025-08-01,1,2560.89,10.0,2304.8,473.85,Credit Card,Delivered
1940,944,97,2025-10-15,4,1127.53,25.0,3382.59,1490.13,Debit Card,Delivered
1941,1123,86,2024-03-17,5,1823.21,20.0,7292.84,1816.21,Wallet,Shipped
1942,979,39,2024-07-04,4,25526.93,15.0,86791.56,23751.31,Debit Card,Cancelled
1943,1021,48,2025-06-03,1,1050.32,5.0,997.8,195.75,Credit Card,Cancelled
1944,11,72,2024-02-10,4,4148.6,20.0,13275.52,4350.59,Debit Card,Processing
1945,139,11,2024-02-15,3,11133.39,15.0,28390.14,5188.0,Debit Card,Delivered
1946,113,27,2025-04-26,5,52193.82,25.0,195726.83,38372.53,Wallet,Delivered
1947,628,57,2024-02-23,5,1664.71,25.0,6242.66,1306.7,Debit Card,Cancelled
1948,983,92,2024-03-24,2,1199.49,30.0,1679.29,481.23,Credit Card,Delivered
1949,793,51,2024-05-28,4,3311.31,20.0,10596.19,2186.49,Debit Card,Delivered
1950,60,64,2024-01-16,5,5281.37,5.0,25086.51,6586.15,Wallet,Delivered
1951,572,63,2024-03-02,3,23080.16,20.0,55392.38,14522.06,Cash on Delivery,Delivered
1952,109,55,2025-02-03,5,3119.28,20.0,12477.12,4424.77,Credit Card,Processing
1953,1004,15,2024-10-19,4,27037.12,5.0,102741.06,29958.82,Debit Card,Shipped
1954,385,81,2024-06-04,4,11328.45,15.0,38516.73,6271.22,Cash on Delivery,Shipped
1955,1084,61,2025-04-28,5,3726.63,5.0,17701.49,4605.53,Credit Card,Shipped
1956,469,52,2024-01-18,4,2413.75,15.0,8206.75,2558.93,Debit Card,Delivered
1957,1063,47,2025-11-12,5,3006.6,5.0,14281.35,4853.49,Wallet,Cancelled
1958,1189,54,2024-01-25,5,3017.65,0.0,15088.25,2607.68,,Delivered
1959,369,42,2024-08-23,2,1050.19,15.0,1785.32,725.73,Credit Card,Delivered
1960,959,60,2025-02-18,3,38860.34,5.0,110751.97,44017.82,Wallet,Delivered
1961,472,79,2025-05-23,1,1836.83,20.0,1469.46,440.51,Net Banking,Delivered
1962,675,68,2024-02-11,4,3680.19,20.0,11776.61,3842.94,Credit Card,Delivered
1963,745,95,2025-04-20,1,10524.46,10.0,9472.01,3235.81,Credit Card,Returned
1964,128,40,2025-12-03,2,2090.32,30.0,2926.45,1286.02,Credit Card,Returned
1965,186,84,2025-11-09,2,4924.84,15.0,8372.23,1762.44,UPI,Delivered
1966,384,25,2025-04-04,1,2695.33,0.0,2695.33,1010.91,UPI,Shipped
1967,212,37,2024-09-13,3,16932.2,5.0,48256.77,18905.47,UPI,Delivered
1968,781,34,2025-05-03,2,6016.67,20.0,9626.67,3229.57,Debit Card,Processing
1969,1047,6,2025-09-04,5,8514.19,5.0,40442.4,17682.93,UPI,Delivered
1970,675,30,2024-12-01,1,23124.95,20.0,18499.96,4992.85,Cash on Delivery,Returned
1971,679,47,2024-10-31,1,3006.6,20.0,2405.28,922.69,Wallet,Delivered
1972,212,29,2024-08-27,4,1126.75,10.0,4056.3,1103.48,Credit Card,Processing
1973,1042,94,2024-03-26,1,4986.96,5.0,4737.61,1293.59,Credit Card,Delivered
1974,118,84,2025-04-01,4,4924.84,5.0,18714.39,4671.19,Cash on Delivery,Shipped
1975,473,86,2025-01-06,2,1823.21,20.0,2917.14,654.61,Credit Card,Shipped
1976,288,4,2025-05-08,2,7110.01,10.0,12798.02,4085.98,Credit Card,Processing
1977,652,1,2025-04-07,3,309.05,5.0,880.79,225.44,Cash on Delivery,Delivered
1978,817,43,2025-01-31,2,16482.05,10.0,29667.69,6718.69,Credit Card,Delivered
1979,436,78,2024-11-09,4,2305.12,25.0,6915.36,2572.21,Debit Card,Delivered
1980,608,25,2025-10-29,4,2695.33,15.0,9164.12,2109.52,Cash on Delivery,Delivered
1981,774,61,2025-09-06,5,3726.63,0.0,18633.15,3025.18,Debit Card,Returned
1982,1071,7,2025-08-13,5,4635.61,15.0,19701.34,8155.4,Credit Card,Processing
1983,969,16,2025-10-12,5,1240.5,5.0,5892.38,2368.01,Credit Card,Shipped
1984,86,20,2024-05-16,2,580.65,5.0,1103.23,395.25,Credit Card,Returned
1985,252,49,2025-02-17,2,2372.32,5.0,4507.41,2002.77,Debit Card,Delivered
1986,438,100,2024-01-20,1,4404.3,10.0,3963.87,890.84,UPI,Delivered
1987,220,68,2025-12-16,4,3680.19,25.0,11040.57,4358.86,UPI,Cancelled
1988,954,51,2025-12-14,5,3311.31,5.0,15728.72,2608.79,Cash on Delivery,Processing
1989,421,22,2025-06-18,1,29648.84,30.0,20754.19,8369.97,,Delivered
1990,933,97,2025-06-13,5,1127.53,20.0,4510.12,1336.92,UPI,Cancelled
1991,818,19,2025-01-16,1,3365.11,5.0,3196.85,1363.23,UPI,Delivered
1992,1177,70,2024-05-26,3,2491.61,5.0,7101.09,2721.93,Cash on Delivery,Shipped
1993,626,40,2024-02-15,5,2090.32,15.0,8883.86,3229.6,Credit Card,Cancelled
1994,718,53,2024-09-23,3,328.56,10.0,887.11,254.67,Cash on Delivery,Shipped
1995,347,7,2025-07-30,3,4635.61,0.0,13906.83,3233.31,Credit Card,Delivered
1996,730,32,2024-02-25,5,5563.34,10.0,25035.03,9197.54,Wallet,Delivered
1997,373,58,2025-12-08,2,3255.82,25.0,4883.73,1197.34,Debit Card,Delivered
1998,5,2,2024-06-18,5,19784.61,15.0,84084.59,32669.02,UPI,Cancelled
1999,661,58,2024-02-12,2,3255.82,30.0,4558.15,1303.94,Cash on Delivery,Delivered
2000,199,52,2025-12-02,1,2413.75,10.0,2172.38,677.05,Debit Card,Delivered
2001,62,17,2025-06-07,3,41583.23,25.0,93562.27,21452.06,UPI,Delivered
2002,116,100,2024-01-04,3,4404.3,15.0,11230.97,4076.05,Credit Card,Processing
2003,941,48,2025-11-04,4,1050.32,25.0,3150.96,772.48,Credit Card,Processing
2004,1077,70,2025-02-18,5,2491.61,10.0,11212.25,2101.18,,Delivered
2005,991,95,2025-04-28,2,10524.46,20.0,16839.14,5910.39,Wallet,Delivered
2006,1144,23,2024-09-15,3,5380.88,10.0,14528.38,5336.48,Wallet,Cancelled
2007,18,84,2025-04-25,1,4924.84,15.0,4186.11,1603.2,Debit Card,Shipped
2008,259,17,2024-03-31,4,41583.23,5.0,158016.27,30627.23,Debit Card,Delivered
2009,420,22,2024-08-12,5,29648.84,20.0,118595.36,43929.18,Cash on Delivery,Delivered
2010,1154,60,2024-08-01,1,38860.34,5.0,36917.32,9003.96,Debit Card,Delivered
2011,918,90,2025-02-19,2,12971.56,5.0,24645.96,8439.1,Credit Card,Returned
2012,176,68,2025-06-08,1,3680.19,20.0,2944.15,1110.4,Cash on Delivery,Delivered
2013,996,43,2025-07-24,5,16482.05,10.0,74169.23,33163.37,Wallet,Delivered
2014,793,60,2025-01-31,2,38860.34,15.0,66062.58,21927.32,UPI,Cancelled
2015,497,73,2024-02-01,1,2450.92,20.0,1960.74,416.91,Wallet,Cancelled
2016,797,73,2025-08-10,4,2450.92,10.0,8823.31,3044.25,Credit Card,Delivered
2017,599,96,2025-11-28,4,18704.42,10.0,67335.91,11281.77,UPI,Delivered
2018,841,42,2025-10-24,5,1050.19,15.0,4463.31,1366.81,Debit Card,Cancelled
2019,448,27,2024-08-27,2,52193.82,15.0,88729.49,16327.58,Credit Card,Delivered
2020,138,76,2025-11-24,4,1202.91,10.0,4330.48,1484.1,Cash on Delivery,Delivered
2021,599,68,2024-05-18,3,3680.19,20.0,8832.46,3831.08,Credit Card,Delivered
2022,983,60,2025-10-05,2,38860.34,5.0,73834.65,29234.44,UPI,Delivered
2023,658,41,2025-04-23,4,4360.17,25.0,13080.51,3828.0,Debit Card,Delivered
2024,639,95,2025-08-08,3,10524.46,10.0,28416.04,11960.47,UPI,Delivered
2025,41,59,2025-12-09,1,25615.37,0.0,25615.37,5180.11,Credit Card,Shipped
2026,142,36,2024-09-14,2,9396.66,20.0,15034.66,6497.54,Wallet,Cancelled
2027,1060,42,2024-04-24,2,1050.19,20.0,1680.3,394.21,UPI,Delivered
2028,364,70,2024-04-24,5,2491.61,30.0,8720.64,2834.32,Net Banking,Returned
2029,1016,18,2025-11-23,4,28107.47,25.0,84322.41,20539.56,Credit Card,Delivered
2030,132,99,2024-03-03,4,2129.54,30.0,5962.71,2012.85,Net Banking,Delivered
2031,584,27,2024-07-01,3,52193.82,15.0,133094.24,50716.06,Net Banking,Delivered
2032,901,57,2025-03-31,4,1664.71,5.0,6325.9,1642.74,Debit Card,Shipped
2033,375,45,2024-02-04,4,2560.89,15.0,8707.03,3171.74,Credit Card,Returned
2034,1145,12,2024-03-10,5,2947.1,20.0,11788.4,4927.63,Wallet,Delivered
2035,883,4,2024-02-26,3,7110.01,30.0,14931.02,5069.64,Debit Card,Delivered
2036,611,39,2025-01-30,5,25526.93,5.0,121252.92,34430.25,Cash on Delivery,Delivered
2037,1103,75,2025-04-08,4,72689.52,20.0,232606.46,78309.07,Debit Card,Shipped
2038,720,99,2025-05-12,3,2129.54,25.0,4791.47,1798.53,Net Banking,Delivered
2039,811,97,2025-03-24,1,1127.53,25.0,845.65,225.21,Debit Card,Delivered
2040,1103,73,2025-08-23,3,2450.92,15.0,6249.85,2131.22,Cash on Delivery,Delivered
2041,804,26,2025-08-17,5,56093.06,10.0,252418.77,56653.95,Net Banking,Delivered
2042,611,58,2025-12-25,2,3255.82,15.0,5534.89,1724.37,UPI,Delivered
2043,210,22,2024-11-30,4,29648.84,0.0,118595.36,24868.55,UPI,Delivered
2044,751,56,2024-07-28,3,1831.05,20.0,4394.52,1274.9,UPI,Delivered
2045,869,55,2024-08-11,3,3119.28,15.0,7954.16,3496.23,Cash on Delivery,Delivered
2046,43,7,2025-05-18,3,4635.61,10.0,12516.15,4820.97,Net Banking,Shipped
2047,1200,3,2025-03-04,3,4826.77,10.0,13032.28,4929.77,Wallet,Delivered
2048,625,27,2025-02-16,3,52193.82,10.0,140923.31,41836.2,UPI,Delivered
2049,1105,62,2024-07-09,4,385.07,30.0,1078.2,419.49,UPI,Delivered
2050,251,34,2025-10-13,2,6016.67,10.0,10830.01,2465.41,Debit Card,Delivered
2051,768,55,2025-04-26,3,3119.28,15.0,7954.16,1834.79,,Shipped
2052,390,58,2025-01-18,2,3255.82,25.0,4883.73,1092.11,UPI,Cancelled
2053,272,73,2024-02-20,2,2450.92,10.0,4411.66,1473.23,,Delivered
2054,43,42,2024-09-09,3,1050.19,25.0,2362.93,961.33,UPI,Delivered
2055,309,79,2024-08-25,4,1836.83,5.0,6979.95,1846.45,Credit Card,Cancelled
2056,910,83,2024-08-20,5,54575.66,15.0,231946.56,88666.08,UPI,Processing
2057,1052,68,2025-01-22,4,3680.19,30.0,10304.53,2829.99,Debit Card,Shipped
2058,1086,16,2024-05-12,3,1240.5,20.0,2977.2,466.28,Cash on Delivery,Delivered
2059,1084,34,2024-06-05,5,6016.67,0.0,30083.35,7822.88,Credit Card,Delivered
2060,643,14,2024-04-30,3,34858.1,0.0,104574.3,23628.31,Cash on Delivery,Shipped
2061,444,65,2024-02-19,3,21959.36,0.0,65878.08,13799.28,Credit Card,Delivered
2062,151,98,2025-11-23,5,7242.33,5.0,34401.07,5434.98,Credit Card,Delivered
2063,1064,17,2025-05-13,3,41583.23,20.0,99799.75,18432.25,Net Banking,Returned
2064,907,57,2024-01-13,2,1664.71,0.0,3329.42,588.95,Net Banking,Returned
2065,964,31,2024-06-17,5,7500.95,15.0,31879.04,13384.52,Debit Card,Returned
2066,724,58,2024-08-13,2,3255.82,30.0,4558.15,1485.07,UPI,Delivered
2067,782,72,2025-12-06,4,4148.6,10.0,14934.96,6272.78,UPI,Delivered
2068,993,62,2025-05-06,1,385.07,0.0,385.07,74.0,Wallet,Processing
2069,401,95,2024-07-20,2,10524.46,10.0,18944.03,4765.49,UPI,Returned
2070,1111,28,2024-10-31,2,4976.19,5.0,9454.76,2286.23,Net Banking,Processing
2071,1107,80,2025-07-21,2,4440.36,30.0,6216.5,2572.99,UPI,Delivered
2072,593,90,2025-01-27,4,12971.56,15.0,44103.3,18825.99,Cash on Delivery,Delivered
2073,443,54,2024-03-01,4,3017.65,15.0,10260.01,3522.75,Debit Card,Processing
2074,62,13,2024-12-29,1,6497.88,10.0,5848.09,2166.11,Net Banking,Delivered
2075,611,7,2024-07-15,4,4635.61,10.0,16688.2,6014.95,Credit Card,Delivered
2076,1193,47,2025-01-08,3,3006.6,10.0,8117.82,3638.77,Debit Card,Cancelled
2077,1197,48,2024-04-11,4,1050.32,30.0,2940.9,1320.91,Wallet,Delivered
2078,811,46,2024-11-30,2,1075.79,0.0,2151.58,329.44,Wallet,Delivered
2079,220,40,2025-02-07,1,2090.32,15.0,1776.77,535.76,Net Banking,Delivered
2080,259,72,2024-01-10,2,4148.6,10.0,7467.48,2284.55,Wallet,Processing
2081,37,72,2024-10-05,5,4148.6,30.0,14520.1,5709.98,Wallet,Shipped
2082,469,50,2024-02-02,1,12152.7,0.0,12152.7,2136.12,Cash on Delivery,Shipped
2083,783,57,2024-07-06,3,1664.71,30.0,3495.89,800.72,Cash on Delivery,
2084,969,8,2024-01-16,3,2763.21,5.0,7875.15,1995.84,UPI,Shipped
2085,879,33,2025-10-07,5,4963.0,0.0,24815.0,5384.46,Debit Card,Delivered
2086,578,70,2024-01-19,4,2491.61,20.0,7973.15,2824.99,Cash on Delivery,Delivered
2087,253,61,2025-04-04,2,3726.63,15.0,6335.27,2025.78,Wallet,Shipped
2088,1054,82,2024-03-21,3,16836.84,10.0,45459.47,7697.63,Cash on Delivery,Shipped
2089,52,3,2025-08-15,4,4826.77,5.0,18341.73,3426.6,Cash on Delivery,Shipped
2090,1138,93,2025-01-24,4,2525.17,10.0,9090.61,3862.83,Net Banking,Cancelled
2091,65,33,2025-05-04,2,4963.0,5.0,9429.7,1435.93,Debit Card,Delivered
2092,1132,95,2024-07-09,1,10524.46,10.0,9472.01,1512.34,Cash on Delivery,Cancelled
2093,1093,76,2024-04-24,1,1202.91,20.0,962.33,148.03,UPI,Cancelled
2094,448,13,2024-10-25,5,6497.88,15.0,27615.99,11627.71,Wallet,Delivered
2095,617,5,2025-05-08,2,18086.09,25.0,27129.14,10318.28,Debit Card,Delivered
2096,1141,69,2025-04-30,5,23193.07,15.0,98570.55,17772.15,Wallet,Returned
2097,1146,65,2025-11-30,4,21959.36,0.0,87837.44,28266.69,Wallet,Processing
2098,346,53,2025-05-10,2,328.56,30.0,459.98,194.73,Net Banking,Returned
2099,1060,11,2025-12-30,2,11133.39,15.0,18926.76,6578.13,Net Banking,Processing
2100,820,15,2025-08-28,1,27037.12,5.0,25685.26,11155.26,Credit Card,Delivered
2101,53,14,2025-03-23,2,34858.1,25.0,52287.15,8648.42,Cash on Delivery,Delivered
2102,987,89,2025-02-19,1,3476.46,10.0,3128.81,1006.3,UPI,Returned
2103,815,64,2025-09-23,2,5281.37,15.0,8978.33,1476.4,Credit Card,Processing
2104,71,38,2024-06-07,5,2438.66,25.0,9144.97,4110.16,UPI,Shipped
2105,909,9,2024-07-24,4,26733.44,15.0,90893.7,17375.89,UPI,Shipped
2106,988,43,2024-10-05,3,16482.05,15.0,42029.23,12646.98,UPI,Delivered
2107,1042,96,2024-06-28,2,18704.42,,37408.84,6714.62,Credit Card,Shipped
2108,693,28,2024-04-21,4,4976.19,15.0,16919.05,6339.75,Debit Card,Shipped
2109,891,24,2024-07-01,2,11430.81,0.0,22861.62,8354.28,Debit Card,Processing
2110,297,20,2025-02-20,1,580.65,15.0,493.55,188.72,Credit Card,Delivered
2111,155,89,2024-07-14,4,3476.46,15.0,11819.96,4320.85,Debit Card,Processing
2112,150,35,2025-02-19,4,13294.83,30.0,37225.52,12861.56,Net Banking,Processing
2113,507,56,2025-08-18,2,1831.05,0.0,3662.1,971.18,Net Banking,Shipped
2114,358,9,2025-05-27,5,26733.44,15.0,113617.12,29771.77,Debit Card,Delivered
2115,28,88,2024-08-31,1,2398.33,30.0,1678.83,738.63,Wallet,Shipped
2116,250,34,2024-03-03,4,6016.67,5.0,22863.35,5325.53,Credit Card,Delivered
2117,1127,7,2025-08-22,3,4635.61,5.0,13211.49,2109.75,Debit Card,Delivered
2118,130,64,2024-12-18,5,5281.37,30.0,18484.79,6425.6,Net Banking,Shipped
2119,631,45,2025-05-25,4,2560.89,10.0,9219.2,3520.48,Wallet,Delivered
2120,101,89,2025-12-02,5,3476.46,5.0,16513.18,4809.56,Cash on Delivery,Shipped
2121,842,36,2024-11-08,3,9396.66,20.0,22551.98,8609.53,UPI,Delivered
2122,632,72,2024-01-03,5,4148.6,20.0,16594.4,2510.45,Cash on Delivery,Delivered
2123,1107,74,2024-08-15,5,7241.27,15.0,30775.4,4956.62,Net Banking,Processing
2124,1194,25,2025-12-31,4,2695.33,15.0,9164.12,1601.06,Net Banking,Processing
2125,1088,12,2025-07-09,2,2947.1,5.0,5599.49,1083.06,Cash on Delivery,Delivered
2126,280,74,2025-01-14,1,7241.27,30.0,5068.89,1534.26,UPI,Delivered
2127,38,28,2024-06-01,4,4976.19,15.0,16919.05,5255.26,Credit Card,Cancelled
2128,398,61,2025-07-18,2,3726.63,10.0,6707.93,1044.1,Cash on Delivery,Shipped
2129,714,43,2025-11-12,5,16482.05,25.0,61807.69,14092.8,Net Banking,Delivered
2130,921,71,2025-01-05,4,4556.8,15.0,15493.12,5252.56,Credit Card,Delivered
2131,40,95,2024-11-23,1,10524.46,20.0,8419.57,3077.85,Debit Card,Delivered
2132,35,84,2024-11-09,2,4924.84,10.0,8864.71,2210.56,Debit Card,Delivered
2133,119,8,2025-08-31,2,2763.21,0.0,5526.42,2382.58,Wallet,Shipped
2134,250,36,2025-05-23,1,9396.66,20.0,7517.33,2175.15,Wallet,Delivered
2135,824,1,2024-04-17,4,309.05,10.0,1112.58,417.18,Wallet,Delivered
2136,1170,91,2024-01-24,3,952.87,10.0,2572.75,854.09,Wallet,Delivered
2137,634,41,2024-08-26,5,4360.17,20.0,17440.68,5369.16,UPI,Delivered
2138,369,48,2025-03-22,2,1050.32,5.0,1995.61,481.2,Credit Card,Cancelled
2139,887,91,2025-04-30,5,952.87,15.0,4049.7,864.01,Debit Card,Delivered
2140,1112,80,2024-10-28,1,4440.36,30.0,3108.25,531.92,Credit Card,Processing
2141,677,30,2025-05-03,5,23124.95,0.0,115624.75,45508.52,Credit Card,Processing
2142,741,87,2025-10-07,1,1767.23,10.0,1590.51,498.71,Credit Card,Delivered
2143,730,87,2025-08-21,2,1767.23,5.0,3357.74,1098.79,Wallet,Cancelled
2144,853,73,2024-06-06,2,2450.92,30.0,3431.29,977.0,Credit Card,Delivered
2145,1149,20,2025-07-07,5,580.65,20.0,2322.6,893.35,Wallet,Delivered
2146,110,61,2024-06-30,4,3726.63,5.0,14161.19,5876.42,UPI,Delivered
2147,726,49,2025-03-11,3,2372.32,20.0,5693.57,2128.26,UPI,Cancelled
2148,1065,77,2025-12-02,4,1568.22,5.0,5959.24,1566.39,Credit Card,Delivered
2149,762,9,2024-12-17,1,26733.44,15.0,22723.42,4740.03,Net Banking,Returned
2150,311,97,2025-08-01,4,1127.53,10.0,4059.11,1743.77,UPI,Cancelled
2151,1091,75,2024-03-15,4,72689.52,20.0,232606.46,84772.32,UPI,Cancelled
2152,1121,3,2025-06-24,3,4826.77,0.0,14480.31,6393.15,Debit Card,Delivered
2153,628,60,2025-04-14,4,38860.34,30.0,108808.95,43239.74,UPI,Delivered
2154,331,96,2025-12-23,1,18704.42,15.0,15898.76,4409.21,Cash on Delivery,Delivered
2155,163,26,2025-12-12,1,56093.06,10.0,50483.75,18974.52,Net Banking,Delivered
2156,670,58,2025-06-16,4,3255.82,15.0,11069.79,1822.22,Net Banking,Delivered
2157,900,64,2024-11-08,1,5281.37,20.0,4225.1,1264.3,Net Banking,Delivered
2158,251,51,2025-05-31,4,3311.31,15.0,11258.45,3588.78,Net Banking,Shipped
2159,688,58,2025-07-25,2,3255.82,15.0,5534.89,1636.24,Credit Card,Delivered
2160,989,88,2024-11-14,1,2398.33,25.0,1798.75,678.69,Wallet,Cancelled
2161,1134,14,2025-12-22,5,34858.1,5.0,165575.98,53368.28,UPI,Delivered
2162,1181,35,2025-09-05,3,13294.83,0.0,39884.49,6551.13,Debit Card,Delivered
2163,818,89,2025-02-13,5,3476.46,0.0,17382.3,6440.97,Cash on Delivery,Delivered
2164,405,97,2024-02-22,3,1127.53,20.0,2706.07,1077.13,Debit Card,Shipped
2165,847,47,2024-08-22,1,3006.6,5.0,2856.27,1164.47,Cash on Delivery,Delivered
2166,744,52,2025-08-24,2,2413.75,0.0,4827.5,886.04,Cash on Delivery,Returned
2167,130,5,2025-02-20,5,18086.09,10.0,81387.4,20393.36,Wallet,Processing
2168,210,7,2025-09-07,4,4635.61,30.0,12979.71,5545.49,Wallet,Shipped
2169,201,28,2024-10-11,1,4976.19,5.0,4727.38,799.25,Net Banking,Delivered
2170,821,38,2025-12-20,3,2438.66,10.0,6584.38,2032.86,Cash on Delivery,Shipped
2171,873,68,2025-08-14,3,3680.19,15.0,9384.48,4101.37,Debit Card,Delivered
2172,601,73,2024-07-27,4,2450.92,15.0,8333.13,2676.79,Credit Card,Delivered
2173,964,16,2025-08-22,5,1240.5,5.0,5892.38,1933.68,Cash on Delivery,Shipped
2174,229,90,2024-11-14,1,12971.56,25.0,9728.67,2161.28,Debit Card,Delivered
2175,692,47,2025-11-05,5,3006.6,30.0,10523.1,2510.48,Debit Card,Cancelled
2176,913,72,2025-12-05,3,4148.6,30.0,8712.06,2083.0,UPI,Delivered
2177,74,42,2024-03-04,2,1050.19,20.0,1680.3,426.24,Credit Card,Shipped
2178,241,20,2024-04-13,1,580.65,15.0,493.55,127.98,Debit Card,Delivered
2179,121,10,2024-02-22,2,46405.07,15.0,78888.62,13450.13,Cash on Delivery,Shipped
2180,935,96,2024-08-29,5,18704.42,25.0,70141.57,21024.51,UPI,Delivered
2181,284,54,2025-04-06,4,3017.65,10.0,10863.54,4858.45,Debit Card,Delivered
2182,746,22,2024-11-12,2,29648.84,30.0,41508.38,14067.57,Cash on Delivery,Delivered
2183,1109,50,2025-04-27,2,12152.7,25.0,18229.05,4312.06,Net Banking,Processing
2184,486,23,2024-09-06,2,5380.88,25.0,8071.32,3147.43,Net Banking,Delivered
2185,428,89,2024-07-11,3,3476.46,10.0,9386.44,4118.87,Wallet,Delivered
2186,503,44,2024-10-24,1,4408.77,10.0,3967.89,1020.81,Credit Card,Cancelled
2187,1167,65,2024-10-27,4,21959.36,20.0,70269.95,28140.11,Debit Card,Delivered
2188,362,2,2024-09-12,2,19784.61,10.0,35612.3,6839.99,Wallet,Delivered
2189,114,46,2025-02-22,2,1075.79,5.0,2044.0,691.38,UPI,Delivered
2190,782,95,2025-09-09,1,10524.46,15.0,8945.79,1390.91,Wallet,Delivered
2191,290,28,2024-07-23,3,4976.19,15.0,12689.28,3631.94,Credit Card,Cancelled
2192,682,95,2024-07-21,5,10524.46,15.0,44728.95,13546.29,Cash on Delivery,Delivered
2193,706,31,2024-01-08,2,7500.95,20.0,12001.52,3684.23,Credit Card,Processing
2194,185,92,2025-04-29,2,1199.49,15.0,2039.13,517.27,Wallet,Delivered
2195,382,69,2025-05-06,3,23193.07,5.0,66100.25,10179.11,Cash on Delivery,Shipped
2196,865,67,2024-12-17,5,18767.35,5.0,89144.91,31393.81,Cash on Delivery,Delivered
2197,261,13,2024-03-12,1,6497.88,20.0,5198.3,1984.75,Debit Card,Cancelled
2198,999,43,2024-05-03,1,16482.05,10.0,14833.84,2585.71,Cash on Delivery,Delivered
2199,697,38,2025-07-21,2,2438.66,25.0,3657.99,1397.89,Debit Card,Delivered
2200,994,37,2025-04-15,5,16932.2,0.0,84661.0,34898.97,Debit Card,Delivered
2201,362,77,2024-12-14,4,1568.22,5.0,5959.24,1830.32,Wallet,Shipped
2202,117,25,2025-08-02,4,2695.33,25.0,8085.99,2819.04,Wallet,Delivered
2203,573,90,2025-09-04,1,12971.56,0.0,12971.56,4614.34,Cash on Delivery,Shipped
2204,913,77,2025-12-22,4,1568.22,10.0,5645.59,1899.95,Debit Card,Processing
2205,720,22,2024-05-17,5,29648.84,15.0,126007.57,27098.75,Debit Card,Delivered
2206,993,2,2025-06-25,2,19784.61,20.0,31655.38,6420.63,Debit Card,Delivered
2207,1043,22,2024-06-10,5,29648.84,30.0,103770.94,27401.11,Net Banking,Delivered
2208,1181,47,2024-10-01,3,3006.6,0.0,9019.8,2573.02,Debit Card,Shipped
2209,519,11,2024-09-28,2,11133.39,20.0,17813.42,3775.07,UPI,Delivered
2210,1184,37,2025-09-07,4,16932.2,5.0,64342.36,14878.46,Credit Card,Delivered
2211,1112,80,2025-12-04,2,4440.36,5.0,8436.68,2407.5,Net Banking,Delivered
2212,139,60,2024-05-01,5,38860.34,20.0,155441.36,64318.11,Credit Card,Shipped
2213,644,59,2024-07-01,3,25615.37,15.0,65319.19,16384.79,Net Banking,Delivered
2214,1023,24,2025-08-18,5,11430.81,15.0,48580.94,14407.18,UPI,Delivered
2215,1005,9,2025-06-10,1,26733.44,0.0,26733.44,7429.81,Cash on Delivery,Processing
2216,187,49,2025-10-19,1,2372.32,5.0,2253.7,737.22,Credit Card,Cancelled
2217,917,40,2024-09-11,1,2090.32,30.0,1463.22,439.11,Wallet,Cancelled
2218,411,38,2025-11-08,1,2438.66,10.0,2194.79,669.87,Debit Card,Delivered
2219,419,48,2025-02-16,2,1050.32,15.0,1785.54,396.45,Debit Card,Processing
2220,1164,50,2024-03-03,4,12152.7,15.0,41319.18,15400.6,Credit Card,Delivered
2221,222,76,2024-01-10,2,1202.91,0.0,2405.82,715.37,Debit Card,Shipped
2222,1173,10,2024-04-26,1,46405.07,25.0,34803.8,15095.35,Net Banking,Shipped
2223,717,73,2025-02-11,4,2450.92,5.0,9313.5,1656.09,Debit Card,Delivered
2224,387,95,2024-03-01,2,10524.46,0.0,21048.92,4549.39,Debit Card,Cancelled
2225,433,2,2024-03-20,5,19784.61,30.0,69246.13,30529.9,Credit Card,Returned
2226,870,17,2025-08-05,5,41583.23,25.0,155937.11,37053.82,Net Banking,Delivered
2227,1042,23,2024-10-30,3,5380.88,10.0,14528.38,5101.78,Wallet,Processing
2228,214,48,2025-05-30,4,1050.32,5.0,3991.22,1642.62,Credit Card,Delivered
2229,1043,63,2024-01-30,1,23080.16,30.0,16156.11,5917.33,Credit Card,Cancelled
2230,31,60,2024-09-25,1,38860.34,0.0,38860.34,9787.89,Debit Card,Delivered
2231,332,83,2024-09-13,4,54575.66,25.0,163726.98,43098.12,UPI,Shipped
2232,936,21,2024-12-04,1,727.97,15.0,618.77,277.2,Cash on Delivery,Shipped
2233,798,27,2025-06-07,3,52193.82,0.0,156581.46,69380.19,Cash on Delivery,Delivered
2234,19,33,2024-01-15,4,4963.0,15.0,16874.2,5567.1,UPI,Returned
2235,712,81,2024-09-30,1,11328.45,10.0,10195.61,3269.82,Wallet,Delivered
2236,435,12,2025-05-04,1,2947.1,10.0,2652.39,632.56,Net Banking,Delivered
2237,975,84,2025-12-28,5,4924.84,10.0,22161.78,4755.77,Credit Card,Delivered
2238,977,87,2024-03-05,4,1767.23,10.0,6362.03,2465.79,Cash on Delivery,Shipped
2239,331,44,2024-03-22,1,4408.77,30.0,3086.14,1162.24,Cash on Delivery,Shipped
2240,614,21,2024-03-25,3,727.97,15.0,1856.32,560.38,Cash on Delivery,Delivered
2241,288,96,2024-02-19,5,18704.42,0.0,93522.1,31739.01,Wallet,Cancelled
2242,621,12,2025-08-19,5,2947.1,25.0,11051.62,3719.45,Debit Card,Delivered
2243,164,61,2025-01-14,2,3726.63,15.0,6335.27,2072.23,Wallet,Returned
2244,955,7,2024-07-16,3,4635.61,20.0,11125.46,4477.38,Net Banking,Processing
2245,903,59,2024-03-05,1,25615.37,25.0,19211.53,6185.91,Net Banking,Delivered
2246,212,80,2025-07-28,1,4440.36,10.0,3996.32,1703.84,Wallet,Delivered
2247,1107,66,2025-11-02,2,4204.22,10.0,7567.6,2640.23,Wallet,Shipped
2248,559,56,2025-01-30,2,1831.05,15.0,3112.78,970.62,UPI,Delivered
2249,1159,12,2025-01-13,1,2947.1,15.0,2505.03,920.27,UPI,Delivered
2250,755,32,2024-06-10,1,5563.34,10.0,5007.01,2016.4,Net Banking,Processing
2251,658,44,2025-04-18,5,4408.77,5.0,20941.66,3918.08,Net Banking,Delivered
2252,980,62,2025-01-23,2,385.07,15.0,654.62,217.94,Net Banking,Returned
2253,1137,71,2024-08-29,5,4556.8,25.0,17088.0,3500.66,Cash on Delivery,Shipped
2254,871,39,2025-10-10,4,25526.93,0.0,102107.72,28103.2,Net Banking,Delivered
2255,281,95,2025-05-21,4,10524.46,15.0,35783.16,13978.82,Net Banking,Delivered
2256,619,77,2025-05-08,3,1568.22,15.0,3998.96,1496.32,,Delivered
2257,1129,47,2025-10-20,5,3006.6,25.0,11274.75,2505.53,UPI,Delivered
2258,384,77,2025-11-07,1,1568.22,5.0,1489.81,363.98,Wallet,Delivered
2259,688,15,2025-05-20,5,27037.12,30.0,94629.92,14688.2,Net Banking,Delivered
2260,173,7,2025-10-16,2,4635.61,10.0,8344.1,2461.44,Cash on Delivery,Delivered
2261,432,62,2024-03-07,5,385.07,0.0,1925.35,774.01,Net Banking,Delivered
2262,622,50,2024-09-07,1,12152.7,20.0,9722.16,3666.44,UPI,Shipped
2263,713,56,2024-01-27,3,1831.05,15.0,4669.18,1127.55,Wallet,Delivered
2264,687,27,2024-11-14,1,52193.82,15.0,44364.75,13947.24,Debit Card,Delivered
2265,1088,22,2025-09-01,4,29648.84,5.0,112665.59,19985.4,Credit Card,Delivered
2266,750,53,2025-04-26,2,328.56,25.0,492.84,83.38,Debit Card,Processing
2267,58,57,2024-09-26,5,1664.71,15.0,7075.02,1326.29,Debit Card,Cancelled
2268,193,50,2025-04-28,4,12152.7,30.0,34027.56,8300.51,Credit Card,Cancelled
2269,1113,1,2024-09-04,3,309.05,20.0,741.72,330.72,UPI,Shipped
2270,916,45,2024-07-19,2,2560.89,5.0,4865.69,986.71,Cash on Delivery,Cancelled
2271,611,49,2025-11-24,3,2372.32,10.0,6405.26,2218.78,Debit Card,Delivered
2272,1048,11,2024-10-21,4,11133.39,15.0,37853.53,7787.78,Credit Card,Delivered
2273,805,26,2024-10-13,1,56093.06,5.0,53288.41,17475.16,UPI,Delivered
2274,932,18,2024-02-08,1,28107.47,20.0,22485.98,7464.44,Net Banking,Delivered
2275,945,77,2025-01-06,1,1568.22,20.0,1254.58,261.86,Net Banking,Delivered
2276,1066,65,2024-03-19,2,21959.36,15.0,37330.91,12405.0,Wallet,Delivered
2277,506,6,2025-03-21,4,8514.19,30.0,23839.73,5895.19,Credit Card,Returned
2278,558,48,2025-05-18,3,1050.32,20.0,2520.77,1089.2,UPI,Delivered
2279,21,62,2024-01-12,2,385.07,0.0,770.14,203.79,Credit Card,Delivered
2280,344,90,2024-07-09,3,12971.56,25.0,29186.01,12375.76,Cash on Delivery,Processing
2281,972,16,2025-11-01,2,1240.5,10.0,2232.9,866.6,Net Banking,Processing
2282,91,39,2025-08-03,4,25526.93,30.0,71475.4,22844.06,Wallet,Delivered
2283,613,2,2024-03-10,3,19784.61,25.0,44515.37,16454.17,Credit Card,Delivered
2284,239,100,2025-10-15,5,4404.3,20.0,17617.2,5483.21,Debit Card,Delivered
2285,568,45,2024-02-14,4,2560.89,20.0,8194.85,2626.22,UPI,Delivered
2286,322,55,2024-01-02,2,3119.28,5.0,5926.63,1440.28,UPI,Processing
2287,471,74,2025-01-22,4,7241.27,30.0,20275.56,3268.84,Cash on Delivery,Delivered
2288,323,47,2024-04-22,4,3006.6,0.0,12026.4,4184.67,Wallet,Delivered
2289,41,62,2025-02-24,3,385.07,20.0,924.17,257.37,Cash on Delivery,Delivered
2290,1022,44,2025-09-19,1,4408.77,5.0,4188.33,656.22,Net Banking,Returned
2291,566,85,2025-03-29,5,2785.07,10.0,12532.82,4783.26,UPI,Cancelled
2292,220,38,2025-08-27,5,2438.66,25.0,9144.97,2380.35,Wallet,Delivered
2293,70,17,2025-06-11,3,41583.23,20.0,99799.75,39722.04,Debit Card,Shipped
2294,1099,72,2024-08-16,3,4148.6,15.0,10578.93,2433.71,Wallet,Delivered
2295,809,40,2025-02-22,1,2090.32,15.0,1776.77,394.02,Debit Card,Cancelled
2296,1163,41,2024-03-04,1,4360.17,5.0,4142.16,1812.88,Wallet,Shipped
2297,64,91,2025-05-10,5,952.87,20.0,3811.48,1480.87,Credit Card,Delivered
2298,185,43,2025-03-01,3,16482.05,0.0,49446.15,15355.59,Debit Card,Delivered
2299,443,73,2024-10-02,3,2450.92,10.0,6617.48,1656.33,UPI,Delivered
2300,822,92,2024-01-15,1,1199.49,20.0,959.59,373.92,Wallet,Delivered
2301,108,60,2024-03-06,1,38860.34,5.0,36917.32,6017.08,Cash on Delivery,Delivered
2302,610,95,2025-08-06,4,10524.46,15.0,35783.16,12908.76,Debit Card,Delivered
2303,1047,17,2025-08-17,5,41583.23,15.0,176728.73,35464.94,Net Banking,Processing
2304,26,93,2024-12-20,5,2525.17,10.0,11363.27,2996.94,Net Banking,Delivered
2305,495,5,2024-10-16,4,18086.09,5.0,68727.14,30638.89,UPI,Delivered
2306,1095,14,2025-03-01,3,34858.1,20.0,83659.44,36476.49,Wallet,Delivered
2307,261,55,2024-10-13,2,3119.28,20.0,4990.85,802.52,UPI,Delivered
2308,177,78,2025-06-21,3,2305.12,20.0,5532.29,2255.39,Debit Card,Delivered
2309,303,70,2024-10-24,5,2491.61,0.0,12458.05,2375.73,UPI,Delivered
2310,463,6,2025-01-07,5,8514.19,20.0,34056.76,12384.77,Credit Card,Delivered
2311,285,21,2025-02-11,5,727.97,25.0,2729.89,898.13,Cash on Delivery,Returned
2312,539,79,2024-04-13,1,1836.83,15.0,1561.31,290.06,Cash on Delivery,Delivered
2313,440,30,2024-07-25,2,23124.95,0.0,46249.9,18455.2,Net Banking,Delivered
2314,1194,52,2024-01-15,3,2413.75,10.0,6517.12,1861.71,Credit Card,Delivered
2315,1134,80,2025-06-05,5,4440.36,5.0,21091.71,4439.27,Debit Card,Delivered
2316,434,64,2025-11-15,2,5281.37,10.0,9506.47,2885.85,Wallet,Delivered
2317,1015,52,2025-02-13,4,2413.75,0.0,9655.0,1680.43,UPI,Delivered
2318,863,14,2025-09-27,1,34858.1,10.0,31372.29,9209.97,Cash on Delivery,Cancelled
2319,711,97,2024-06-24,2,1127.53,15.0,1916.8,367.88,Cash on Delivery,Delivered
2320,1186,75,2025-01-03,4,72689.52,0.0,290758.08,92702.23,Wallet,Delivered
2321,1094,53,2024-05-31,4,328.56,0.0,1314.24,281.74,Wallet,Processing
2322,340,59,2024-11-02,1,25615.37,30.0,17930.76,3870.09,UPI,Delivered
2323,628,28,2024-06-12,3,4976.19,30.0,10450.0,3792.83,UPI,Delivered
2324,1138,97,2025-05-29,3,1127.53,0.0,3382.59,572.14,Debit Card,Delivered
2325,1032,95,2025-08-20,1,10524.46,5.0,9998.24,1736.92,Credit Card,Delivered
2326,791,89,2025-03-08,5,3476.46,25.0,13036.72,5671.65,Credit Card,Delivered
2327,139,7,2025-08-16,4,4635.61,30.0,12979.71,2604.77,UPI,Delivered
2328,447,72,2024-03-29,5,4148.6,0.0,20743.0,5421.21,Wallet,Delivered
2329,564,100,2024-01-03,3,4404.3,,11230.97,1961.3,Debit Card,Delivered
2330,1164,68,2025-08-05,1,3680.19,10.0,3312.17,1433.53,Net Banking,Shipped
2331,1075,71,2025-03-11,1,4556.8,5.0,4328.96,997.23,Net Banking,Shipped
2332,180,50,2025-06-08,3,12152.7,5.0,34635.2,11709.75,Debit Card,Delivered
2333,631,61,2024-12-15,4,3726.63,25.0,11179.89,4930.36,Cash on Delivery,Delivered
2334,872,6,2025-09-05,5,8514.19,15.0,36185.31,10327.21,UPI,Delivered
2335,871,98,2024-11-28,1,7242.33,5.0,6880.21,1766.3,Credit Card,Delivered
2336,618,88,2024-08-10,4,2398.33,25.0,7194.99,2008.44,UPI,Delivered
2337,1116,40,2024-01-09,5,2090.32,25.0,7838.7,3364.9,Credit Card,Delivered
2338,785,31,2024-06-03,4,7500.95,25.0,22502.85,9568.04,Wallet,Cancelled
2339,971,73,2024-10-18,4,2450.92,20.0,7842.94,2335.86,Wallet,Delivered
2340,1137,41,2025-01-04,4,4360.17,20.0,13952.54,5932.48,Credit Card,Delivered
2341,913,78,2024-09-07,2,2305.12,5.0,4379.73,1625.91,UPI,Delivered
2342,857,41,2024-10-21,1,4360.17,30.0,3052.12,646.12,Net Banking,Delivered
2343,419,89,2024-07-06,5,3476.46,20.0,13905.84,4101.22,Net Banking,Shipped
2344,84,11,2025-01-13,3,11133.39,0.0,33400.17,12714.95,Credit Card,Shipped
2345,506,12,2024-03-02,4,2947.1,20.0,9430.72,3343.63,Cash on Delivery,Delivered
2346,99,19,2024-09-18,1,3365.11,15.0,2860.34,542.42,Cash on Delivery,Returned
2347,873,21,2024-05-23,4,727.97,10.0,2620.69,791.34,Debit Card,Delivered
2348,391,25,2025-05-09,4,2695.33,10.0,9703.19,4021.25,Net Banking,Delivered
2349,488,74,2025-08-10,3,7241.27,0.0,21723.81,7935.82,UPI,Shipped
2350,935,21,2024-01-08,1,727.97,10.0,655.17,166.62,Debit Card,Delivered
2351,559,63,2025-03-03,5,23080.16,10.0,103860.72,36225.9,Net Banking,Delivered
2352,34,42,2025-11-11,1,1050.19,0.0,1050.19,188.82,Wallet,Delivered
2353,1145,57,2025-04-09,4,1664.71,10.0,5992.96,1745.77,Wallet,Delivered
2354,754,55,2025-12-27,1,3119.28,0.0,3119.28,520.03,Credit Card,Delivered
2355,396,40,2024-07-07,2,2090.32,0.0,4180.64,1549.47,Cash on Delivery,Delivered
2356,472,63,2024-11-30,1,23080.16,25.0,17310.12,6142.56,Wallet,Returned
2357,540,87,2025-04-18,5,1767.23,20.0,7068.92,2760.54,Cash on Delivery,Cancelled
2358,235,1,2025-01-05,2,309.05,20.0,494.48,190.99,Wallet,Delivered
2359,920,97,2025-12-06,1,1127.53,20.0,902.02,141.05,Cash on Delivery,Delivered
2360,125,81,2025-02-03,1,11328.45,15.0,9629.18,4160.97,Wallet,Delivered
2361,341,38,2024-11-11,2,2438.66,5.0,4633.45,917.24,Net Banking,Processing
2362,33,19,2025-11-04,2,3365.11,15.0,5720.69,2318.56,Net Banking,Delivered
2363,313,38,2025-10-09,2,2438.66,15.0,4145.72,1864.09,Wallet,Shipped
2364,332,49,2024-11-28,3,2372.32,0.0,7116.96,2625.22,UPI,Delivered
2365,462,54,2024-06-14,1,3017.65,15.0,2565.0,385.58,Wallet,Delivered
2366,702,24,2025-03-31,5,11430.81,30.0,40007.83,17511.03,Wallet,Delivered
2367,1150,12,2025-01-25,4,2947.1,0.0,11788.4,2112.59,UPI,Shipped
2368,25,71,2024-07-20,2,4556.8,10.0,8202.24,1848.23,Debit Card,Delivered
2369,946,43,2025-03-27,4,16482.05,25.0,49446.15,10473.85,Cash on Delivery,Delivered
2370,885,97,2025-10-20,2,1127.53,30.0,1578.54,330.11,Debit Card,Delivered
2371,39,5,2024-04-16,4,18086.09,20.0,57875.49,15590.11,Cash on Delivery,Delivered
2372,1172,49,2024-09-11,4,2372.32,0.0,9489.28,2621.14,Net Banking,Cancelled
2373,810,1,2024-12-23,5,309.05,20.0,1236.2,516.94,Credit Card,Processing
2374,1017,4,2024-12-24,5,7110.01,10.0,31995.05,8520.84,Credit Card,Delivered
2375,706,33,2025-04-20,5,4963.0,20.0,19852.0,4549.64,UPI,Delivered
2376,1148,63,2024-06-27,3,23080.16,10.0,62316.43,25933.51,Net Banking,Processing
2377,496,5,2025-06-30,3,18086.09,15.0,46119.53,11954.72,Wallet,Delivered
2378,379,41,2025-10-11,1,4360.17,15.0,3706.14,1644.82,Wallet,Delivered
2379,867,32,2024-12-25,1,5563.34,5.0,5285.17,2094.11,Net Banking,Delivered
2380,398,95,2025-09-03,3,10524.46,10.0,28416.04,11544.02,Debit Card,Cancelled
2381,1175,6,2025-06-19,2,8514.19,15.0,14474.12,3463.75,Cash on Delivery,Delivered
2382,962,34,2024-09-10,2,6016.67,15.0,10228.34,3532.96,Credit Card,Delivered
2383,128,2,2025-07-13,5,19784.61,0.0,98923.05,36476.74,Credit Card,Shipped
2384,1106,51,2025-02-26,5,3311.31,0.0,16556.55,3433.92,Net Banking,Delivered
2385,1162,96,2024-11-03,2,18704.42,15.0,31797.51,9106.89,Net Banking,Delivered
2386,172,21,2025-07-25,2,727.97,30.0,1019.16,368.28,Credit Card,Shipped
2387,733,62,2025-07-15,3,385.07,15.0,981.93,222.83,UPI,Delivered
2388,743,53,2025-03-19,3,328.56,0.0,985.68,396.33,Debit Card,Shipped
2389,766,93,2024-08-03,1,2525.17,15.0,2146.39,803.57,Wallet,Shipped
2390,675,41,2025-06-21,5,4360.17,20.0,17440.68,7468.39,Cash on Delivery,Delivered
2391,564,27,2024-07-18,5,52193.82,20.0,208775.28,87213.06,UPI,
2392,292,70,2025-12-04,1,2491.61,15.0,2117.87,736.2,UPI,Shipped
2393,310,65,2024-01-03,2,21959.36,20.0,35134.98,14848.79,Wallet,Delivered
2394,982,43,2025-03-06,4,16482.05,15.0,56038.97,20721.79,Debit Card,Delivered
2395,602,1,2024-08-12,2,309.05,20.0,494.48,153.83,Credit Card,Shipped
2396,600,61,2024-11-13,4,3726.63,10.0,13415.87,2243.59,Wallet,Cancelled
2397,319,43,2024-07-01,2,16482.05,20.0,26371.28,5891.55,Credit Card,Delivered
2398,224,97,2024-04-16,1,1127.53,20.0,902.02,354.75,Cash on Delivery,Delivered
2399,114,77,2025-09-18,5,1568.22,5.0,7449.05,2671.98,Net Banking,Shipped
2400,419,21,2024-04-09,3,727.97,20.0,1747.13,502.1,Credit Card,Delivered
2401,469,39,2024-11-26,1,25526.93,10.0,22974.24,7580.12,Debit Card,Delivered
2402,135,75,2025-10-06,2,72689.52,0.0,145379.04,37455.28,Wallet,Delivered
2403,822,82,2024-03-08,5,16836.84,15.0,71556.57,19037.87,Debit Card,Delivered
2404,446,6,2024-12-30,4,8514.19,20.0,27245.41,8418.12,UPI,Delivered
2405,601,59,2025-06-20,4,25615.37,15.0,87092.26,25352.69,Cash on Delivery,Delivered
2406,1018,44,2025-03-26,2,4408.77,5.0,8376.66,1307.82,Debit Card,Delivered
2407,6,34,2024-11-13,1,6016.67,30.0,4211.67,813.63,Cash on Delivery,Delivered
2408,84,11,2024-04-17,3,11133.39,15.0,28390.14,11835.38,Cash on Delivery,Delivered
2409,901,92,2024-05-18,2,1199.49,0.0,2398.98,399.28,UPI,Delivered
2410,171,99,2025-02-02,4,2129.54,5.0,8092.25,3366.85,Credit Card,Delivered
2411,620,51,2024-02-10,5,3311.31,5.0,15728.72,3771.97,Net Banking,Delivered
2412,496,4,2025-01-26,2,7110.01,15.0,12087.02,4172.48,Credit Card,Shipped
2413,66,92,2025-02-09,2,1199.49,30.0,1679.29,652.75,UPI,Delivered
2414,85,39,2025-08-18,4,25526.93,30.0,71475.4,16943.37,Cash on Delivery,Delivered
2415,1006,90,2024-02-21,5,12971.56,20.0,51886.24,14684.23,Wallet,Delivered
2416,991,44,2025-10-20,2,4408.77,,7494.91,2932.26,Wallet,Delivered
2417,438,96,2024-02-09,5,18704.42,20.0,74817.68,12364.69,Credit Card,Cancelled
2418,605,71,2024-04-29,4,4556.8,15.0,15493.12,5426.42,Credit Card,Delivered
2419,1112,80,2024-02-13,1,4440.36,20.0,3552.29,1504.5,Credit Card,Delivered
2420,1018,46,2025-06-21,5,1075.79,10.0,4841.06,1789.93,Net Banking,Delivered
2421,895,36,2025-01-07,2,9396.66,5.0,17853.65,4078.68,Credit Card,Delivered
2422,256,18,2024-09-05,5,28107.47,15.0,119456.75,29940.18,Debit Card,Delivered
2423,524,49,2024-11-22,2,2372.32,5.0,4507.41,1068.33,Net Banking,Processing
2424,382,19,2025-03-04,4,3365.11,15.0,11441.37,1961.43,Net Banking,Delivered
2425,1029,43,2024-05-21,5,16482.05,15.0,70048.71,22083.23,Debit Card,Delivered
2426,315,48,2025-08-08,4,1050.32,0.0,4201.28,1866.05,Credit Card,Returned
2427,1027,56,2025-07-20,3,1831.05,25.0,4119.86,1419.27,UPI,Shipped
2428,954,61,2024-12-14,1,3726.63,30.0,2608.64,1016.89,Cash on Delivery,Delivered
2429,73,83,2025-11-30,3,54575.66,15.0,139167.93,53337.68,Credit Card,Shipped
2430,1011,20,2025-11-27,5,580.65,30.0,2032.27,603.06,Debit Card,Shipped
2431,445,68,2025-08-31,3,3680.19,15.0,9384.48,3594.33,Wallet,Shipped
2432,435,19,2024-01-29,5,3365.11,10.0,15142.99,5579.43,Cash on Delivery,Shipped
2433,383,22,2024-07-01,5,29648.84,30.0,103770.94,32435.67,Debit Card,Delivered
2434,482,4,2025-07-22,3,7110.01,30.0,14931.02,2281.79,UPI,Delivered
2435,677,69,2025-12-18,3,23193.07,15.0,59142.33,23427.91,,Delivered
2436,869,56,2025-10-09,5,1831.05,15.0,7781.96,1349.88,Debit Card,Shipped
2437,635,55,2024-08-20,3,3119.28,10.0,8422.06,2926.65,Debit Card,Delivered
2438,1136,50,2024-10-26,2,12152.7,10.0,21874.86,4025.34,Cash on Delivery,Delivered
2439,49,4,2024-11-21,4,7110.01,15.0,24174.03,4111.58,Net Banking,Delivered
2440,508,48,2024-08-29,1,1050.32,15.0,892.77,328.23,Debit Card,Delivered
2441,1049,91,2025-06-01,3,952.87,15.0,2429.82,926.56,Wallet,Delivered
2442,962,24,2025-02-27,2,11430.81,0.0,22861.62,8095.33,Credit Card,Delivered
2443,344,90,2025-08-11,2,12971.56,30.0,18160.18,5489.76,Cash on Delivery,Delivered
2444,266,73,2024-05-14,3,2450.92,0.0,7352.76,1381.89,Wallet,Delivered
2445,649,30,2025-03-05,1,23124.95,20.0,18499.96,5481.6,Credit Card,Delivered
2446,1128,93,2024-01-30,1,2525.17,15.0,2146.39,433.08,Cash on Delivery,Delivered
2447,660,74,2024-10-04,1,7241.27,30.0,5068.89,2016.94,Wallet,Delivered
2448,996,70,2025-07-26,4,2491.61,25.0,7474.83,2296.9,Wallet,Delivered
2449,728,84,2025-12-01,3,4924.84,15.0,12558.34,4761.87,Wallet,Delivered
2450,536,61,2025-05-01,5,3726.63,10.0,16769.84,3276.5,Credit Card,Delivered
2451,466,90,2024-06-07,2,12971.56,10.0,23348.81,7001.73,Credit Card,Shipped
2452,481,7,2024-04-18,2,4635.61,5.0,8807.66,2300.92,Net Banking,Processing
2453,679,2,2025-02-25,3,19784.61,15.0,50450.76,11801.63,,Delivered
2454,90,51,2025-07-28,3,3311.31,20.0,7947.14,2708.36,Net Banking,Cancelled
2455,665,8,2024-12-18,1,2763.21,15.0,2348.73,725.18,UPI,Delivered
2456,767,72,2024-06-14,4,4148.6,10.0,14934.96,3462.11,Cash on Delivery,Shipped
2457,502,9,2025-10-07,4,26733.44,25.0,80200.32,16441.56,Credit Card,Delivered
2458,11,79,2025-10-29,5,1836.83,10.0,8265.74,3237.16,Net Banking,Shipped
2459,604,78,2024-04-18,5,2305.12,25.0,8644.2,3010.05,Net Banking,Delivered
2460,725,66,2024-03-10,1,4204.22,25.0,3153.16,1274.73,UPI,Delivered
2461,713,44,2025-01-23,2,4408.77,15.0,7494.91,3366.43,Cash on Delivery,Delivered
2462,457,49,2025-08-10,3,2372.32,25.0,5337.72,1799.4,Cash on Delivery,Delivered
2463,531,41,2025-08-11,5,4360.17,5.0,20710.81,8234.07,Debit Card,Returned
2464,1134,14,2024-04-19,1,34858.1,10.0,31372.29,9484.95,Cash on Delivery,Delivered
2465,456,97,2025-02-03,1,1127.53,20.0,902.02,404.38,,Shipped
2466,755,39,2025-07-04,3,25526.93,20.0,61264.63,14112.72,Wallet,Delivered
2467,74,100,2024-02-25,3,4404.3,10.0,11891.61,3560.78,Credit Card,Delivered
2468,473,1,2024-09-12,1,309.05,25.0,231.79,39.79,Credit Card,Delivered
2469,209,97,2025-11-01,3,1127.53,10.0,3044.33,532.54,UPI,Processing
2470,760,20,2024-10-28,2,580.65,0.0,1161.3,185.78,Debit Card,Delivered
2471,958,50,2024-09-23,1,12152.7,15.0,10329.8,3437.11,Net Banking,Delivered
2472,922,23,2024-04-04,1,5380.88,5.0,5111.84,1189.5,UPI,Processing
2473,165,35,2024-02-07,3,13294.83,5.0,37890.27,7042.55,Net Banking,Processing
2474,1159,100,2024-03-05,2,4404.3,30.0,6166.02,2350.39,Debit Card,Shipped
2475,1143,94,2025-06-30,4,4986.96,15.0,16955.66,5052.59,Credit Card,Delivered
2476,1115,41,2025-10-20,5,4360.17,20.0,17440.68,3057.1,Debit Card,Delivered
2477,343,31,2024-12-05,1,7500.95,20.0,6000.76,1580.58,Cash on Delivery,Cancelled
2478,316,84,2025-11-03,4,4924.84,15.0,16744.46,2629.31,Wallet,Cancelled
2479,612,11,2025-04-24,5,11133.39,15.0,47316.91,8232.63,Debit Card,Shipped
2480,913,73,2024-08-26,2,2450.92,10.0,4411.66,1077.56,UPI,Cancelled
2481,1042,1,2025-09-06,2,309.05,20.0,494.48,180.44,Wallet,Delivered
2482,171,17,2025-04-11,5,41583.23,25.0,155937.11,55443.24,Net Banking,Delivered
2483,428,80,2025-03-20,5,4440.36,10.0,19981.62,3804.4,Net Banking,Cancelled
2484,916,24,2024-11-06,2,11430.81,0.0,22861.62,5053.34,UPI,Cancelled
2485,59,46,2024-02-19,1,1075.79,0.0,1075.79,290.92,Debit Card,Delivered
2486,1103,41,2025-04-20,5,4360.17,25.0,16350.64,3274.77,Net Banking,Delivered
2487,1134,68,2024-08-12,5,3680.19,30.0,12880.66,3516.7,UPI,Delivered
2488,212,13,2025-05-01,4,6497.88,30.0,18194.06,6935.62,Credit Card,Cancelled
2489,549,43,2025-09-01,1,16482.05,15.0,14009.74,3663.75,Debit Card,Delivered
2490,1044,94,2024-03-09,4,4986.96,15.0,16955.66,6248.85,Wallet,Cancelled
2491,555,13,2024-12-19,1,6497.88,15.0,5523.2,1450.03,Net Banking,Cancelled
2492,614,86,2024-07-11,2,1823.21,0.0,3646.42,1511.22,Wallet,Delivered
2493,306,8,2025-09-02,3,2763.21,25.0,6217.22,1266.9,Credit Card,Delivered
2494,894,87,2025-09-24,5,1767.23,20.0,7068.92,1639.45,Debit Card,Delivered
2495,1082,52,2025-09-14,5,2413.75,5.0,11465.31,2699.99,Net Banking,Delivered
2496,1150,4,2024-10-10,3,7110.01,20.0,17064.02,5430.02,Debit Card,Delivered
2497,1071,23,2025-09-13,5,5380.88,25.0,20178.3,5446.6,Cash on Delivery,Shipped
2498,1153,8,2025-12-02,4,2763.21,5.0,10500.2,1936.71,UPI,Delivered
2499,935,38,2025-10-09,4,2438.66,15.0,8291.44,2875.29,Wallet,Delivered
2500,478,52,2024-04-02,4,2413.75,15.0,8206.75,1768.16,Credit Card,Delivered
2501,63,39,2025-11-13,4,25526.93,5.0,97002.33,32570.95,Net Banking,Shipped
2502,250,32,2024-03-23,3,5563.34,15.0,14186.52,2835.85,Debit Card,Shipped
2503,431,95,2024-10-25,4,10524.46,10.0,37888.06,14415.75,Credit Card,Delivered
2504,68,10,2024-04-10,2,46405.07,20.0,74248.11,17996.98,Debit Card,Delivered
2505,120,51,2024-01-01,2,3311.31,15.0,5629.23,1671.74,Net Banking,Delivered
2506,362,80,2025-12-17,1,4440.36,15.0,3774.31,1689.61,Net Banking,Delivered
2507,63,36,2025-05-14,5,9396.66,5.0,44634.14,16024.24,Credit Card,Delivered
2508,1189,44,2024-08-20,3,4408.77,15.0,11242.36,1829.87,Net Banking,Delivered
2509,653,80,2024-07-07,2,4440.36,20.0,7104.58,1390.25,Credit Card,Cancelled
2510,1020,100,2025-06-08,5,4404.3,0.0,22021.5,7658.43,UPI,Delivered
2511,915,31,2024-02-24,4,7500.95,20.0,24003.04,3802.63,Debit Card,Processing
2512,481,13,2025-06-25,3,6497.88,20.0,15594.91,5691.01,Wallet,Delivered
2513,697,97,2025-12-25,4,1127.53,20.0,3608.1,765.01,Credit Card,Processing
2514,883,61,2025-11-10,4,3726.63,10.0,13415.87,5912.53,Wallet,Delivered
2515,921,45,2025-07-03,5,2560.89,25.0,9603.34,3156.45,Wallet,Delivered
2516,362,2,2025-08-31,1,19784.61,5.0,18795.38,6415.42,Net Banking,Delivered
2517,53,54,2024-06-14,5,3017.65,30.0,10561.77,4434.48,Net Banking,Delivered
2518,270,43,2024-08-04,1,16482.05,0.0,16482.05,7090.51,Debit Card,
2519,1112,11,2024-12-05,5,11133.39,10.0,50100.25,17897.46,Wallet,Delivered
2520,121,92,2024-09-16,1,1199.49,25.0,899.62,388.21,Wallet,Delivered
2521,54,16,2025-02-15,4,1240.5,5.0,4713.9,1794.85,Debit Card,Cancelled
2522,1067,28,2025-05-04,2,4976.19,10.0,8957.14,3396.07,UPI,Shipped
2523,1009,78,2025-06-13,1,2305.12,25.0,1728.84,537.93,Credit Card,Delivered
2524,955,81,2024-09-20,5,11328.45,20.0,45313.8,19311.14,UPI,Delivered
2525,42,79,2025-05-04,4,1836.83,15.0,6245.22,1510.06,Debit Card,Shipped
2526,782,88,2024-09-12,5,2398.33,10.0,10792.49,4709.43,UPI,Delivered
2527,979,47,2025-04-12,1,3006.6,20.0,2405.28,574.23,UPI,Cancelled
2528,672,8,2024-07-28,4,2763.21,5.0,10500.2,3010.07,Credit Card,Delivered
2529,1049,87,2024-02-29,2,1767.23,15.0,3004.29,874.69,Wallet,Shipped
2530,370,58,2025-05-20,4,3255.82,15.0,11069.79,3453.17,Cash on Delivery,Delivered
2531,727,72,2025-07-19,2,4148.6,10.0,7467.48,2993.7,Credit Card,Delivered
2532,816,28,2025-12-25,1,4976.19,10.0,4478.57,1695.88,UPI,Delivered
2533,300,33,2024-07-06,4,4963.0,5.0,18859.4,6993.88,Wallet,Delivered
2534,122,37,2025-11-19,3,16932.2,20.0,40637.28,12658.06,Debit Card,Delivered
2535,419,83,2025-12-29,1,54575.66,25.0,40931.75,12461.16,UPI,Cancelled
2536,422,11,2024-09-05,3,11133.39,30.0,23380.12,8641.83,Wallet,Delivered
2537,19,82,2024-03-10,1,16836.84,20.0,13469.47,5539.38,Credit Card,Delivered
2538,247,37,2025-06-29,4,16932.2,15.0,57569.48,21206.65,Cash on Delivery,Delivered
2539,946,25,2025-12-11,2,2695.33,10.0,4851.59,1311.61,UPI,Delivered
2540,250,45,2025-05-21,3,2560.89,30.0,5377.87,1854.9,UPI,Delivered
2541,57,89,2025-05-07,3,3476.46,20.0,8343.5,2665.69,Debit Card,Shipped
2542,426,81,2024-10-23,2,11328.45,10.0,20391.21,7141.13,Net Banking,Delivered
2543,1160,79,2024-01-26,2,1836.83,30.0,2571.56,956.81,Net Banking,
2544,571,13,2025-05-22,5,6497.88,15.0,27615.99,9387.28,Cash on Delivery,Shipped
2545,1092,20,2025-05-07,3,580.65,20.0,1393.56,514.53,Cash on Delivery,Shipped
2546,787,65,2024-03-26,1,21959.36,10.0,19763.42,4292.87,Credit Card,Delivered
2547,798,45,2025-10-25,2,2560.89,0.0,5121.78,2273.73,Wallet,Delivered
2548,289,28,2024-03-28,2,4976.19,15.0,8459.52,3693.16,Net Banking,Delivered
2549,629,15,2024-05-31,2,27037.12,30.0,37851.97,11105.71,Credit Card,Delivered
2550,42,16,2025-05-05,2,1240.5,30.0,1736.7,559.93,Credit Card,Delivered
2551,405,55,2024-12-23,4,3119.28,10.0,11229.41,1926.39,Debit Card,Delivered
2552,1083,12,2024-02-28,2,2947.1,15.0,5010.07,1350.32,Credit Card,Delivered
2553,738,96,2024-08-19,2,18704.42,20.0,29927.07,5997.56,UPI,Delivered
2554,119,3,2024-06-06,2,4826.77,10.0,8688.19,1729.46,Wallet,Delivered
2555,1107,46,2024-09-28,5,1075.79,10.0,4841.06,1096.71,Debit Card,Delivered
2556,510,96,2024-02-08,5,18704.42,20.0,74817.68,25281.27,Credit Card,Delivered
2557,1041,11,2024-07-14,4,11133.39,20.0,35626.85,9355.43,Net Banking,Delivered
2558,1182,58,2024-01-12,1,3255.82,5.0,3093.03,754.84,Net Banking,Processing
2559,191,11,2024-05-01,5,11133.39,0.0,55666.95,13553.72,Debit Card,Shipped
2560,462,23,2024-03-12,4,5380.88,30.0,15066.46,4432.25,Wallet,Delivered
2561,1072,64,2024-01-20,3,5281.37,15.0,13467.49,3679.89,Wallet,Shipped
2562,1031,29,2024-05-23,5,1126.75,5.0,5352.06,2143.24,Wallet,Returned
2563,116,22,2025-12-23,1,29648.84,15.0,25201.51,5086.72,UPI,Delivered
2564,73,97,2024-02-20,3,1127.53,10.0,3044.33,1244.71,Debit Card,Returned
2565,485,64,2025-05-04,5,5281.37,25.0,19805.14,3385.58,Wallet,Delivered
2566,898,58,2025-08-28,4,3255.82,10.0,11720.95,3917.94,Net Banking,Delivered
2567,92,47,2024-11-21,4,3006.6,15.0,10222.44,3778.65,Credit Card,Cancelled
2568,105,49,2024-11-01,4,2372.32,20.0,7591.42,1480.95,Debit Card,Delivered
2569,301,64,2024-11-13,2,5281.37,30.0,7393.92,2067.51,Cash on Delivery,Delivered
2570,864,52,2025-04-10,2,2413.75,10.0,4344.75,1065.99,Debit Card,Processing
2571,10,35,2024-01-08,5,13294.83,5.0,63150.44,17753.52,UPI,Delivered
2572,182,53,2025-10-16,2,328.56,25.0,492.84,173.22,UPI,Shipped
2573,48,10,2025-03-10,4,46405.07,25.0,139215.21,39459.08,Credit Card,Processing
2574,435,71,2025-06-05,1,4556.8,15.0,3873.28,970.66,UPI,Processing
2575,334,32,2025-07-03,3,5563.34,30.0,11683.01,3247.44,Debit Card,Returned
2576,611,55,2024-06-16,3,3119.28,20.0,7486.27,1767.28,Debit Card,Returned
2577,614,66,2025-04-16,2,4204.22,10.0,7567.6,3201.74,UPI,Delivered
2578,1109,22,2025-02-02,1,29648.84,5.0,28166.4,10199.12,Debit Card,Shipped
2579,327,4,2024-01-17,5,7110.01,25.0,26662.54,11321.44,Net Banking,Delivered
2580,1043,76,2024-02-19,1,1202.91,20.0,962.33,240.82,Credit Card,Delivered
2581,1107,72,2024-06-25,4,4148.6,20.0,13275.52,3820.73,UPI,Shipped
2582,983,80,2024-04-01,4,4440.36,10.0,15985.3,3812.33,Cash on Delivery,Shipped
2583,204,34,2025-01-05,1,6016.67,20.0,4813.34,940.01,Cash on Delivery,Shipped
2584,1006,39,2024-06-15,2,25526.93,20.0,40843.09,13345.23,Credit Card,Shipped
2585,1122,31,2024-06-26,1,7500.95,15.0,6375.81,1719.72,Wallet,Delivered
2586,754,33,2025-08-15,4,4963.0,20.0,15881.6,4235.18,Debit Card,Delivered
2587,967,68,2024-01-10,3,3680.19,15.0,9384.48,2397.1,Wallet,Cancelled
2588,104,41,2024-09-01,2,4360.17,20.0,6976.27,2655.4,Credit Card,Returned
2589,273,43,2024-10-21,2,16482.05,0.0,32964.1,14420.43,Net Banking,Delivered
2590,115,40,2024-08-27,2,2090.32,10.0,3762.58,1430.24,Credit Card,Delivered
2591,311,8,2024-01-16,1,2763.21,10.0,2486.89,1008.69,Net Banking,Cancelled
2592,439,47,2024-07-10,2,3006.6,15.0,5111.22,1547.35,Credit Card,Delivered
2593,1091,79,2025-01-26,4,1836.83,30.0,5143.12,866.66,Wallet,Shipped
2594,702,52,2024-10-26,4,2413.75,15.0,8206.75,2891.52,Wallet,Delivered
2595,388,59,2025-12-11,3,25615.37,20.0,61476.89,24215.66,Net Banking,Delivered
2596,979,73,2025-03-05,4,2450.92,10.0,8823.31,2823.56,Debit Card,Delivered
2597,375,19,2025-02-21,5,3365.11,5.0,15984.27,3658.93,UPI,Delivered
2598,854,12,2025-10-06,4,2947.1,20.0,9430.72,1954.45,Cash on Delivery,Delivered
2599,907,100,2024-09-19,1,4404.3,0.0,4404.3,1051.53,Cash on Delivery,Shipped
2600,353,37,2024-10-13,1,16932.2,25.0,12699.15,5173.47,Debit Card,Delivered
2601,12,67,2025-04-14,4,18767.35,25.0,56302.05,21431.66,Wallet,Shipped
2602,1059,71,2025-08-24,2,4556.8,10.0,8202.24,2399.49,UPI,Delivered
2603,853,10,2024-07-28,3,46405.07,15.0,118332.93,40413.24,UPI,Delivered
2604,601,85,2025-09-28,2,2785.07,15.0,4734.62,789.23,Net Banking,Shipped
2605,80,28,2025-09-02,4,4976.19,30.0,13933.33,6171.53,UPI,Delivered
2606,752,54,2025-08-19,5,3017.65,30.0,10561.77,2631.22,Net Banking,Delivered
2607,108,52,2025-05-05,5,2413.75,5.0,11465.31,4874.26,UPI,Delivered
2608,864,14,2024-02-04,5,34858.1,10.0,156861.45,39159.14,Credit Card,Delivered
2609,609,49,2025-03-08,5,2372.32,10.0,10675.44,2649.95,Net Banking,Delivered
2610,442,34,2025-02-10,1,6016.67,30.0,4211.67,1555.36,Cash on Delivery,Delivered
2611,802,43,2024-03-30,3,16482.05,5.0,46973.84,8589.23,Cash on Delivery,Delivered
2612,959,50,2024-11-24,1,12152.7,15.0,10329.8,2802.22,UPI,Cancelled
2613,564,51,2025-01-23,1,3311.31,5.0,3145.74,1264.71,Credit Card,Processing
2614,1127,40,2025-08-25,4,2090.32,0.0,8361.28,2001.25,Wallet,Shipped
2615,1193,23,2024-11-20,3,5380.88,15.0,13721.24,2480.79,UPI,Cancelled
2616,133,87,2025-11-05,5,1767.23,0.0,8836.15,3390.43,Wallet,Shipped
2617,201,33,2024-10-14,1,4963.0,20.0,3970.4,1752.62,Cash on Delivery,Returned
2618,536,86,2024-11-17,3,1823.21,10.0,4922.67,1703.21,Wallet,Delivered
2619,321,36,2025-09-04,2,9396.66,25.0,14094.99,2452.89,UPI,Delivered
2620,27,1,2025-04-15,2,309.05,10.0,556.29,206.96,Debit Card,
2621,143,53,2025-02-04,1,328.56,20.0,262.85,94.59,Wallet,Delivered
2622,513,42,2024-06-03,1,1050.19,20.0,840.15,158.71,Wallet,Delivered
2623,1054,44,2024-06-21,2,4408.77,15.0,7494.91,2039.0,Credit Card,Delivered
2624,504,96,2024-07-18,2,18704.42,10.0,33667.96,9284.69,UPI,Returned
2625,667,18,2025-05-29,1,28107.47,10.0,25296.72,10193.58,Debit Card,Delivered
2626,835,4,2025-12-18,3,7110.01,15.0,18130.53,3149.59,Wallet,Shipped
2627,353,100,2024-08-27,2,4404.3,30.0,6166.02,2441.29,Cash on Delivery,Returned
2628,425,95,2024-09-27,1,10524.46,0.0,10524.46,4265.7,Credit Card,Delivered
2629,457,43,2024-01-10,3,16482.05,20.0,39556.92,17641.42,Cash on Delivery,Delivered
2630,1010,48,2025-07-06,4,1050.32,25.0,3150.96,1329.66,Cash on Delivery,Delivered
2631,665,91,2025-09-28,4,952.87,0.0,3811.48,1013.13,Cash on Delivery,Delivered
2632,960,34,2025-04-07,1,6016.67,15.0,5114.17,2003.44,Wallet,Delivered
2633,984,59,2025-09-12,3,25615.37,20.0,61476.89,19672.61,Cash on Delivery,Processing
2634,1053,57,2025-08-11,2,1664.71,,3162.95,735.93,Net Banking,Delivered
2635,8,52,2024-09-02,1,2413.75,15.0,2051.69,501.07,Wallet,Delivered
2636,504,8,2024-03-30,1,2763.21,10.0,2486.89,474.83,Credit Card,Cancelled
2637,287,96,2024-04-08,1,18704.42,10.0,16833.98,5237.49,UPI,Shipped
2638,771,75,2025-07-28,1,72689.52,15.0,61786.09,9998.77,Debit Card,Delivered
2639,635,81,2024-07-15,4,11328.45,5.0,43048.11,7406.53,Wallet,Processing
2640,1027,22,2024-04-02,2,29648.84,20.0,47438.14,19820.56,UPI,Delivered
2641,994,41,2024-10-28,1,4360.17,20.0,3488.14,1004.37,Credit Card,Delivered
2642,94,12,2024-02-09,2,2947.1,15.0,5010.07,1503.29,UPI,Delivered
2643,43,63,2024-06-19,2,23080.16,15.0,39236.27,13539.05,Wallet,Delivered
2644,858,63,2024-04-26,2,23080.16,20.0,36928.26,15887.93,Cash on Delivery,Shipped
2645,438,80,2024-09-13,1,4440.36,25.0,3330.27,1084.2,Credit Card,Cancelled
2646,886,90,2025-12-24,2,12971.56,20.0,20754.5,7772.35,Net Banking,Delivered
2647,1180,86,2024-01-14,2,1823.21,20.0,2917.14,1268.43,Wallet,Delivered
2648,262,16,2025-01-20,1,1240.5,10.0,1116.45,172.07,UPI,Processing
2649,132,77,2024-08-11,1,1568.22,10.0,1411.4,346.95,Cash on Delivery,Delivered
2650,26,12,2025-11-09,4,2947.1,25.0,8841.3,3462.64,UPI,Delivered
2651,423,20,2025-05-21,5,580.65,15.0,2467.76,554.66,UPI,Cancelled
2652,440,9,2025-03-01,1,26733.44,20.0,21386.75,4660.33,Net Banking,Shipped
2653,1157,12,2024-09-22,5,2947.1,5.0,13998.72,2115.79,Credit Card,Delivered
2654,463,33,2024-08-19,3,4963.0,10.0,13400.1,2698.72,Net Banking,Shipped
2655,699,22,2024-04-26,3,29648.84,20.0,71157.22,12995.43,Credit Card,Cancelled
2656,474,73,2024-01-27,5,2450.92,20.0,9803.68,3161.27,Cash on Delivery,Delivered
2657,672,69,2024-12-16,2,23193.07,5.0,44066.83,17753.09,UPI,Delivered
2658,923,57,2024-12-19,1,1664.71,20.0,1331.77,380.68,Wallet,Delivered
2659,200,17,2025-09-16,3,41583.23,5.0,118512.21,50358.84,Credit Card,Shipped
2660,131,1,2024-05-21,4,309.05,25.0,927.15,383.28,UPI,Shipped
2661,416,42,2024-12-14,3,1050.19,0.0,3150.57,1417.74,Credit Card,Delivered
2662,981,3,2024-02-22,5,4826.77,15.0,20513.77,8397.35,Debit Card,Delivered
2663,526,53,2024-08-27,4,328.56,20.0,1051.39,342.93,Cash on Delivery,Delivered
2664,1067,71,2024-11-30,1,4556.8,15.0,3873.28,1729.69,Net Banking,Returned
2665,768,95,2025-09-11,2,10524.46,15.0,17891.58,3915.65,Net Banking,Delivered
2666,1105,56,2024-01-14,4,1831.05,0.0,7324.2,1821.14,Cash on Delivery,Delivered
2667,522,65,2025-04-26,1,21959.36,15.0,18665.46,4939.12,Cash on Delivery,Delivered
2668,361,97,2024-06-11,2,1127.53,10.0,2029.55,510.79,Wallet,Delivered
2669,602,84,2025-03-01,3,4924.84,0.0,14774.52,5771.0,Credit Card,Processing
2670,16,39,2025-04-29,2,25526.93,20.0,40843.09,8277.1,Cash on Delivery,Returned
2671,1008,66,2025-03-29,2,4204.22,0.0,8408.44,2296.14,Debit Card,Delivered
2672,925,35,2024-08-09,3,13294.83,10.0,35896.04,13066.99,Cash on Delivery,Processing
2673,519,58,2024-01-28,2,3255.82,10.0,5860.48,1632.15,Wallet,Delivered
2674,508,82,2025-03-22,1,16836.84,0.0,16836.84,4864.82,Cash on Delivery,Delivered
2675,109,34,2025-05-27,2,6016.67,10.0,10830.01,3426.63,UPI,Delivered
2676,975,91,2025-12-27,2,952.87,20.0,1524.59,434.98,Debit Card,Processing
2677,987,89,2025-09-21,3,3476.46,15.0,8864.97,1482.08,UPI,Returned
2678,1121,78,2024-04-24,2,2305.12,10.0,4149.22,954.31,UPI,Delivered
2679,1101,38,2025-07-03,3,2438.66,5.0,6950.18,1603.11,Credit Card,Processing
2680,276,40,2024-09-11,2,2090.32,15.0,3553.54,1283.06,Net Banking,Delivered
2681,1168,85,2025-06-04,3,2785.07,0.0,8355.21,1972.58,UPI,Delivered
2682,219,55,2024-12-08,1,3119.28,0.0,3119.28,1148.78,Debit Card,Delivered
2683,16,42,2024-12-30,4,1050.19,15.0,3570.65,1537.65,Cash on Delivery,Shipped
2684,143,88,2025-01-23,3,2398.33,5.0,6835.24,2829.09,Wallet,Delivered
2685,184,64,2025-02-05,3,5281.37,0.0,15844.11,6790.98,Debit Card,Delivered
2686,814,27,2025-05-04,5,52193.82,10.0,234872.19,90908.59,Credit Card,Returned
2687,467,2,2025-07-18,1,19784.61,25.0,14838.46,6062.27,Wallet,Delivered
2688,337,59,2025-05-24,4,25615.37,25.0,76846.11,17349.69,Debit Card,Delivered
2689,1162,25,2025-05-21,4,2695.33,,8085.99,1610.04,Net Banking,Shipped
2690,63,23,2025-05-29,3,5380.88,5.0,15335.51,3283.27,Wallet,Shipped
2691,444,88,2024-07-04,4,2398.33,25.0,7194.99,2461.6,UPI,Delivered
2692,190,14,2025-08-18,4,34858.1,15.0,118517.54,18220.08,UPI,Cancelled
2693,952,68,2025-02-02,4,3680.19,0.0,14720.76,4421.38,Credit Card,Processing
2694,639,90,2024-07-25,4,12971.56,20.0,41508.99,12544.92,UPI,Processing
2695,132,49,2024-05-07,5,2372.32,15.0,10082.36,2169.63,Credit Card,Delivered
2696,865,69,2024-08-14,5,23193.07,5.0,110167.08,26522.71,Wallet,Delivered
2697,980,76,2024-12-11,2,1202.91,15.0,2044.95,574.07,UPI,Delivered
2698,245,35,2025-10-04,2,13294.83,30.0,18612.76,3994.93,Cash on Delivery,Shipped
2699,705,57,2024-01-20,5,1664.71,15.0,7075.02,2329.08,UPI,Returned
2700,1002,22,2024-12-16,4,29648.84,15.0,100806.06,22957.1,UPI,Delivered
2701,732,75,2024-04-16,3,72689.52,10.0,196261.7,51252.49,Cash on Delivery,Processing
2702,467,18,2024-01-03,2,28107.47,10.0,50593.45,8201.81,Cash on Delivery,Processing
2703,106,25,2024-03-17,5,2695.33,15.0,11455.15,3357.77,UPI,Cancelled
2704,1092,77,2025-05-24,4,1568.22,10.0,5645.59,2147.01,Wallet,Delivered
2705,1077,35,2024-01-04,4,13294.83,10.0,47861.39,13215.2,UPI,Delivered
2706,59,59,2025-06-30,4,25615.37,20.0,81969.18,18115.74,UPI,Delivered
2707,999,89,2025-12-05,5,3476.46,0.0,17382.3,4280.83,Net Banking,Delivered
2708,285,75,2025-03-31,5,72689.52,25.0,272585.7,64980.05,Cash on Delivery,Processing
2709,270,60,2024-07-26,1,38860.34,0.0,38860.34,11310.89,Wallet,Delivered
2710,859,44,2024-11-09,1,4408.77,15.0,3747.45,1247.34,Credit Card,Delivered
2711,1022,1,2025-01-03,2,309.05,15.0,525.38,89.97,Net Banking,Delivered
2712,273,87,2025-02-18,5,1767.23,10.0,7952.53,3341.3,Net Banking,Cancelled
2713,16,96,2025-09-20,3,18704.42,15.0,47696.27,21047.99,Debit Card,Delivered
2714,57,32,2025-06-24,4,5563.34,5.0,21140.69,9460.45,Credit Card,Delivered
2715,731,41,2024-06-12,3,4360.17,15.0,11118.43,3475.92,Debit Card,Processing
2716,552,1,2024-07-30,1,309.05,25.0,231.79,56.38,Credit Card,Delivered
2717,995,28,2024-08-20,1,4976.19,0.0,4976.19,966.83,Debit Card,Delivered
2718,713,52,2024-04-25,5,2413.75,5.0,11465.31,3273.15,Credit Card,Delivered
2719,352,89,2025-01-02,4,3476.46,25.0,10429.38,1993.62,Wallet,Returned
2720,1106,75,2024-08-15,1,72689.52,5.0,69055.04,18062.97,Credit Card,Shipped
2721,1197,9,2025-04-13,5,26733.44,20.0,106933.76,27958.67,UPI,Delivered
2722,523,77,2025-01-04,5,1568.22,15.0,6664.94,2379.45,UPI,Delivered
2723,915,45,2024-12-16,3,2560.89,10.0,6914.4,1112.66,Debit Card,Cancelled
2724,8,16,2024-01-01,2,1240.5,30.0,1736.7,402.17,Credit Card,Shipped
2725,159,73,2024-08-29,3,2450.92,20.0,5882.21,2373.7,Debit Card,Returned
2726,953,14,2025-09-18,3,34858.1,15.0,88888.15,26103.99,Cash on Delivery,Delivered
2727,490,87,2025-04-04,4,1767.23,10.0,6362.03,1365.05,,Processing
2728,65,74,2025-08-15,2,7241.27,0.0,14482.54,3416.25,Credit Card,Delivered
2729,301,100,2024-01-11,1,4404.3,5.0,4184.09,1830.04,Cash on Delivery,Delivered
2730,940,68,2025-09-12,4,3680.19,15.0,12512.65,4760.74,Wallet,Delivered
2731,1183,87,2024-03-29,2,1767.23,25.0,2650.85,494.42,Cash on Delivery,Shipped
2732,754,50,2025-11-26,3,12152.7,20.0,29166.48,9312.21,Cash on Delivery,Delivered
2733,71,39,2025-12-05,5,25526.93,15.0,108489.45,23421.89,Net Banking,Cancelled
2734,45,9,2024-11-01,4,26733.44,0.0,106933.76,19444.63,Cash on Delivery,Shipped
2735,824,46,2025-05-15,2,1075.79,10.0,1936.42,695.14,Debit Card,Delivered
2736,158,19,2024-11-27,4,3365.11,20.0,10768.35,3489.54,Debit Card,Delivered
2737,96,86,2024-08-13,3,1823.21,15.0,4649.19,795.16,Credit Card,Delivered
2738,921,17,2025-02-02,2,41583.23,20.0,66533.17,26374.03,Wallet,Shipped
2739,737,87,2025-04-11,5,1767.23,5.0,8394.34,2680.25,UPI,Delivered
2740,622,60,2025-05-11,1,38860.34,10.0,34974.31,12203.96,Debit Card,Cancelled
2741,428,87,2025-04-23,5,1767.23,25.0,6627.11,1088.89,UPI,Delivered
2742,591,88,2025-08-07,4,2398.33,10.0,8633.99,1358.47,Net Banking,Delivered
2743,132,91,2025-01-22,3,952.87,0.0,2858.61,548.57,Debit Card,Shipped
2744,915,18,2025-03-25,1,28107.47,5.0,26702.1,11782.25,Credit Card,Delivered
2745,1045,34,2025-11-04,3,6016.67,5.0,17147.51,4848.09,Wallet,Delivered
2746,316,25,2025-11-23,1,2695.33,20.0,2156.26,935.13,Wallet,Shipped
2747,1007,18,2025-03-27,3,28107.47,25.0,63241.81,21245.54,Net Banking,Shipped
2748,1115,9,2024-08-08,1,26733.44,20.0,21386.75,6685.12,UPI,Delivered
2749,458,11,2025-06-22,5,11133.39,5.0,52883.6,8462.57,UPI,Delivered
2750,818,44,2024-10-07,1,4408.77,10.0,3967.89,1696.57,Cash on Delivery,Delivered
2751,362,87,2025-04-14,4,1767.23,15.0,6008.58,2261.34,Cash on Delivery,Processing
2752,570,94,2024-02-29,3,4986.96,25.0,11220.66,3978.96,Wallet,Cancelled
2753,172,69,2025-11-15,4,23193.07,5.0,88133.67,15708.2,Cash on Delivery,Processing
2754,541,97,2024-08-06,5,1127.53,30.0,3946.35,1187.86,Credit Card,Delivered
2755,63,84,2025-04-28,2,4924.84,25.0,7387.26,1293.27,UPI,Delivered
2756,88,69,2025-12-18,1,23193.07,15.0,19714.11,4846.75,Wallet,Shipped
2757,1083,21,2025-11-16,4,727.97,10.0,2620.69,913.6,Wallet,Cancelled
2758,504,79,2024-06-23,4,1836.83,0.0,7347.32,2964.63,Credit Card,Returned
2759,802,44,2025-08-24,1,4408.77,30.0,3086.14,1363.66,Debit Card,Processing
2760,581,35,2025-07-18,1,13294.83,20.0,10635.86,2800.57,Credit Card,Shipped
2761,516,27,2024-09-04,5,52193.82,15.0,221823.73,51568.82,UPI,Cancelled
2762,1128,35,2025-07-25,1,13294.83,0.0,13294.83,3690.73,Credit Card,Delivered
2763,489,72,2024-05-27,4,4148.6,15.0,14105.24,5635.81,Wallet,Delivered
2764,1051,55,2025-01-11,4,3119.28,0.0,12477.12,2843.15,Net Banking,Delivered
2765,264,58,2025-03-02,1,3255.82,5.0,3093.03,1175.42,Debit Card,Cancelled
2766,18,34,2025-08-10,3,6016.67,0.0,18050.01,3883.22,UPI,Delivered
2767,284,47,2024-04-15,1,3006.6,15.0,2555.61,384.61,Debit Card,Returned
2768,207,60,2025-09-24,4,38860.34,,124353.09,23987.93,Wallet,Delivered
2769,1184,87,2024-03-17,1,1767.23,20.0,1413.78,369.54,UPI,Delivered
2770,72,5,2024-06-06,2,18086.09,5.0,34363.57,12630.37,Debit Card,Delivered
2771,414,60,2025-03-07,1,38860.34,5.0,36917.32,13100.32,Net Banking,Delivered
2772,539,45,2025-12-31,5,2560.89,10.0,11524.0,3267.5,Credit Card,Cancelled
2773,394,46,2025-02-20,2,1075.79,15.0,1828.84,558.01,Cash on Delivery,Returned
2774,508,34,2025-12-29,3,6016.67,0.0,18050.01,5052.64,Net Banking,Returned
2775,583,93,2025-02-19,2,2525.17,5.0,4797.82,1939.87,Debit Card,Delivered
2776,984,51,2024-09-04,4,3311.31,10.0,11920.72,2207.88,Credit Card,Delivered
2777,272,25,2025-12-11,4,2695.33,15.0,9164.12,2157.15,Net Banking,Delivered
2778,987,49,2024-01-02,1,2372.32,20.0,1897.86,321.97,UPI,Delivered
2779,589,79,2025-11-11,4,1836.83,30.0,5143.12,1588.0,Credit Card,Processing
2780,200,32,2025-08-21,4,5563.34,25.0,16690.02,5652.0,Cash on Delivery,Shipped
2781,360,27,2024-11-12,3,52193.82,5.0,148752.39,60042.4,Debit Card,Shipped
2782,44,23,2025-10-01,3,5380.88,10.0,14528.38,6522.31,Credit Card,Delivered
2783,1103,29,2025-06-30,3,1126.75,25.0,2535.19,755.88,Net Banking,Shipped
2784,811,66,2024-04-21,2,4204.22,0.0,8408.44,2672.0,Debit Card,Cancelled
2785,1129,49,2025-10-18,3,2372.32,5.0,6761.11,2413.28,Debit Card,Delivered
2786,1124,68,2025-06-18,4,3680.19,5.0,13984.72,4986.35,UPI,Cancelled
2787,1190,22,2025-09-20,4,29648.84,5.0,112665.59,29985.65,Debit Card,Shipped
2788,705,16,2024-07-28,3,1240.5,25.0,2791.12,779.19,UPI,Delivered
2789,1154,42,2025-11-28,1,1050.19,15.0,892.66,288.18,Wallet,Delivered
2790,160,29,2025-04-12,4,1126.75,20.0,3605.6,1079.05,Wallet,Processing
2791,479,28,2024-12-22,4,4976.19,0.0,19904.76,8523.91,Net Banking,Delivered
2792,750,80,2025-05-18,4,4440.36,0.0,17761.44,5901.26,Net Banking,Shipped
2793,1137,72,2024-06-28,5,4148.6,10.0,18668.7,3714.79,UPI,Delivered
2794,426,17,2025-03-21,2,41583.23,5.0,79008.14,29429.95,Credit Card,Processing
2795,575,92,2024-05-23,5,1199.49,10.0,5397.7,1690.68,Cash on Delivery,Delivered
2796,964,50,2024-10-08,3,12152.7,15.0,30989.39,7816.14,Credit Card,Delivered
2797,1179,3,2024-08-03,4,4826.77,15.0,16411.02,6306.76,Net Banking,Returned
2798,378,64,2025-04-05,1,5281.37,15.0,4489.16,734.73,Net Banking,Delivered
2799,355,29,2025-07-17,2,1126.75,20.0,1802.8,745.84,Cash on Delivery,Delivered
2800,249,7,2025-04-10,3,4635.61,10.0,12516.15,4595.21,Net Banking,Processing
2801,557,4,2025-12-21,4,7110.01,,27018.04,4840.74,Wallet,Shipped
2802,497,28,2024-03-29,2,4976.19,20.0,7961.9,2268.29,Credit Card,Processing
2803,915,57,2025-09-04,3,1664.71,25.0,3745.6,1208.3,Debit Card,Delivered
2804,1075,74,2024-08-28,3,7241.27,0.0,21723.81,8653.51,Cash on Delivery,Delivered
2805,708,52,2024-07-18,4,2413.75,0.0,9655.0,3877.07,Wallet,Delivered
2806,364,44,2024-03-12,5,4408.77,25.0,16532.89,3965.01,Credit Card,Delivered
2807,912,27,2024-10-29,1,52193.82,10.0,46974.44,15528.77,Cash on Delivery,Shipped
2808,1086,59,2024-12-16,1,25615.37,15.0,21773.06,3683.92,UPI,Delivered
2809,116,85,2024-05-26,1,2785.07,20.0,2228.06,879.73,Debit Card,Delivered
2810,721,26,2025-01-30,3,56093.06,15.0,143037.3,35067.07,Net Banking,Delivered
2811,1083,71,2025-04-03,1,4556.8,20.0,3645.44,1504.8,UPI,Delivered
2812,576,69,2025-12-08,5,23193.07,0.0,115965.35,27800.84,Net Banking,Delivered
2813,711,29,2024-03-20,2,1126.75,20.0,1802.8,300.66,UPI,Delivered
2814,1110,65,2024-02-14,3,21959.36,10.0,59290.27,16313.85,Cash on Delivery,Returned
2815,394,19,2024-06-23,2,3365.11,25.0,5047.66,1287.18,Credit Card,Shipped
2816,1126,79,2024-08-09,3,1836.83,20.0,4408.39,749.05,Cash on Delivery,Delivered
2817,463,51,2025-06-26,2,3311.31,5.0,6291.49,950.28,UPI,Delivered
2818,1173,14,2025-11-29,4,34858.1,25.0,104574.3,27141.17,Debit Card,Shipped
2819,682,72,2025-04-10,4,4148.6,25.0,12445.8,4136.93,Net Banking,Delivered
2820,1020,29,2024-05-26,3,1126.75,20.0,2704.2,484.89,Cash on Delivery,Delivered
2821,366,6,2024-07-14,3,8514.19,25.0,19156.93,3037.53,Net Banking,Delivered
2822,1030,88,2025-09-23,2,2398.33,25.0,3597.49,1007.11,Credit Card,Delivered
2823,484,59,2024-05-08,4,25615.37,5.0,97338.41,40827.24,Credit Card,Returned
2824,880,30,2025-04-10,2,23124.95,15.0,39312.42,16315.06,UPI,Delivered
2825,335,4,2024-05-29,3,7110.01,10.0,19197.03,8077.02,Wallet,Shipped
2826,371,76,2024-07-30,1,1202.91,15.0,1022.47,229.07,UPI,Processing
2827,429,48,2025-11-29,4,1050.32,25.0,3150.96,781.86,Wallet,Delivered
2828,633,61,2024-07-31,5,3726.63,10.0,16769.84,2762.53,Credit Card,Delivered
2829,918,55,2024-11-28,5,3119.28,15.0,13256.94,5134.77,Wallet,Delivered
2830,1153,17,2024-02-04,5,41583.23,5.0,197520.34,40361.48,Debit Card,Delivered
2831,7,82,2024-02-28,1,16836.84,25.0,12627.63,5522.59,Wallet,Delivered
2832,1127,2,2025-09-29,5,19784.61,15.0,84084.59,36930.3,Cash on Delivery,Shipped
2833,483,62,2024-11-18,3,385.07,15.0,981.93,156.68,Net Banking,Delivered
2834,1195,8,2024-03-08,1,2763.21,20.0,2210.57,343.55,UPI,Delivered
2835,518,10,2024-01-30,2,46405.07,10.0,83529.13,12614.69,Debit Card,Delivered
2836,824,52,2024-09-03,1,2413.75,15.0,2051.69,509.18,UPI,Delivered
2837,41,34,2025-02-19,5,6016.67,20.0,24066.68,6684.19,UPI,Returned
2838,582,46,2025-06-11,1,1075.79,0.0,1075.79,415.64,Wallet,Delivered
2839,855,87,2025-04-27,4,1767.23,5.0,6715.47,1059.32,Cash on Delivery,Delivered
2840,1147,52,2025-04-17,4,2413.75,0.0,9655.0,2349.7,Cash on Delivery,Delivered
2841,128,91,2025-08-12,5,952.87,25.0,3573.26,795.89,Debit Card,Delivered
2842,198,16,2025-06-02,4,1240.5,20.0,3969.6,1386.0,Credit Card,Delivered
2843,1145,52,2025-05-08,4,2413.75,15.0,8206.75,2112.74,Cash on Delivery,Processing
2844,526,76,2025-04-20,3,1202.91,10.0,3247.86,939.55,Net Banking,
2845,1147,67,2024-03-24,2,18767.35,25.0,28151.02,5807.47,UPI,Processing
2846,634,25,2025-05-05,1,2695.33,20.0,2156.26,326.15,UPI,Delivered
2847,31,25,2025-08-03,3,2695.33,10.0,7277.39,1882.9,UPI,Processing
2848,704,20,2024-02-21,3,580.65,25.0,1306.46,445.73,Debit Card,Delivered
2849,269,3,2024-01-03,2,4826.77,10.0,8688.19,2869.79,Credit Card,Shipped
2850,858,94,2025-10-05,2,4986.96,5.0,9475.22,4213.71,Wallet,Cancelled
2851,915,33,2024-08-16,2,4963.0,5.0,9429.7,2282.91,Cash on Delivery,Delivered
2852,337,97,2025-01-02,2,1127.53,5.0,2142.31,499.99,Cash on Delivery,Delivered
2853,395,41,2025-10-01,2,4360.17,5.0,8284.32,2901.25,UPI,Delivered
2854,1056,62,2025-12-01,5,385.07,10.0,1732.82,464.58,UPI,Processing
2855,1075,15,2025-06-13,1,27037.12,15.0,22981.55,8323.37,Wallet,Processing
2856,774,72,2024-02-26,2,4148.6,0.0,8297.2,1496.42,Wallet,Returned
2857,137,67,2025-04-19,5,18767.35,20.0,75069.4,32782.08,Cash on Delivery,Delivered
2858,5,69,2024-11-26,4,23193.07,15.0,78856.44,19466.57,Net Banking,Delivered
2859,424,5,2025-07-23,2,18086.09,30.0,25320.53,8767.0,Debit Card,Delivered
2860,390,96,2025-12-22,2,18704.42,15.0,31797.51,13907.78,Credit Card,Delivered
2861,411,72,2025-10-10,4,4148.6,20.0,13275.52,5054.11,UPI,Delivered
2862,1182,80,2025-12-09,5,4440.36,10.0,19981.62,6979.47,UPI,Processing
2863,595,75,2024-10-04,3,72689.52,0.0,218068.56,86668.79,Debit Card,Processing
2864,61,86,2024-07-30,5,1823.21,10.0,8204.44,3501.77,UPI,Returned
2865,325,32,2025-06-09,5,5563.34,20.0,22253.36,6234.68,Wallet,Shipped
2866,571,64,2025-05-16,5,5281.37,25.0,19805.14,6726.04,UPI,Delivered
2867,1009,41,2024-08-16,4,4360.17,10.0,15696.61,5303.11,Debit Card,Delivered
2868,77,36,2024-04-19,5,9396.66,10.0,42284.97,6839.16,Wallet,Shipped
2869,1085,76,2025-09-28,5,1202.91,5.0,5713.82,1598.8,Debit Card,Delivered
2870,49,41,2024-09-24,5,4360.17,25.0,16350.64,6100.08,,
2871,26,23,2024-06-15,1,5380.88,0.0,5380.88,1476.15,Cash on Delivery,Delivered
2872,597,56,2024-01-05,5,1831.05,20.0,7324.2,3145.28,Net Banking,Shipped
2873,426,64,2025-07-28,3,5281.37,0.0,15844.11,2739.9,Credit Card,Delivered
2874,573,28,2025-09-21,4,4976.19,20.0,15923.81,3203.74,Wallet,Delivered
2875,106,77,2024-10-12,2,1568.22,25.0,2352.33,797.28,Debit Card,Delivered
2876,66,2,2025-07-07,3,19784.61,20.0,47483.06,20864.91,Net Banking,Delivered
2877,715,57,2024-12-12,2,1664.71,20.0,2663.54,429.45,UPI,Delivered
2878,792,75,2025-01-31,5,72689.52,20.0,290758.08,60781.86,Wallet,Delivered
2879,410,75,2024-09-13,1,72689.52,20.0,58151.62,10789.01,Cash on Delivery,Delivered
2880,1081,35,2025-08-29,5,13294.83,15.0,56503.03,13857.0,UPI,Delivered
2881,107,34,2025-07-07,4,6016.67,15.0,20456.68,5628.29,Debit Card,Shipped
2882,635,61,2024-10-21,1,3726.63,15.0,3167.64,737.94,UPI,Delivered
2883,203,15,2024-02-22,5,27037.12,25.0,101389.2,26814.37,Wallet,Returned
2884,944,18,2025-02-20,4,28107.47,15.0,95565.4,16783.38,Credit Card,Shipped
2885,986,3,2025-05-15,5,4826.77,20.0,19307.08,6360.73,Cash on Delivery,Shipped
2886,1185,26,2025-08-26,4,56093.06,0.0,224372.24,48840.01,Wallet,Delivered
2887,206,87,2025-08-24,5,1767.23,20.0,7068.92,1528.58,Debit Card,Delivered
2888,954,22,2024-10-24,5,29648.84,25.0,111183.15,28484.91,UPI,Shipped
2889,272,25,2025-09-21,4,2695.33,10.0,9703.19,1469.25,Net Banking,Delivered
2890,1036,82,2025-08-13,4,16836.84,0.0,67347.36,17564.51,UPI,Shipped
2891,864,6,2024-03-06,2,8514.19,15.0,14474.12,6240.59,Net Banking,Delivered
2892,509,67,2025-11-04,1,18767.35,5.0,17828.98,7982.88,Credit Card,Delivered
2893,739,76,2024-12-07,3,1202.91,5.0,3428.29,583.12,UPI,Delivered
2894,946,29,2024-07-15,2,1126.75,20.0,1802.8,299.87,Wallet,Delivered
2895,465,78,2024-03-06,1,2305.12,10.0,2074.61,466.37,Net Banking,Delivered
2896,854,26,2024-05-27,2,56093.06,5.0,106576.81,37524.24,Cash on Delivery,Delivered
2897,696,12,2024-04-22,5,2947.1,0.0,14735.5,4261.29,Cash on Delivery,Delivered
2898,832,35,2025-04-08,4,13294.83,25.0,39884.49,8403.75,Debit Card,Processing
2899,703,40,2024-09-21,5,2090.32,15.0,8883.86,2988.49,Debit Card,Delivered
2900,97,8,2024-07-02,3,2763.21,25.0,6217.22,932.7,Credit Card,Delivered
2901,417,95,2025-01-03,4,10524.46,15.0,35783.16,5853.91,Debit Card,Delivered
2902,857,11,2024-06-02,5,11133.39,25.0,41750.21,16094.22,Credit Card,Delivered
2903,868,27,2025-04-13,3,52193.82,10.0,140923.31,23852.55,Cash on Delivery,Cancelled
2904,503,63,2025-03-10,1,23080.16,5.0,21926.15,8083.96,Net Banking,Cancelled
2905,718,78,2025-07-20,3,2305.12,25.0,5186.52,1059.33,Credit Card,Shipped
2906,135,59,2025-08-06,2,25615.37,0.0,51230.74,19601.73,Cash on Delivery,Delivered
2907,338,26,2024-09-16,1,56093.06,15.0,47679.1,14196.83,Wallet,Delivered
2908,186,75,2024-02-15,4,72689.52,20.0,232606.46,42563.52,Debit Card,Delivered
2909,340,86,2025-03-15,5,1823.21,15.0,7748.64,1203.73,Credit Card,Delivered
2910,296,38,2025-09-08,5,2438.66,10.0,10973.97,4756.45,Debit Card,Delivered
2911,1066,10,2025-11-19,1,46405.07,30.0,32483.55,11875.3,Cash on Delivery,Delivered
2912,981,78,2024-08-23,3,2305.12,5.0,6569.59,2396.54,Wallet,Processing
2913,382,13,2024-02-17,1,6497.88,30.0,4548.52,1494.47,Cash on Delivery,Delivered
2914,790,16,2024-06-09,1,1240.5,20.0,992.4,359.27,Debit Card,Cancelled
2915,35,79,2024-03-05,3,1836.83,10.0,4959.44,1309.97,Net Banking,Delivered
2916,878,42,2025-09-15,2,1050.19,30.0,1470.27,240.15,Debit Card,Delivered
2917,1034,39,2024-07-25,3,25526.93,15.0,65093.67,13232.37,Debit Card,Shipped
2918,170,11,2025-11-20,4,11133.39,0.0,44533.56,7046.54,Wallet,Delivered
2919,90,54,2025-03-10,2,3017.65,15.0,5130.01,2251.52,UPI,Delivered
2920,286,2,2025-10-31,4,19784.61,20.0,63310.75,15650.13,Net Banking,Delivered
2921,1115,2,2024-06-10,1,19784.61,10.0,17806.15,2984.52,Net Banking,Shipped
2922,299,13,2025-08-27,1,6497.88,10.0,5848.09,997.77,Wallet,Shipped
2923,1021,51,2024-07-30,4,3311.31,5.0,12582.98,2594.94,Credit Card,Processing
2924,780,20,2025-09-17,1,580.65,0.0,580.65,209.43,Net Banking,Cancelled
2925,709,63,2024-02-08,5,23080.16,10.0,103860.72,31010.92,Wallet,Processing
2926,1036,9,2024-10-02,3,26733.44,25.0,60150.24,12877.74,UPI,Delivered
2927,22,55,2025-07-17,2,3119.28,10.0,5614.7,2251.73,UPI,Processing
2928,253,27,2024-09-21,2,52193.82,15.0,88729.49,38044.25,Cash on Delivery,Delivered
2929,456,16,2024-03-11,4,1240.5,25.0,3721.5,822.74,UPI,Cancelled
2930,935,7,2025-07-21,3,4635.61,20.0,11125.46,3618.15,Net Banking,Delivered
2931,870,71,2025-02-18,4,4556.8,5.0,17315.84,2836.64,Wallet,Shipped
2932,64,4,2025-12-08,4,7110.01,25.0,21330.03,4310.14,Credit Card,Shipped
2933,1123,96,2024-01-15,4,18704.42,15.0,63595.03,15726.78,Wallet,Delivered
2934,495,75,2024-03-01,5,72689.52,20.0,290758.08,48373.21,Debit Card,Returned
2935,662,21,2025-03-01,3,727.97,15.0,1856.32,737.31,Credit Card,Delivered
2936,698,2,2025-11-19,5,19784.61,25.0,74192.29,13424.6,Credit Card,Shipped
2937,876,22,2025-01-18,2,29648.84,30.0,41508.38,17734.51,Credit Card,Returned
2938,141,59,2025-07-21,3,25615.37,5.0,73003.8,22143.39,Cash on Delivery,
2939,368,33,2025-01-21,1,4963.0,0.0,4963.0,1306.45,Wallet,Cancelled
2940,353,46,2024-07-26,1,1075.79,30.0,753.05,120.92,UPI,Shipped
2941,870,93,2025-09-19,1,2525.17,10.0,2272.65,883.5,Cash on Delivery,Processing
2942,575,35,2025-09-09,1,13294.83,10.0,11965.35,1816.09,UPI,Delivered
2943,314,30,2024-06-03,2,23124.95,10.0,41624.91,13141.84,Cash on Delivery,Delivered
2944,534,69,2024-12-05,5,23193.07,0.0,115965.35,50290.92,Net Banking,Delivered
2945,349,89,2025-06-17,4,3476.46,0.0,13905.84,4193.32,Debit Card,Delivered
2946,726,61,2025-05-24,3,3726.63,0.0,11179.89,3301.87,Wallet,Delivered
2947,261,57,2025-11-20,1,1664.71,15.0,1415.0,617.93,Cash on Delivery,Shipped
2948,890,66,2024-08-29,1,4204.22,20.0,3363.38,969.12,Wallet,Returned
2949,635,84,2025-07-22,1,4924.84,15.0,4186.11,1154.29,Net Banking,Returned
2950,784,24,2024-12-25,5,11430.81,15.0,48580.94,10379.89,UPI,Delivered
2951,590,3,2025-08-24,2,4826.77,20.0,7722.83,3276.0,Cash on Delivery,Delivered
2952,452,72,2024-12-13,1,4148.6,0.0,4148.6,998.4,UPI,Delivered
2953,356,16,2025-10-05,3,1240.5,0.0,3721.5,1637.84,UPI,Delivered
2954,518,7,2025-02-02,2,4635.61,10.0,8344.1,2312.84,Wallet,Cancelled
2955,705,49,2025-02-18,4,2372.32,15.0,8065.89,2087.76,Debit Card,Delivered
2956,1120,100,2025-10-20,5,4404.3,15.0,18718.27,5895.93,Debit Card,Delivered
2957,1024,7,2025-09-05,5,4635.61,15.0,19701.34,3703.04,UPI,Delivered
2958,349,53,2024-09-02,3,328.56,15.0,837.83,141.7,Credit Card,Cancelled
2959,2,50,2025-08-04,2,12152.7,15.0,20659.59,5502.11,Debit Card,Delivered
2960,821,59,2024-01-20,5,25615.37,30.0,89653.79,20273.36,UPI,Returned
2961,635,34,2025-05-04,3,6016.67,10.0,16245.01,2880.56,Net Banking,Shipped
2962,346,14,2024-05-07,2,34858.1,5.0,66230.39,19283.87,UPI,Processing
2963,209,100,2024-01-11,4,4404.3,15.0,14974.62,3203.6,Credit Card,Processing
2964,77,52,2025-07-08,3,2413.75,0.0,7241.25,2819.31,Net Banking,Delivered
2965,760,95,2025-07-07,4,10524.46,15.0,35783.16,10859.19,Wallet,Delivered
2966,936,92,2024-03-10,5,1199.49,10.0,5397.7,1901.73,Cash on Delivery,Delivered
2967,1176,25,2024-04-28,5,2695.33,25.0,10107.49,1543.15,Wallet,Delivered
2968,1158,46,2024-10-05,3,1075.79,0.0,3227.37,490.02,Cash on Delivery,Delivered
2969,719,54,2024-11-06,4,3017.65,25.0,9052.95,2324.43,Debit Card,Delivered
2970,717,87,2025-03-07,1,1767.23,15.0,1502.15,324.63,Cash on Delivery,Delivered
2971,1031,34,2024-02-06,5,6016.67,10.0,27075.01,7132.73,Wallet,Returned
2972,624,88,2024-04-28,2,2398.33,25.0,3597.49,899.87,Credit Card,Delivered
2973,936,40,2024-04-29,3,2090.32,30.0,4389.67,1091.61,Debit Card,Returned
2974,1115,87,2025-02-03,5,1767.23,15.0,7510.73,1489.0,Net Banking,Shipped
2975,1014,12,2024-08-07,5,2947.1,15.0,12525.17,2367.57,Net Banking,Delivered
2976,510,59,2025-05-18,4,25615.37,0.0,102461.48,33586.58,Cash on Delivery,Processing
2977,1074,100,2024-04-07,1,4404.3,5.0,4184.09,1299.35,UPI,Delivered
2978,268,32,2025-01-29,5,5563.34,10.0,25035.03,8487.79,Net Banking,Returned
2979,166,48,2025-03-21,4,1050.32,10.0,3781.15,759.8,Wallet,Delivered
2980,989,37,2025-04-24,2,16932.2,10.0,30477.96,6640.11,Cash on Delivery,Delivered
2981,461,49,2025-03-27,5,2372.32,5.0,11268.52,4571.25,Wallet,Returned
2982,171,17,2024-04-26,4,41583.23,20.0,133066.34,29560.82,Credit Card,Delivered
2983,737,99,2025-01-03,1,2129.54,15.0,1810.11,485.22,Debit Card,Cancelled
2984,386,28,2025-02-08,3,4976.19,0.0,14928.57,6238.12,Credit Card,Cancelled
2985,175,26,2025-06-11,5,56093.06,5.0,266442.03,41250.4,Net Banking,Delivered
2986,1001,21,2024-03-03,5,727.97,0.0,3639.85,1351.64,Cash on Delivery,Processing
2987,648,91,2025-11-09,4,952.87,25.0,2858.61,806.22,Net Banking,Delivered
2988,936,70,2025-07-27,1,2491.61,15.0,2117.87,322.57,Cash on Delivery,Delivered
2989,605,62,2024-04-01,3,385.07,5.0,1097.45,385.08,UPI,Delivered
2990,1175,34,2025-05-11,1,6016.67,25.0,4512.5,1004.9,Net Banking,Delivered
2991,551,36,2025-06-13,4,9396.66,,35707.31,10675.35,Credit Card,Delivered
2992,382,61,2025-12-29,5,3726.63,20.0,14906.52,5808.96,Wallet,Returned
2993,1090,64,2024-03-20,5,5281.37,0.0,26406.85,10508.84,Credit Card,Cancelled
2994,813,17,2024-05-08,5,41583.23,15.0,176728.73,26527.28,Credit Card,Processing
2995,642,93,2024-12-22,4,2525.17,25.0,7575.51,2256.64,Net Banking,Shipped
2996,149,8,2025-03-15,3,2763.21,10.0,7460.67,1602.1,Debit Card,Processing
2997,609,37,2025-07-24,5,16932.2,10.0,76194.9,31828.99,Credit Card,Delivered
2998,200,61,2024-02-28,3,3726.63,20.0,8943.91,2550.44,Cash on Delivery,Cancelled
2999,829,96,2024-01-19,3,18704.42,,56113.26,21357.87,UPI,Delivered
3000,790,33,2025-05-15,4,4963.0,15.0,16874.2,6794.4,Cash on Delivery,Delivered
3001,514,38,2025-12-24,5,2438.66,20.0,9754.64,2502.26,Wallet,Delivered
3002,807,82,2024-01-29,2,16836.84,5.0,31990.0,13781.32,Credit Card,Delivered
3003,490,79,2024-10-04,1,1836.83,0.0,1836.83,758.1,Cash on Delivery,Delivered
3004,324,67,2024-01-11,1,18767.35,30.0,13137.14,4585.57,Credit Card,Delivered
3005,409,50,2025-05-15,2,12152.7,15.0,20659.59,6813.6,Cash on Delivery,Cancelled
3006,1077,27,2025-06-05,5,52193.82,15.0,221823.73,79495.65,Credit Card,Processing
3007,847,3,2024-03-01,4,4826.77,10.0,17376.37,5311.93,Debit Card,Delivered
3008,388,26,2025-05-07,1,56093.06,5.0,53288.41,23282.17,Net Banking,Cancelled
3009,211,50,2024-05-23,4,12152.7,15.0,41319.18,10921.4,Wallet,Delivered
3010,753,9,2025-01-24,3,26733.44,0.0,80200.32,18144.15,Net Banking,Delivered
3011,488,6,2024-05-09,5,8514.19,25.0,31928.21,12062.21,Cash on Delivery,Delivered
3012,826,77,2025-06-11,1,1568.22,20.0,1254.58,416.63,Debit Card,Delivered
3013,825,85,2025-04-15,1,2785.07,5.0,2645.82,863.49,Net Banking,Delivered
3014,716,97,2025-02-24,3,1127.53,15.0,2875.2,511.52,Debit Card,Delivered
3015,39,56,2025-09-09,3,1831.05,0.0,5493.15,1164.91,Debit Card,Processing
3016,1063,65,2025-11-23,3,21959.36,15.0,55996.37,22370.41,Debit Card,Returned
3017,923,59,2025-09-22,2,25615.37,20.0,40984.59,11231.94,Debit Card,Processing
3018,1140,63,2025-10-03,3,23080.16,15.0,58854.41,13112.88,Net Banking,Delivered
3019,448,6,2025-10-03,5,8514.19,25.0,31928.21,5213.93,UPI,Delivered
3020,75,60,2025-10-21,2,38860.34,10.0,69948.61,24315.02,UPI,Cancelled
3021,272,52,2024-05-12,2,2413.75,15.0,4103.38,1708.1,UPI,Shipped
3022,878,8,2025-03-15,5,2763.21,10.0,12434.44,5351.61,Debit Card,Returned
3023,140,42,2025-09-03,3,1050.19,10.0,2835.51,435.64,Net Banking,Delivered
3024,956,17,2025-03-20,2,41583.23,20.0,66533.17,10033.55,Debit Card,Shipped
3025,871,87,2024-11-07,3,1767.23,10.0,4771.52,1226.36,UPI,Delivered
3026,900,22,2025-01-02,5,29648.84,5.0,140831.99,26116.21,UPI,Delivered
3027,189,82,2025-10-20,2,16836.84,15.0,28622.63,5063.4,Debit Card,Processing
3028,938,48,2024-07-09,2,1050.32,20.0,1680.51,364.38,Debit Card,Processing
3029,768,75,2024-08-07,2,72689.52,10.0,130841.14,21901.2,UPI,Processing
3030,665,62,2025-03-14,2,385.07,25.0,577.61,214.63,Wallet,Cancelled
3031,570,31,2024-02-21,3,7500.95,25.0,16877.14,5954.16,Credit Card,Shipped
3032,349,16,2025-12-31,4,1240.5,20.0,3969.6,1158.78,,Delivered
3033,738,75,2024-11-22,3,72689.52,20.0,174454.85,39574.0,Cash on Delivery,Processing
3034,1183,34,2024-02-18,1,6016.67,15.0,5114.17,2163.62,Cash on Delivery,Shipped
3035,188,76,2024-09-02,1,1202.91,10.0,1082.62,310.99,Net Banking,Cancelled
3036,496,49,2024-05-03,2,2372.32,20.0,3795.71,1197.89,Cash on Delivery,Delivered
3037,832,16,2025-08-26,1,1240.5,15.0,1054.42,403.42,Debit Card,Shipped
3038,968,40,2024-02-11,3,2090.32,25.0,4703.22,1724.98,Debit Card,Shipped
3039,64,10,2025-01-29,5,46405.07,10.0,208822.82,63175.23,Wallet,Delivered
3040,684,94,2025-06-14,4,4986.96,5.0,18950.45,7454.23,UPI,Shipped
3041,472,90,2024-10-10,1,12971.56,25.0,9728.67,1986.07,UPI,Delivered
3042,92,69,2024-09-12,3,23193.07,20.0,55663.37,16631.06,UPI,Delivered
3043,965,73,2024-12-02,2,2450.92,25.0,3676.38,933.1,UPI,Delivered
3044,416,83,2024-07-08,4,54575.66,10.0,196472.38,35555.16,Wallet,Returned
3045,38,54,2025-08-01,4,3017.65,15.0,10260.01,4335.16,UPI,Delivered
3046,1143,26,2025-10-15,5,56093.06,0.0,280465.3,91118.72,Net Banking,Delivered
3047,1053,17,2025-09-19,4,41583.23,0.0,166332.92,26639.52,Debit Card,Delivered
3048,540,68,2024-08-06,4,3680.19,15.0,12512.65,4336.55,UPI,Shipped
3049,765,56,2024-05-21,2,1831.05,10.0,3295.89,1178.55,Wallet,Processing
3050,288,25,2024-01-09,2,2695.33,15.0,4582.06,1407.41,Credit Card,Returned
3051,31,85,2024-09-21,4,2785.07,15.0,9469.24,3042.73,UPI,Processing
3052,44,35,2024-11-10,3,13294.83,15.0,33901.82,7585.82,Credit Card,Delivered
3053,839,15,2024-04-17,5,27037.12,0.0,135185.6,21511.88,UPI,Returned
3054,531,37,2025-10-30,4,16932.2,20.0,54183.04,22923.12,Debit Card,Delivered
3055,935,36,2025-05-28,4,9396.66,0.0,37586.64,11104.88,UPI,Cancelled
3056,1171,12,2024-06-18,3,2947.1,5.0,8399.23,3116.3,Net Banking,Cancelled
3057,555,100,2024-07-02,2,4404.3,5.0,8368.17,2802.02,Cash on Delivery,Delivered
3058,536,95,2024-04-17,1,10524.46,5.0,9998.24,1964.85,Debit Card,Processing
3059,265,54,2025-05-19,3,3017.65,25.0,6789.71,2717.25,Cash on Delivery,Delivered
3060,1065,70,2025-11-06,2,2491.61,20.0,3986.58,1772.38,UPI,Processing
3061,223,59,2024-06-16,1,25615.37,20.0,20492.3,8597.19,Credit Card,Delivered
3062,648,44,2025-07-08,3,4408.77,10.0,11903.68,2649.97,Wallet,Cancelled
3063,1006,69,2024-10-17,2,23193.07,10.0,41747.53,15905.84,Wallet,Delivered
3064,551,97,2025-08-13,2,1127.53,15.0,1916.8,799.15,Net Banking,Delivered
3065,391,79,2025-12-05,3,1836.83,30.0,3857.34,1114.11,UPI,Shipped
3066,258,50,2025-05-27,4,12152.7,20.0,38888.64,15020.41,UPI,Delivered
3067,39,4,2024-06-15,4,7110.01,20.0,22752.03,8665.17,Debit Card,Processing
3068,952,10,2024-10-26,3,46405.07,10.0,125293.69,50163.99,UPI,Returned
3069,172,82,2025-01-31,1,16836.84,15.0,14311.31,5294.24,Cash on Delivery,Delivered
3070,39,39,2024-04-03,5,25526.93,10.0,114871.18,37601.11,Credit Card,Delivered
3071,1185,53,2025-07-23,2,328.56,15.0,558.55,181.33,Cash on Delivery,Delivered
3072,1158,28,2025-03-04,1,4976.19,10.0,4478.57,1281.14,Credit Card,Processing
3073,497,98,2025-09-08,3,7242.33,5.0,20640.64,4386.7,Cash on Delivery,Delivered
3074,266,56,2025-09-10,1,1831.05,15.0,1556.39,644.56,Debit Card,Delivered
3075,501,99,2025-12-31,1,2129.54,10.0,1916.59,572.28,Debit Card,Delivered
3076,450,27,2024-05-23,5,52193.82,10.0,234872.19,49450.42,Debit Card,Delivered
3077,371,95,2025-11-10,2,10524.46,10.0,18944.03,3129.67,Wallet,Delivered
3078,1009,89,2024-10-15,2,3476.46,0.0,6952.92,2514.16,Wallet,Delivered
3079,325,83,2025-05-20,3,54575.66,15.0,139167.93,22456.8,Cash on Delivery,Processing
3080,140,53,2024-04-02,1,328.56,15.0,279.28,103.5,Cash on Delivery,Delivered
3081,563,88,2024-05-18,3,2398.33,0.0,7194.99,3115.56,Debit Card,Shipped
3082,760,30,2024-10-20,5,23124.95,20.0,92499.8,33184.46,Credit Card,Delivered
3083,319,41,2024-06-07,3,4360.17,30.0,9156.36,2493.58,Cash on Delivery,Processing
3084,250,18,2024-08-01,2,28107.47,10.0,50593.45,8962.36,Wallet,Cancelled
3085,849,87,2024-03-04,1,1767.23,25.0,1325.42,309.63,Credit Card,Delivered
3086,402,78,2025-04-12,1,2305.12,20.0,1844.1,592.78,Wallet,Shipped
3087,373,19,2024-02-14,3,3365.11,20.0,8076.26,2164.63,Wallet,Delivered
3088,940,9,2024-10-04,5,26733.44,0.0,133667.2,20907.95,Cash on Delivery,Returned
3089,80,89,2024-04-03,5,3476.46,15.0,14774.95,4441.59,Net Banking,Delivered
3090,985,97,2025-09-13,3,1127.53,25.0,2536.94,729.81,Credit Card,Processing
3091,825,50,2025-12-08,4,12152.7,25.0,36458.1,11831.98,Debit Card,Delivered
3092,265,73,2025-03-07,5,2450.92,15.0,10416.41,4571.24,Net Banking,Delivered
3093,491,90,2024-07-06,4,12971.56,0.0,51886.24,22187.02,UPI,Processing
3094,195,36,2025-06-12,2,9396.66,15.0,15974.32,3072.47,Net Banking,Delivered
3095,50,33,2024-07-25,3,4963.0,30.0,10422.3,2955.04,Credit Card,Processing
3096,657,56,2024-05-10,5,1831.05,15.0,7781.96,1195.27,Debit Card,Delivered
3097,1189,46,2025-10-14,5,1075.79,20.0,4303.16,1144.06,Cash on Delivery,Delivered
3098,309,48,2024-09-30,4,1050.32,20.0,3361.02,785.77,Credit Card,Processing
3099,480,18,2025-12-02,2,28107.47,20.0,44971.95,18030.85,Debit Card,Delivered
3100,175,52,2024-05-16,5,2413.75,10.0,10861.88,2034.65,UPI,Delivered
3101,725,57,2025-11-12,3,1664.71,15.0,4245.01,1266.49,Wallet,Delivered
3102,21,85,2025-01-08,4,2785.07,10.0,10026.25,3091.11,Wallet,Returned
3103,266,78,2025-05-25,4,2305.12,15.0,7837.41,1415.64,Wallet,Shipped
3104,698,44,2025-07-29,1,4408.77,30.0,3086.14,474.02,Debit Card,Delivered
3105,210,23,2024-01-13,4,5380.88,10.0,19371.17,5363.27,Cash on Delivery,Processing
3106,105,37,2025-12-02,5,16932.2,20.0,67728.8,12986.89,UPI,Delivered
3107,653,25,2025-04-12,2,2695.33,25.0,4042.99,1220.87,Credit Card,Delivered
3108,165,42,2024-12-07,1,1050.19,15.0,892.66,394.92,UPI,Processing
3109,870,74,2024-05-06,5,7241.27,5.0,34396.03,9260.25,Cash on Delivery,Delivered
3110,938,70,2024-04-05,2,2491.61,15.0,4235.74,1273.76,UPI,Cancelled
3111,740,84,2025-04-27,4,4924.84,30.0,13789.55,3331.79,Net Banking,Delivered
3112,111,51,2025-08-19,1,3311.31,25.0,2483.48,1029.47,Debit Card,Delivered
3113,1040,78,2024-11-01,5,2305.12,25.0,8644.2,3632.8,Cash on Delivery,Shipped
3114,459,36,2025-11-02,3,9396.66,15.0,23961.48,9750.99,Credit Card,Shipped
3115,1004,13,2024-11-11,5,6497.88,0.0,32489.4,7940.37,Debit Card,Delivered
3116,933,80,2024-07-05,2,4440.36,15.0,7548.61,1765.18,Net Banking,Delivered
3117,530,18,2024-11-26,5,28107.47,5.0,133510.48,37440.14,UPI,Cancelled
3118,1105,10,2024-05-02,5,46405.07,15.0,197221.55,68800.87,Credit Card,Shipped
3119,842,53,2024-02-21,2,328.56,10.0,591.41,143.52,Debit Card,Delivered
3120,943,11,2024-03-17,3,11133.39,15.0,28390.14,6304.04,Debit Card,Cancelled
3121,1144,97,2024-04-02,3,1127.53,25.0,2536.94,942.16,Net Banking,Delivered
3122,672,99,2025-07-15,3,2129.54,10.0,5749.76,1059.34,Cash on Delivery,Cancelled
3123,999,95,2025-07-13,3,10524.46,30.0,22101.37,4741.33,Cash on Delivery,Delivered
3124,784,51,2025-09-07,2,3311.31,15.0,5629.23,849.2,Cash on Delivery,Delivered
3125,181,65,2025-10-21,2,21959.36,10.0,39526.85,13767.84,,Delivered
3126,402,29,2024-02-11,2,1126.75,20.0,1802.8,643.11,UPI,Delivered
3127,885,9,2024-02-10,1,26733.44,0.0,26733.44,4441.92,Net Banking,Delivered
3128,683,58,2025-01-24,3,3255.82,20.0,7813.97,1243.38,UPI,Delivered
3129,1072,16,2024-02-14,4,1240.5,5.0,4713.9,1942.99,Wallet,Shipped
3130,805,55,2024-06-08,5,3119.28,0.0,15596.4,5462.29,Cash on Delivery,Shipped
3131,1005,62,2024-02-24,4,385.07,20.0,1232.22,315.52,Credit Card,Delivered
3132,1050,14,2024-10-20,1,34858.1,5.0,33115.19,7355.63,Cash on Delivery,Delivered
3133,210,49,2024-07-12,4,2372.32,15.0,8065.89,3422.3,Wallet,Processing
3134,536,14,2025-12-29,2,34858.1,0.0,69716.2,23713.57,Debit Card,Delivered
3135,757,8,2024-09-22,5,2763.21,15.0,11743.64,3818.63,Cash on Delivery,Delivered
3136,477,61,2025-01-14,3,3726.63,10.0,10061.9,2539.59,Debit Card,Delivered
3137,621,58,2024-02-04,5,3255.82,10.0,14651.19,4844.02,UPI,Delivered
3138,1040,58,2024-11-17,2,3255.82,15.0,5534.89,940.01,Cash on Delivery,Delivered
3139,1096,48,2024-08-05,1,1050.32,5.0,997.8,287.37,Net Banking,Delivered
3140,225,5,2024-07-26,4,18086.09,15.0,61492.71,15749.45,UPI,Delivered
3141,277,78,2024-06-06,1,2305.12,0.0,2305.12,390.83,Net Banking,Delivered
3142,1106,72,2024-11-02,5,4148.6,15.0,17631.55,7314.73,Wallet,Delivered
3143,649,14,2024-12-13,4,34858.1,15.0,118517.54,42674.63,Credit Card,Delivered
3144,195,90,2025-06-25,2,12971.56,15.0,22051.65,4811.38,Wallet,Delivered
3145,404,59,2025-09-29,3,25615.37,0.0,76846.11,23345.08,Net Banking,Delivered
3146,1017,82,2024-12-14,3,16836.84,20.0,40408.42,12201.93,Wallet,Delivered
3147,1046,85,2024-03-13,1,2785.07,10.0,2506.56,1034.5,UPI,Shipped
3148,551,61,2025-08-27,3,3726.63,30.0,7825.92,2122.73,Debit Card,Shipped
3149,751,18,2025-06-02,1,28107.47,15.0,23891.35,5584.27,Cash on Delivery,Delivered
3150,246,16,2024-09-17,1,1240.5,5.0,1178.47,480.56,Debit Card,Delivered
3151,29,87,2025-12-22,5,1767.23,0.0,8836.15,3743.5,Credit Card,Delivered
3152,592,26,2025-08-24,2,56093.06,25.0,84139.59,35131.67,Debit Card,Returned
3153,1129,77,2024-02-26,4,1568.22,30.0,4391.02,1356.43,Net Banking,Delivered
3154,179,19,2025-08-18,2,3365.11,15.0,5720.69,1317.53,Wallet,Delivered
3155,231,24,2024-11-27,3,11430.81,10.0,30863.19,12397.26,UPI,Delivered
3156,914,45,2025-01-15,5,2560.89,5.0,12164.23,2946.03,Credit Card,Cancelled
3157,26,18,2025-02-23,5,28107.47,20.0,112429.88,23107.31,Credit Card,Delivered
3158,699,89,2025-07-17,3,3476.46,5.0,9907.91,3262.52,Debit Card,Delivered
3159,519,51,2024-12-03,5,3311.31,10.0,14900.9,5432.22,Net Banking,Delivered
3160,1155,20,2024-01-09,2,580.65,30.0,812.91,199.46,Wallet,Delivered
3161,1148,55,2024-02-29,5,3119.28,25.0,11697.3,4904.0,,Shipped
3162,1042,79,2024-01-24,4,1836.83,0.0,7347.32,1215.48,UPI,Delivered
3163,50,72,2025-11-07,1,4148.6,20.0,3318.88,1013.55,UPI,Delivered
3164,1109,100,2025-07-30,2,4404.3,15.0,7487.31,1239.35,Net Banking,Delivered
3165,1075,90,2025-02-03,1,12971.56,15.0,11025.83,1946.08,Credit Card,Delivered
3166,1080,38,2024-12-11,4,2438.66,10.0,8779.18,1482.38,Cash on Delivery,Delivered
3167,244,8,2024-12-10,4,2763.21,10.0,9947.56,3414.67,Cash on Delivery,Returned
3168,386,84,2025-02-21,2,4924.84,10.0,8864.71,2888.2,Wallet,Delivered
3169,61,44,2025-11-24,1,4408.77,0.0,4408.77,1384.7,UPI,Delivered
3170,896,56,2025-01-13,1,1831.05,15.0,1556.39,338.23,Debit Card,Processing
3171,1074,84,2025-09-14,2,4924.84,10.0,8864.71,1779.13,UPI,Delivered
3172,1131,45,2024-12-26,4,2560.89,30.0,7170.49,2310.48,Cash on Delivery,Delivered
3173,599,84,2025-05-08,4,4924.84,5.0,18714.39,6605.19,UPI,Shipped
3174,664,11,2025-07-24,2,11133.39,5.0,21153.44,4796.82,UPI,Delivered
3175,419,50,2025-12-20,3,12152.7,10.0,32812.29,6926.65,Wallet,Processing
3176,67,16,2025-04-17,3,1240.5,25.0,2791.12,1086.66,Net Banking,Processing
3177,711,19,2024-01-18,5,3365.11,0.0,16825.55,4779.14,Credit Card,Delivered
3178,202,96,2024-04-18,3,18704.42,0.0,56113.26,25116.24,Credit Card,Shipped
3179,206,46,2024-08-02,1,1075.79,30.0,753.05,188.5,Credit Card,Delivered
3180,318,11,2024-12-23,3,11133.39,25.0,25050.13,6839.43,Net Banking,Returned
3181,1158,73,2024-03-18,5,2450.92,15.0,10416.41,2567.28,Cash on Delivery,Processing
3182,886,76,2024-01-18,4,1202.91,5.0,4571.06,1684.67,UPI,Cancelled
3183,958,73,2024-09-22,1,2450.92,10.0,2205.83,831.74,UPI,Cancelled
3184,996,67,2024-04-30,1,18767.35,30.0,13137.14,3322.03,Debit Card,Cancelled
3185,777,36,2025-10-05,2,9396.66,20.0,15034.66,6145.75,Credit Card,Processing
3186,1008,78,2024-08-10,2,2305.12,20.0,3688.19,625.25,Debit Card,Delivered
3187,87,79,2024-11-23,1,1836.83,25.0,1377.62,336.31,Net Banking,Shipped
3188,184,52,2025-06-13,2,2413.75,10.0,4344.75,990.86,Cash on Delivery,Processing
3189,1171,35,2025-11-02,2,13294.83,25.0,19942.24,5260.6,Net Banking,Cancelled
3190,553,24,2024-04-09,5,11430.81,15.0,48580.94,21241.66,Cash on Delivery,Returned
3191,254,78,2024-02-29,2,2305.12,25.0,3457.68,585.72,Wallet,Delivered
3192,961,83,2024-05-16,3,54575.66,25.0,122795.24,47336.89,Cash on Delivery,Delivered
3193,546,16,2024-05-18,3,1240.5,15.0,3163.28,1405.87,UPI,Shipped
3194,772,50,2024-11-28,4,12152.7,5.0,46180.26,20070.24,Wallet,Delivered
3195,471,54,2024-03-23,2,3017.65,30.0,4224.71,1579.54,UPI,Processing
3196,325,66,2025-11-05,1,4204.22,0.0,4204.22,1443.6,Net Banking,Delivered
3197,1162,52,2024-02-29,4,2413.75,10.0,8689.5,2509.46,Wallet,Delivered
3198,912,11,2024-05-23,1,11133.39,0.0,11133.39,4507.03,Cash on Delivery,Delivered
3199,707,56,2025-10-26,4,1831.05,15.0,6225.57,2027.79,Cash on Delivery,Delivered
3200,635,73,2025-08-26,4,2450.92,15.0,8333.13,2814.04,Wallet,Processing
3201,939,20,2025-08-09,2,580.65,30.0,812.91,320.38,Credit Card,Delivered
3202,135,16,2025-03-05,3,1240.5,5.0,3535.42,826.08,Net Banking,Delivered
3203,686,95,2025-03-15,2,10524.46,0.0,21048.92,5886.26,UPI,Shipped
3204,244,46,2024-06-16,1,1075.79,5.0,1022.0,328.43,Debit Card,Delivered
3205,1034,34,2024-09-29,1,6016.67,20.0,4813.34,1112.81,Debit Card,Delivered
3206,201,88,2024-01-19,2,2398.33,15.0,4077.16,1345.61,Credit Card,Returned
3207,598,80,2024-10-08,1,4440.36,5.0,4218.34,1864.59,Cash on Delivery,Delivered
3208,166,9,2024-02-26,4,26733.44,0.0,106933.76,26645.32,UPI,Delivered
3209,818,97,2025-02-14,2,1127.53,10.0,2029.55,624.2,Cash on Delivery,Delivered
3210,622,30,2024-12-21,1,23124.95,10.0,20812.46,9195.06,Debit Card,Shipped
3211,1164,62,2025-06-04,4,385.07,30.0,1078.2,332.16,Wallet,Delivered
3212,1059,6,2024-12-15,3,8514.19,5.0,24265.44,9337.18,Net Banking,Delivered
3213,352,7,2025-03-22,2,4635.61,20.0,7416.98,2305.79,Wallet,Delivered
3214,32,14,2025-11-03,1,34858.1,15.0,29629.38,11689.28,Wallet,Delivered
3215,918,31,2024-05-08,4,7500.95,15.0,25503.23,5511.33,Cash on Delivery,Cancelled
3216,433,14,2024-11-09,5,34858.1,15.0,148146.92,40363.86,Debit Card,Cancelled
3217,561,46,2025-04-26,5,1075.79,10.0,4841.06,1707.09,Credit Card,Delivered
3218,355,54,2025-09-12,3,3017.65,10.0,8147.66,3054.25,UPI,Shipped
3219,211,94,2024-08-05,5,4986.96,10.0,22441.32,7030.26,UPI,Cancelled
3220,297,45,2024-03-27,2,2560.89,20.0,4097.42,969.15,Wallet,Processing
3221,776,34,2025-04-13,2,6016.67,10.0,10830.01,4283.44,Wallet,Delivered
3222,896,46,2025-10-09,4,1075.79,5.0,4088.0,1571.24,Wallet,Delivered
3223,420,12,2025-08-07,4,2947.1,20.0,9430.72,2202.97,Wallet,Processing
3224,565,67,2025-03-18,4,18767.35,20.0,60055.52,14012.3,Wallet,Delivered
3225,332,84,2025-08-20,2,4924.84,10.0,8864.71,2758.45,Cash on Delivery,Delivered
3226,398,69,2024-05-25,2,23193.07,15.0,39428.22,6590.33,Cash on Delivery,Processing
3227,800,41,2025-12-28,4,4360.17,15.0,14824.58,5397.77,Debit Card,Cancelled
3228,1171,71,2024-03-23,2,4556.8,0.0,9113.6,1561.65,Wallet,Shipped
3229,1195,17,2024-02-02,5,41583.23,15.0,176728.73,76370.68,Wallet,Processing
3230,959,44,2024-12-18,2,4408.77,0.0,8817.54,3126.42,Cash on Delivery,Shipped
3231,479,24,2024-11-13,3,11430.81,30.0,24004.7,4848.34,Debit Card,Delivered
3232,670,68,2025-10-10,1,3680.19,0.0,3680.19,1142.06,Wallet,Delivered
3233,89,9,2024-07-14,2,26733.44,15.0,45446.85,9620.59,Debit Card,Delivered
3234,1095,22,2024-11-04,1,29648.84,5.0,28166.4,11808.81,UPI,Returned
3235,550,13,2024-01-17,4,6497.88,10.0,23392.37,6757.02,Wallet,Returned
3236,1048,4,2024-06-24,2,7110.01,5.0,13509.02,2817.45,Wallet,Delivered
3237,439,54,2024-06-20,4,3017.65,25.0,9052.95,1789.42,Debit Card,Cancelled
3238,359,65,2024-08-24,4,21959.36,0.0,87837.44,33315.46,Credit Card,Delivered
3239,44,68,2024-03-12,1,3680.19,15.0,3128.16,1288.99,Debit Card,Delivered
3240,846,20,2024-08-13,2,580.65,30.0,812.91,123.98,Net Banking,Delivered
3241,363,95,2025-12-29,4,10524.46,25.0,31573.38,13944.21,Cash on Delivery,Delivered
3242,40,44,2025-08-11,1,4408.77,5.0,4188.33,1149.19,UPI,Returned
3243,197,57,2025-11-04,4,1664.71,5.0,6325.9,1111.76,Credit Card,Delivered
3244,68,17,2024-11-27,5,41583.23,15.0,176728.73,43539.29,Credit Card,Delivered
3245,282,1,2025-04-19,1,309.05,0.0,309.05,55.13,UPI,Delivered
3246,746,30,2024-03-08,2,23124.95,20.0,36999.92,6356.07,Cash on Delivery,Delivered
3247,494,53,2025-07-27,1,328.56,20.0,262.85,85.76,Credit Card,Delivered
3248,835,6,2025-07-22,5,8514.19,25.0,31928.21,12587.46,Credit Card,Processing
3249,926,14,2024-05-07,4,34858.1,20.0,111545.92,37270.85,UPI,Delivered
3250,294,61,2024-08-04,3,3726.63,0.0,11179.89,4891.97,Net Banking,Delivered
3251,406,28,2024-02-09,1,4976.19,20.0,3980.95,1763.05,Debit Card,Processing
3252,1110,25,2024-10-21,1,2695.33,15.0,2291.03,639.04,Wallet,Delivered
3253,21,67,2025-01-23,1,18767.35,15.0,15952.25,6622.85,Net Banking,Shipped
3254,535,65,2024-04-23,4,21959.36,20.0,70269.95,26230.8,Credit Card,Delivered
3255,1164,34,2025-08-09,5,6016.67,20.0,24066.68,6675.37,Credit Card,Shipped
3256,1009,92,2025-08-15,4,1199.49,25.0,3598.47,945.67,Net Banking,Delivered
3257,982,5,2024-04-03,1,18086.09,15.0,15373.18,2436.18,Wallet,Processing
3258,912,27,2025-04-30,1,52193.82,20.0,41755.06,15553.38,Wallet,Delivered
3259,658,41,2025-09-02,1,4360.17,5.0,4142.16,1509.62,Credit Card,Delivered
3260,209,87,2025-10-31,5,1767.23,20.0,7068.92,3044.46,Debit Card,Returned
3261,108,77,2025-09-05,5,1568.22,15.0,6664.94,1730.47,Cash on Delivery,Delivered
3262,433,25,2025-07-02,4,2695.33,0.0,10781.32,2021.75,UPI,Delivered
3263,1022,73,2025-02-02,1,2450.92,10.0,2205.83,798.37,UPI,Processing
3264,589,73,2025-10-02,5,2450.92,10.0,11029.14,2193.97,Credit Card,Delivered
3265,618,12,2024-08-29,3,2947.1,20.0,7073.04,2469.96,Net Banking,Returned
3266,84,94,2025-11-17,2,4986.96,20.0,7979.14,1355.59,Net Banking,Shipped
3267,792,79,2024-02-08,3,1836.83,5.0,5234.97,1048.25,UPI,Delivered
3268,822,64,2025-03-31,1,5281.37,10.0,4753.23,1043.59,Cash on Delivery,Delivered
3269,431,63,2024-04-02,5,23080.16,25.0,86550.6,16211.15,UPI,Delivered
3270,817,11,2025-05-10,4,11133.39,15.0,37853.53,10905.45,Credit Card,Delivered
3271,419,42,2024-09-28,2,1050.19,10.0,1890.34,723.21,Cash on Delivery,Delivered
3272,527,21,2025-10-21,5,727.97,25.0,2729.89,1030.88,UPI,Cancelled
3273,1025,73,2024-07-01,5,2450.92,25.0,9190.95,2202.83,Cash on Delivery,Delivered
3274,183,59,2024-09-05,4,25615.37,25.0,76846.11,27340.98,Wallet,Shipped
3275,1133,34,2024-04-29,4,6016.67,15.0,20456.68,6069.82,UPI,Delivered
3276,1055,82,2025-08-05,3,16836.84,10.0,45459.47,14705.88,Cash on Delivery,Delivered
3277,827,60,2024-10-04,5,38860.34,0.0,194301.7,79741.51,UPI,Delivered
3278,570,84,2024-07-21,5,4924.84,10.0,22161.78,4357.13,Net Banking,Delivered
3279,815,62,2025-03-14,2,385.07,5.0,731.63,225.78,Debit Card,Returned
3280,865,25,2024-01-31,3,2695.33,15.0,6873.09,2916.14,Net Banking,Processing
3281,603,28,2025-07-15,5,4976.19,15.0,21148.81,8552.08,UPI,Delivered
3282,888,60,2025-06-10,5,38860.34,15.0,165156.44,60888.6,Cash on Delivery,Delivered
3283,864,53,2025-03-17,4,328.56,15.0,1117.1,368.5,Credit Card,Processing
3284,910,25,2025-05-24,1,2695.33,10.0,2425.8,776.67,Credit Card,Processing
3285,475,81,2024-02-12,5,11328.45,5.0,53810.14,12132.23,Cash on Delivery,Delivered
3286,1045,29,2024-01-30,1,1126.75,15.0,957.74,309.83,UPI,Delivered
3287,67,53,2024-02-29,4,328.56,25.0,985.68,221.27,Wallet,Shipped
3288,1063,31,2025-09-03,1,7500.95,25.0,5625.71,1019.69,Debit Card,Shipped
3289,637,44,2024-08-10,2,4408.77,10.0,7935.79,3256.0,Credit Card,Delivered
3290,57,4,2024-02-01,5,7110.01,15.0,30217.54,5949.83,Wallet,Delivered
3291,1115,23,2025-12-29,2,5380.88,25.0,8071.32,3336.94,,Delivered
3292,838,24,2024-09-15,2,11430.81,15.0,19432.38,7996.31,UPI,Cancelled
3293,48,10,2025-10-12,2,46405.07,0.0,92810.14,14119.84,Wallet,Shipped
3294,770,70,2025-01-14,2,2491.61,5.0,4734.06,1004.3,Wallet,Processing
3295,1179,4,2025-08-07,1,7110.01,15.0,6043.51,2556.06,UPI,Delivered
3296,339,28,2024-04-24,5,4976.19,15.0,21148.81,5457.56,Cash on Delivery,Delivered
3297,601,42,2025-04-12,3,1050.19,25.0,2362.93,782.57,Cash on Delivery,Processing
3298,771,69,2025-03-30,4,23193.07,5.0,88133.67,24037.3,Credit Card,Shipped
3299,373,77,2024-01-19,4,1568.22,0.0,6272.88,1366.53,Net Banking,Returned
3300,726,97,2025-07-12,1,1127.53,20.0,902.02,239.23,Debit Card,Delivered
3301,976,54,2025-08-07,2,3017.65,0.0,6035.3,1388.68,Credit Card,Processing
3302,461,31,2024-12-22,1,7500.95,20.0,6000.76,1324.73,Cash on Delivery,Delivered
3303,247,97,2024-01-02,3,1127.53,20.0,2706.07,820.27,Wallet,Shipped
3304,283,33,2024-12-08,3,4963.0,10.0,13400.1,5387.09,Credit Card,Returned
3305,83,65,2025-03-10,1,21959.36,20.0,17567.49,4733.32,Cash on Delivery,Delivered
3306,868,75,2024-02-14,4,72689.52,20.0,232606.46,52032.88,Credit Card,Processing
3307,920,2,2024-06-19,5,19784.61,10.0,89030.75,21536.68,UPI,Processing
3308,327,50,2025-12-19,3,12152.7,20.0,29166.48,7831.63,Credit Card,Delivered
3309,720,30,2025-12-31,4,23124.95,10.0,83249.82,36268.78,Wallet,Delivered
3310,1049,21,2025-07-08,3,727.97,15.0,1856.32,406.54,Net Banking,Delivered
3311,1027,32,2024-12-11,4,5563.34,30.0,15577.35,5170.2,Credit Card,Processing
3312,1171,47,2024-12-20,1,3006.6,5.0,2856.27,758.17,Debit Card,Delivered
3313,271,43,2025-10-05,2,16482.05,30.0,23074.87,7869.01,Credit Card,Delivered
3314,588,67,2024-04-10,3,18767.35,20.0,45041.64,11874.84,Debit Card,Delivered
3315,556,83,2024-07-31,1,54575.66,20.0,43660.53,18867.43,Debit Card,Returned
3316,1045,69,2025-08-21,4,23193.07,15.0,78856.44,15878.62,UPI,Delivered
3317,116,36,2024-05-24,3,9396.66,0.0,28189.98,8488.17,UPI,Shipped
3318,34,64,2024-10-12,4,5281.37,0.0,21125.48,3662.4,Credit Card,Delivered
3319,477,65,2025-06-30,4,21959.36,15.0,74661.82,24344.89,Debit Card,Delivered
3320,754,96,2025-02-14,3,18704.42,25.0,42084.94,12504.69,Credit Card,Delivered
3321,73,64,2024-05-12,1,5281.37,10.0,4753.23,904.12,UPI,Shipped
3322,922,5,2024-12-10,4,18086.09,0.0,72344.36,19532.15,Debit Card,Delivered
3323,432,1,2025-05-26,1,309.05,0.0,309.05,115.6,Wallet,Delivered
3324,5,17,2024-12-14,2,41583.23,5.0,79008.14,23144.03,Debit Card,Processing
3325,315,30,2025-11-26,2,23124.95,15.0,39312.42,14933.75,Net Banking,Delivered
3326,406,15,2024-10-09,2,27037.12,25.0,40555.68,13348.35,Cash on Delivery,Delivered
3327,926,96,2025-06-16,3,18704.42,30.0,39279.28,8686.97,UPI,Delivered
3328,318,97,2024-04-26,5,1127.53,10.0,5073.89,1254.58,Cash on Delivery,Delivered
3329,683,83,2025-07-05,4,54575.66,0.0,218302.64,76072.3,Debit Card,Processing
3330,625,68,2025-06-05,3,3680.19,20.0,8832.46,2822.16,Net Banking,Delivered
3331,483,88,2025-05-16,3,2398.33,20.0,5755.99,1913.15,Cash on Delivery,Delivered
3332,707,51,2024-10-26,4,3311.31,20.0,10596.19,3877.3,UPI,Delivered
3333,948,36,2025-05-07,3,9396.66,15.0,23961.48,5874.35,Cash on Delivery,Delivered
3334,811,51,2024-12-18,3,3311.31,15.0,8443.84,1578.01,UPI,Delivered
3335,679,94,2024-07-04,1,4986.96,20.0,3989.57,947.93,Wallet,Shipped
3336,818,45,2024-01-17,1,2560.89,15.0,2176.76,637.23,Cash on Delivery,Delivered
3337,344,19,2024-10-29,5,3365.11,10.0,15142.99,5024.99,Credit Card,Shipped
3338,228,71,2025-06-25,1,4556.8,15.0,3873.28,1422.7,Wallet,Delivered
3339,591,27,2024-05-13,4,52193.82,30.0,146142.7,62291.96,Debit Card,Shipped
3340,467,60,2025-02-24,4,38860.34,10.0,139897.22,51746.44,Net Banking,Delivered
3341,386,39,2025-03-28,4,25526.93,5.0,97002.33,29212.8,Wallet,Delivered
3342,1151,51,2024-06-22,3,3311.31,5.0,9437.23,2120.04,Wallet,Delivered
3343,451,86,2024-07-04,1,1823.21,10.0,1640.89,263.06,Wallet,Delivered
3344,696,19,2024-01-01,2,3365.11,10.0,6057.2,1768.36,UPI,Delivered
3345,188,93,2024-08-13,4,2525.17,25.0,7575.51,2245.89,Debit Card,Delivered
3346,536,5,2024-09-29,5,18086.09,25.0,67822.84,16673.6,Credit Card,Delivered
3347,1075,45,2024-08-04,2,2560.89,15.0,4353.51,1491.05,Cash on Delivery,Delivered
3348,1051,70,2024-10-27,2,2491.61,25.0,3737.41,765.33,Cash on Delivery,Delivered
3349,507,36,2025-01-09,4,9396.66,20.0,30069.31,4703.08,Debit Card,Shipped
3350,549,89,2024-08-02,5,3476.46,5.0,16513.18,7359.15,UPI,Delivered
3351,1165,38,2024-02-13,4,2438.66,15.0,8291.44,3313.59,Net Banking,Delivered
3352,809,86,2024-01-05,2,1823.21,0.0,3646.42,1267.04,Wallet,Shipped
3353,441,38,2025-02-06,2,2438.66,20.0,3901.86,1050.98,Cash on Delivery,Cancelled
3354,623,99,2024-03-20,1,2129.54,5.0,2023.06,888.04,,Returned
3355,558,74,2024-02-07,2,7241.27,10.0,13034.29,4981.61,Cash on Delivery,Delivered
3356,822,93,2025-11-03,2,2525.17,10.0,4545.31,774.77,Credit Card,Cancelled
3357,193,30,2024-10-10,3,23124.95,25.0,52031.14,12945.85,Cash on Delivery,Shipped
3358,765,73,2025-11-04,1,2450.92,5.0,2328.37,717.56,Net Banking,Shipped
3359,39,50,2024-05-11,2,12152.7,15.0,20659.59,6506.35,Credit Card,Delivered
3360,1156,30,2025-06-08,4,23124.95,0.0,92499.8,28589.16,Net Banking,Delivered
3361,224,79,2025-12-16,4,1836.83,0.0,7347.32,2204.87,Debit Card,Delivered
3362,1154,69,2025-10-23,2,23193.07,0.0,46386.14,13491.11,UPI,Delivered
3363,812,88,2024-06-19,4,2398.33,20.0,7674.66,1903.44,Cash on Delivery,Shipped
3364,815,99,2025-05-04,3,2129.54,15.0,5430.33,1872.34,Wallet,
3365,158,45,2025-11-25,2,2560.89,10.0,4609.6,1541.93,Wallet,Processing
3366,134,19,2025-07-06,4,3365.11,30.0,9422.31,1556.48,Debit Card,Cancelled
3367,356,3,2025-04-24,2,4826.77,10.0,8688.19,2036.38,Net Banking,Shipped
3368,762,34,2025-07-14,2,6016.67,15.0,10228.34,1828.7,Wallet,Processing
3369,33,34,2024-08-07,5,6016.67,0.0,30083.35,12104.7,Debit Card,Delivered
3370,1191,5,2024-12-02,5,18086.09,10.0,81387.4,30838.5,Wallet,Delivered
3371,852,53,2025-06-11,1,328.56,0.0,328.56,67.71,Credit Card,Delivered
3372,395,53,2024-03-17,2,328.56,15.0,558.55,175.97,Net Banking,Delivered
3373,327,32,2024-11-16,1,5563.34,0.0,5563.34,1676.19,UPI,Delivered
3374,167,87,2024-04-30,3,1767.23,10.0,4771.52,1356.18,Cash on Delivery,Delivered
3375,453,40,2025-04-01,2,2090.32,10.0,3762.58,1089.47,Credit Card,Delivered
3376,431,29,2025-10-29,2,1126.75,0.0,2253.5,401.78,Cash on Delivery,Delivered
3377,1117,10,2025-10-11,1,46405.07,30.0,32483.55,12461.07,UPI,Shipped
3378,945,62,2025-01-13,2,385.07,0.0,770.14,182.37,Debit Card,Delivered
3379,1009,54,2025-06-22,1,3017.65,20.0,2414.12,584.99,Net Banking,Delivered
3380,636,73,2024-09-03,4,2450.92,0.0,9803.68,2391.96,Debit Card,Delivered
3381,1023,1,2024-12-18,1,309.05,5.0,293.6,81.9,Debit Card,Delivered
3382,818,33,2024-10-25,2,4963.0,15.0,8437.1,1657.9,Net Banking,Processing
3383,60,83,2024-12-07,5,54575.66,25.0,204658.73,58001.3,Cash on Delivery,
3384,715,4,2024-05-25,4,7110.01,25.0,21330.03,6253.35,Debit Card,Delivered
3385,450,41,2024-11-28,1,4360.17,10.0,3924.15,1124.3,Net Banking,Delivered
3386,607,54,2024-01-14,4,3017.65,0.0,12070.6,3965.7,Debit Card,Shipped
3387,502,13,2024-07-19,5,6497.88,15.0,27615.99,10624.43,Wallet,Delivered
3388,473,97,2024-01-17,2,1127.53,20.0,1804.05,389.87,Wallet,Shipped
3389,263,91,2024-01-04,5,952.87,0.0,4764.35,1873.15,Cash on Delivery,Delivered
3390,475,100,2025-01-19,4,4404.3,20.0,14093.76,6310.51,Credit Card,Processing
3391,163,40,2025-04-16,1,2090.32,25.0,1567.74,495.36,UPI,Cancelled
3392,870,55,2024-01-26,2,3119.28,0.0,6238.56,2623.92,Credit Card,Returned
3393,726,81,2024-06-30,2,11328.45,20.0,18125.52,3156.86,Cash on Delivery,Delivered
3394,265,85,2025-08-25,3,2785.07,5.0,7937.45,2405.89,Cash on Delivery,Delivered
3395,807,61,2024-01-22,4,3726.63,10.0,13415.87,2894.46,UPI,
3396,569,83,2025-04-12,4,54575.66,10.0,196472.38,76370.52,Debit Card,Shipped
3397,1185,65,2024-09-14,2,21959.36,30.0,30743.1,6360.7,Cash on Delivery,Delivered
3398,153,17,2025-02-01,1,41583.23,30.0,29108.26,7527.19,UPI,Delivered
3399,180,45,2025-05-21,2,2560.89,15.0,4353.51,1636.45,Cash on Delivery,Shipped
3400,999,17,2025-10-24,2,41583.23,10.0,74849.81,15595.71,Credit Card,Delivered
3401,961,38,2025-12-01,5,2438.66,20.0,9754.64,1870.5,Debit Card,Delivered
3402,489,62,2024-11-25,2,385.07,5.0,731.63,144.4,Debit Card,Delivered
3403,112,59,2024-11-08,5,25615.37,20.0,102461.48,40014.14,Debit Card,Delivered
3404,743,9,2024-07-09,2,26733.44,15.0,45446.85,9818.5,UPI,Returned
3405,529,36,2025-09-11,2,9396.66,5.0,17853.65,2760.45,Credit Card,Returned
3406,1020,42,2024-12-28,2,1050.19,15.0,1785.32,604.1,Credit Card,Delivered
3407,286,9,2025-09-30,1,26733.44,10.0,24060.1,4141.72,Cash on Delivery,Processing
3408,868,14,2024-06-20,3,34858.1,10.0,94116.87,40675.69,Cash on Delivery,Delivered
3409,598,14,2025-10-22,5,34858.1,25.0,130717.88,47549.85,UPI,Delivered
3410,735,100,2024-04-22,2,4404.3,20.0,7046.88,1533.28,Net Banking,Delivered
3411,683,52,2025-02-18,1,2413.75,0.0,2413.75,1027.5,Wallet,Delivered
3412,69,12,2024-09-18,1,2947.1,10.0,2652.39,1081.86,Cash on Delivery,Returned
3413,646,88,2025-07-24,1,2398.33,10.0,2158.5,862.48,UPI,Delivered
3414,1151,79,2024-03-12,1,1836.83,20.0,1469.46,555.0,Cash on Delivery,Delivered
3415,1139,42,2025-07-01,2,1050.19,10.0,1890.34,396.07,Wallet,Shipped
3416,903,41,2025-05-17,3,4360.17,10.0,11772.46,2752.83,Net Banking,Delivered
3417,352,15,2025-07-02,1,27037.12,20.0,21629.7,5894.91,Debit Card,Delivered
3418,541,70,2025-08-27,2,2491.61,10.0,4484.9,995.42,UPI,Shipped
3419,851,44,2025-01-08,2,4408.77,30.0,6172.28,2022.19,UPI,Processing
3420,1054,31,2025-09-21,5,7500.95,15.0,31879.04,11864.42,UPI,Delivered
3421,631,27,2024-12-05,2,52193.82,10.0,93948.88,24406.78,Credit Card,Delivered
3422,361,7,2024-09-20,2,4635.61,0.0,9271.22,2094.57,Cash on Delivery,Delivered
3423,921,58,2024-09-05,4,3255.82,15.0,11069.79,2832.26,Credit Card,Delivered
3424,1104,38,2024-09-12,2,2438.66,25.0,3657.99,969.19,Wallet,Delivered
3425,178,34,2024-12-02,5,6016.67,20.0,24066.68,8767.61,Credit Card,Processing
3426,159,55,2025-02-25,2,3119.28,10.0,5614.7,1938.71,Wallet,Delivered
3427,1002,49,2025-09-24,2,2372.32,0.0,4744.64,1690.81,UPI,Processing
3428,263,96,2024-06-21,3,18704.42,20.0,44890.61,18191.11,Debit Card,Delivered
3429,1063,85,2024-02-12,3,2785.07,15.0,7101.93,1408.57,UPI,Processing
3430,1137,12,2024-10-25,1,2947.1,15.0,2505.03,899.33,Net Banking,Delivered
3431,447,83,2024-06-10,2,54575.66,25.0,81863.49,12490.01,Net Banking,Delivered
3432,369,91,2025-11-30,2,952.87,20.0,1524.59,668.18,Credit Card,Delivered
3433,906,27,2025-10-15,2,52193.82,25.0,78290.73,31113.29,UPI,Shipped
3434,209,99,2025-11-27,2,2129.54,20.0,3407.26,1501.54,Debit Card,Processing
3435,419,73,2025-08-08,5,2450.92,15.0,10416.41,1745.78,Wallet,Shipped
3436,468,42,2025-06-14,1,1050.19,25.0,787.64,170.33,Credit Card,Cancelled
3437,304,37,2025-06-08,5,16932.2,10.0,76194.9,12242.97,Net Banking,Shipped
3438,29,56,2024-03-23,5,1831.05,10.0,8239.73,1555.72,Cash on Delivery,Cancelled
3439,826,37,2024-10-23,5,16932.2,20.0,67728.8,21810.7,Net Banking,Delivered
3440,412,85,2024-02-16,3,2785.07,15.0,7101.93,2249.85,Net Banking,Returned
3441,1109,2,2025-06-14,5,19784.61,20.0,79138.44,17598.35,Wallet,Delivered
3442,630,28,2025-09-22,1,4976.19,25.0,3732.14,1415.47,Cash on Delivery,Delivered
3443,938,42,2025-01-25,4,1050.19,20.0,3360.61,1337.14,Credit Card,Delivered
3444,209,6,2024-04-24,4,8514.19,0.0,34056.76,11691.44,Credit Card,Shipped
3445,1198,80,2024-10-20,2,4440.36,0.0,8880.72,1973.19,Credit Card,Delivered
3446,470,7,2024-12-10,2,4635.61,10.0,8344.1,1353.11,Wallet,Delivered
3447,655,11,2025-01-14,1,11133.39,20.0,8906.71,2571.51,Credit Card,Returned
3448,699,18,2025-01-04,5,28107.47,20.0,112429.88,43582.83,UPI,Delivered
3449,68,86,2025-01-17,3,1823.21,10.0,4922.67,1365.23,Credit Card,Delivered
3450,153,8,2025-01-03,5,2763.21,0.0,13816.05,3791.92,Credit Card,Delivered
3451,906,40,2025-03-26,5,2090.32,0.0,10451.6,4219.81,Cash on Delivery,Delivered
3452,1052,86,2025-11-01,3,1823.21,15.0,4649.19,1703.83,Cash on Delivery,Delivered
3453,912,83,2024-03-23,1,54575.66,20.0,43660.53,8804.31,Cash on Delivery,Delivered
3454,848,18,2025-06-26,2,28107.47,0.0,56214.94,10248.83,Cash on Delivery,Delivered
3455,498,97,2024-08-20,1,1127.53,5.0,1071.15,260.21,Debit Card,Delivered
3456,165,15,2024-01-09,2,27037.12,0.0,54074.24,14071.64,Cash on Delivery,Delivered
3457,573,52,2024-01-05,2,2413.75,10.0,4344.75,707.83,Debit Card,Cancelled
3458,943,71,2025-06-20,3,4556.8,30.0,9569.28,3003.86,Cash on Delivery,Cancelled
3459,68,5,2024-01-23,1,18086.09,15.0,15373.18,4824.23,Debit Card,Delivered
3460,526,30,2025-01-28,1,23124.95,10.0,20812.46,7391.08,Wallet,
3461,553,65,2024-02-17,5,21959.36,10.0,98817.12,44278.15,Debit Card,Delivered
3462,1133,59,2025-05-12,3,25615.37,10.0,69161.5,13734.79,Credit Card,Delivered
3463,813,15,2025-07-04,4,27037.12,0.0,108148.48,39753.23,Wallet,Delivered
3464,646,12,2025-03-29,4,2947.1,10.0,10609.56,3664.57,,Cancelled
3465,582,2,2025-05-13,5,19784.61,10.0,89030.75,30318.1,Cash on Delivery,Delivered
3466,872,18,2025-03-26,2,28107.47,25.0,42161.21,12454.0,Wallet,Shipped
3467,51,40,2025-09-06,4,2090.32,5.0,7943.22,3465.71,Wallet,Delivered
3468,649,35,2025-06-16,1,13294.83,0.0,13294.83,3287.67,UPI,Delivered
3469,749,96,2024-01-04,2,18704.42,5.0,35538.4,15745.93,UPI,Delivered
3470,534,99,2025-07-20,4,2129.54,25.0,6388.62,1838.29,UPI,Shipped
3471,1103,14,2024-02-15,1,34858.1,10.0,31372.29,9219.36,Cash on Delivery,Delivered
3472,691,67,2024-07-18,2,18767.35,10.0,33781.23,13803.77,Wallet,Delivered
3473,551,31,2025-10-13,3,7500.95,15.0,19127.42,5146.34,Wallet,Delivered
3474,838,79,2024-02-03,1,1836.83,5.0,1744.99,620.0,Cash on Delivery,Delivered
3475,1145,72,2024-07-15,1,4148.6,25.0,3111.45,1100.03,Cash on Delivery,Delivered
3476,1180,90,2025-06-14,3,12971.56,25.0,29186.01,9084.96,Debit Card,Cancelled
3477,364,76,2025-01-07,3,1202.91,5.0,3428.29,1275.46,Cash on Delivery,Cancelled
3478,1190,18,2024-04-11,5,28107.47,0.0,140537.35,54753.16,Credit Card,Delivered
3479,269,84,2024-05-07,1,4924.84,25.0,3693.63,585.15,Cash on Delivery,Delivered
3480,339,57,2025-01-21,4,1664.71,20.0,5327.07,1470.27,Credit Card,Delivered
3481,654,90,2025-03-24,2,12971.56,5.0,24645.96,3831.06,Net Banking,Delivered
3482,124,41,2024-06-22,5,4360.17,10.0,19620.76,4796.28,Credit Card,Delivered
3483,628,56,2024-01-18,1,1831.05,10.0,1647.94,274.4,Credit Card,Shipped
3484,930,16,2024-08-10,3,1240.5,25.0,2791.12,519.02,Debit Card,Shipped
3485,854,46,2025-01-27,1,1075.79,0.0,1075.79,484.01,Cash on Delivery,Delivered
3486,432,22,2024-11-14,4,29648.84,15.0,100806.06,28569.52,Net Banking,Delivered
3487,241,52,2025-03-05,5,2413.75,10.0,10861.88,2038.26,Credit Card,Shipped
3488,458,70,2024-12-18,2,2491.61,25.0,3737.41,1187.49,Cash on Delivery,Processing
3489,732,89,2025-05-31,4,3476.46,0.0,13905.84,6256.84,Wallet,Shipped
3490,1060,43,2025-12-01,1,16482.05,20.0,13185.64,2762.96,Credit Card,Cancelled
3491,321,70,2024-05-31,1,2491.61,20.0,1993.29,535.51,Wallet,Delivered
3492,401,52,2025-10-09,4,2413.75,10.0,8689.5,2286.73,UPI,Returned
3493,1195,68,2025-04-06,2,3680.19,0.0,7360.38,2610.65,Wallet,Processing
3494,352,84,2024-10-02,1,4924.84,25.0,3693.63,1642.13,UPI,Delivered
3495,509,48,2025-06-18,1,1050.32,5.0,997.8,154.08,Cash on Delivery,Processing
3496,1014,87,2025-05-05,4,1767.23,25.0,5301.69,1636.33,UPI,Delivered
3497,154,31,2024-03-20,3,7500.95,0.0,22502.85,8422.24,Debit Card,Delivered
3498,404,14,2024-01-02,3,34858.1,5.0,99345.58,26905.25,Net Banking,Delivered
3499,103,41,2025-02-13,4,4360.17,15.0,14824.58,6534.99,Wallet,Processing
3500,643,80,2024-05-30,5,4440.36,10.0,19981.62,3896.81,Net Banking,Delivered
3501,83,95,2024-08-09,4,10524.46,15.0,35783.16,12968.68,Debit Card,Delivered
3502,716,18,2024-10-31,2,28107.47,20.0,44971.95,9929.86,Credit Card,Cancelled
3503,1106,23,2024-05-05,5,5380.88,25.0,20178.3,3859.51,,Delivered
3504,889,75,2025-10-03,5,72689.52,20.0,290758.08,112937.07,Net Banking,Delivered
3505,589,28,2024-10-06,3,4976.19,10.0,13435.71,2468.38,Credit Card,Delivered
3506,16,78,2024-08-25,5,2305.12,10.0,10373.04,2434.78,Credit Card,Returned
3507,813,21,2024-03-05,2,727.97,20.0,1164.75,429.08,Debit Card,Delivered
3508,845,3,2025-09-16,5,4826.77,30.0,16893.69,2715.24,UPI,Delivered
3509,182,50,2025-03-16,3,12152.7,5.0,34635.2,5425.68,Cash on Delivery,Delivered
3510,210,74,2024-01-07,4,7241.27,25.0,21723.81,5722.62,Net Banking,Shipped
3511,457,7,2024-01-19,4,4635.61,10.0,16688.2,5138.07,Credit Card,Returned
3512,703,73,2025-06-30,4,2450.92,10.0,8823.31,3879.3,Cash on Delivery,Delivered
3513,10,67,2024-01-02,4,18767.35,15.0,63808.99,22964.21,Net Banking,Delivered
3514,266,15,2025-05-28,1,27037.12,15.0,22981.55,5700.46,Wallet,Shipped
3515,848,17,2024-08-13,1,41583.23,5.0,39504.07,6721.52,Net Banking,Delivered
3516,19,78,2024-10-02,3,2305.12,5.0,6569.59,1061.97,Net Banking,Delivered
3517,641,93,2025-12-08,3,2525.17,10.0,6817.96,1567.0,Net Banking,Delivered
3518,664,96,2025-05-29,3,18704.42,15.0,47696.27,10901.28,Net Banking,Shipped
3519,632,37,2025-08-10,2,16932.2,5.0,32171.18,8926.1,Wallet,Delivered
3520,360,50,2025-07-26,4,12152.7,5.0,46180.26,9018.99,Credit Card,Shipped
3521,398,77,2024-10-09,2,1568.22,15.0,2665.97,454.13,Wallet,Delivered
3522,340,41,2024-05-04,5,4360.17,10.0,19620.76,5937.72,Wallet,Delivered
3523,199,97,2024-04-29,2,1127.53,15.0,1916.8,311.6,Debit Card,Delivered
3524,242,98,2024-02-16,5,7242.33,0.0,36211.65,12708.63,Credit Card,Delivered
3525,161,80,2024-02-20,3,4440.36,10.0,11988.97,2904.96,Cash on Delivery,Delivered
3526,1137,33,2024-02-18,1,4963.0,25.0,3722.25,730.47,UPI,Delivered
3527,1061,15,2024-04-16,3,27037.12,15.0,68944.66,24153.32,UPI,Delivered
3528,100,4,2025-05-19,5,7110.01,5.0,33772.55,5931.58,Wallet,Delivered
3529,1111,67,2025-12-20,5,18767.35,15.0,79761.24,34421.89,Cash on Delivery,Processing
3530,319,43,2025-02-08,4,16482.05,15.0,56038.97,20702.42,Credit Card,Delivered
3531,743,83,2024-03-26,3,54575.66,10.0,147354.28,48221.26,Debit Card,Delivered
3532,1105,28,2024-05-15,5,4976.19,0.0,24880.95,10637.19,Debit Card,Delivered
3533,188,15,2025-06-02,4,27037.12,5.0,102741.06,34589.11,Wallet,Delivered
3534,847,35,2024-06-01,3,13294.83,15.0,33901.82,8543.46,Wallet,Delivered
3535,332,97,2024-07-14,1,1127.53,0.0,1127.53,231.31,UPI,Delivered
3536,5,57,2024-01-02,2,1664.71,15.0,2830.01,808.82,Debit Card,Delivered
3537,462,16,2025-02-24,2,1240.5,20.0,1984.8,879.29,Debit Card,Delivered
3538,715,26,2024-09-08,2,56093.06,20.0,89748.9,30101.86,Debit Card,Delivered
3539,958,97,2024-02-10,1,1127.53,20.0,902.02,402.14,Debit Card,Delivered
3540,438,25,2024-01-22,1,2695.33,5.0,2560.56,736.54,Cash on Delivery,Processing
3541,361,60,2025-03-09,3,38860.34,10.0,104922.92,45795.54,Debit Card,Delivered
3542,1096,17,2025-04-06,1,41583.23,10.0,37424.91,16317.39,Debit Card,Delivered
3543,293,43,2025-10-30,2,16482.05,0.0,32964.1,9434.19,UPI,Delivered
3544,557,29,2025-07-27,1,1126.75,0.0,1126.75,249.49,Net Banking,Delivered
3545,818,52,2025-07-07,5,2413.75,0.0,12068.75,3260.72,Cash on Delivery,Delivered
3546,339,59,2024-11-15,4,25615.37,0.0,102461.48,30955.3,Credit Card,Delivered
3547,471,44,2024-08-15,1,4408.77,10.0,3967.89,1225.6,Net Banking,Shipped
3548,560,68,2025-12-25,3,3680.19,10.0,9936.51,1917.6,UPI,Shipped
3549,764,99,2025-05-17,4,2129.54,20.0,6814.53,2910.99,Debit Card,Delivered
3550,331,52,2025-01-16,4,2413.75,30.0,6758.5,2622.02,Cash on Delivery,Delivered
3551,453,87,2024-07-27,5,1767.23,20.0,7068.92,1865.36,Credit Card,Delivered
3552,1192,26,2024-03-26,2,56093.06,10.0,100967.51,21053.24,,Delivered
3553,63,62,2025-11-23,2,385.07,20.0,616.11,248.94,UPI,Delivered
3554,625,31,2024-12-08,5,7500.95,15.0,31879.04,9472.42,Debit Card,Returned
3555,363,91,2025-04-16,2,952.87,5.0,1810.45,779.53,Net Banking,Delivered
3556,238,9,2025-10-11,5,26733.44,5.0,126983.84,28238.75,Wallet,Processing
3557,1197,38,2025-03-06,5,2438.66,30.0,8535.31,1362.76,Credit Card,Delivered
3558,891,44,2024-06-14,4,4408.77,10.0,15871.57,5054.86,Wallet,Delivered
3559,622,50,2025-10-09,1,12152.7,20.0,9722.16,2901.75,Credit Card,Delivered
3560,504,21,2025-02-27,3,727.97,25.0,1637.93,323.56,Cash on Delivery,Delivered
3561,402,84,2024-02-21,3,4924.84,15.0,12558.34,3109.85,,Delivered
3562,480,18,2025-05-21,3,28107.47,20.0,67457.93,23189.95,Credit Card,Delivered
3563,949,84,2025-07-22,1,4924.84,5.0,4678.6,1317.73,Debit Card,Delivered
3564,128,44,2025-07-01,4,4408.77,15.0,14989.82,6591.82,UPI,Delivered
3565,583,40,2024-05-07,5,2090.32,15.0,8883.86,3165.61,Wallet,Delivered
3566,494,58,2025-03-28,5,3255.82,5.0,15465.15,4661.31,Credit Card,Shipped
3567,168,82,2025-02-11,3,16836.84,20.0,40408.42,12316.74,Credit Card,Shipped
3568,681,42,2024-06-21,3,1050.19,10.0,2835.51,761.6,Wallet,Delivered
3569,41,86,2025-03-21,1,1823.21,25.0,1367.41,559.13,Credit Card,Cancelled
3570,174,71,2024-07-06,2,4556.8,10.0,8202.24,1392.09,Net Banking,Processing
3571,1152,34,2025-07-23,5,6016.67,5.0,28579.18,7582.87,Cash on Delivery,Shipped
3572,902,3,2025-04-25,3,4826.77,15.0,12308.26,2110.81,Cash on Delivery,Delivered
3573,608,36,2025-04-09,4,9396.66,10.0,33827.98,10727.37,Credit Card,Delivered
3574,928,91,2024-05-17,3,952.87,10.0,2572.75,923.86,Credit Card,Delivered
3575,548,84,2025-05-06,2,4924.84,20.0,7879.74,1244.72,Credit Card,Returned
3576,399,83,2024-05-19,2,54575.66,30.0,76405.92,15853.34,Net Banking,Delivered
3577,1058,26,2024-03-29,2,56093.06,30.0,78530.28,29556.96,Net Banking,Delivered
3578,612,14,2024-09-21,5,34858.1,10.0,156861.45,42356.0,Debit Card,Delivered
3579,172,45,2024-01-03,3,2560.89,10.0,6914.4,1546.28,Credit Card,Delivered
3580,605,41,2024-06-02,1,4360.17,20.0,3488.14,674.45,UPI,Delivered
3581,532,37,2024-10-14,2,16932.2,20.0,27091.52,10669.43,Debit Card,Delivered
3582,1175,58,2025-12-12,1,3255.82,10.0,2930.24,1098.23,UPI,Delivered
3583,470,100,2024-03-02,3,4404.3,0.0,13212.9,2052.17,Credit Card,Delivered
3584,292,15,2024-01-18,3,27037.12,25.0,60833.52,27065.55,Debit Card,Shipped
3585,640,27,2024-06-29,2,52193.82,20.0,83510.11,18843.06,UPI,Delivered
3586,671,59,2024-01-05,5,25615.37,15.0,108865.32,35189.21,Cash on Delivery,Delivered
3587,973,77,2025-09-04,1,1568.22,15.0,1332.99,324.56,Net Banking,Delivered
3588,268,98,2025-01-15,3,7242.33,25.0,16295.24,4661.67,Net Banking,Delivered
3589,884,35,2024-11-15,4,13294.83,10.0,47861.39,10511.22,Net Banking,Delivered
3590,228,79,2024-06-17,2,1836.83,20.0,2938.93,864.0,Wallet,Delivered
3591,1156,92,2025-06-14,5,1199.49,10.0,5397.7,1210.07,UPI,Delivered
3592,1097,48,2024-08-28,2,1050.32,10.0,1890.58,418.87,Net Banking,Delivered
3593,305,22,2024-07-03,2,29648.84,20.0,47438.14,20586.72,UPI,Delivered
3594,411,77,2025-08-23,2,1568.22,0.0,3136.44,671.27,UPI,Delivered
3595,1141,69,2025-08-28,2,23193.07,20.0,37108.91,14663.39,UPI,Delivered
3596,102,97,2025-11-12,1,1127.53,10.0,1014.78,393.9,Cash on Delivery,Delivered
3597,791,23,2024-06-28,2,5380.88,25.0,8071.32,3583.7,Credit Card,Delivered
3598,1057,25,2025-08-27,5,2695.33,0.0,13476.65,2834.12,Debit Card,Delivered
3599,1173,88,2025-12-22,4,2398.33,30.0,6715.32,1346.01,Debit Card,Delivered
3600,290,36,2025-05-24,4,9396.66,15.0,31948.64,12099.14,Credit Card,Shipped
3601,499,35,2024-03-25,1,13294.83,30.0,9306.38,1831.77,Net Banking,Delivered
3602,365,34,2025-06-21,5,6016.67,15.0,25570.85,5530.37,Credit Card,Delivered
3603,127,29,2025-07-07,1,1126.75,10.0,1014.08,274.58,Cash on Delivery,Returned
3604,187,88,2025-06-12,3,2398.33,15.0,6115.74,2033.9,,Delivered
3605,958,56,2024-10-16,1,1831.05,5.0,1739.5,704.66,Wallet,Shipped
3606,209,35,2025-12-29,3,13294.83,30.0,27919.14,7730.75,Net Banking,Delivered
3607,1045,88,2024-10-07,1,2398.33,0.0,2398.33,397.43,Net Banking,Cancelled
3608,781,96,2024-04-07,2,18704.42,5.0,35538.4,12331.6,Cash on Delivery,Cancelled
3609,538,42,2025-04-25,4,1050.19,25.0,3150.57,594.63,Wallet,Delivered
3610,11,49,2025-11-02,1,2372.32,15.0,2016.47,867.94,Net Banking,Delivered
3611,19,96,2025-01-24,3,18704.42,20.0,44890.61,17237.97,Cash on Delivery,Delivered
3612,285,28,2025-10-02,4,4976.19,10.0,17914.28,5102.19,Credit Card,Delivered
3613,812,38,2024-09-02,3,2438.66,0.0,7315.98,1891.9,Net Banking,Shipped
3614,62,57,2025-08-09,5,1664.71,20.0,6658.84,1874.66,Wallet,Delivered
3615,813,43,2025-09-23,1,16482.05,20.0,13185.64,5835.89,UPI,Delivered
3616,497,30,2025-04-20,4,23124.95,10.0,83249.82,22792.73,Debit Card,Cancelled
3617,243,68,2024-01-13,2,3680.19,25.0,5520.28,2392.94,Wallet,Delivered
3618,327,70,2024-11-22,2,2491.61,15.0,4235.74,875.19,Net Banking,Delivered
3619,41,24,2025-02-26,3,11430.81,20.0,27433.94,8205.88,UPI,Delivered
3620,531,59,2025-02-04,3,25615.37,25.0,57634.58,22344.64,Credit Card,Delivered
3621,416,75,2024-10-27,5,72689.52,15.0,308930.46,95557.28,Debit Card,Delivered
3622,1171,42,2024-10-23,4,1050.19,10.0,3780.68,1071.49,Net Banking,Returned
3623,74,24,2025-05-15,1,11430.81,10.0,10287.73,3073.98,Net Banking,Returned
3624,856,44,2025-05-18,4,4408.77,5.0,16753.33,6489.12,Wallet,Delivered
3625,599,79,2024-07-31,1,1836.83,5.0,1744.99,569.7,Debit Card,Shipped
3626,382,5,2025-10-12,2,18086.09,15.0,30746.35,13020.46,UPI,Delivered
3627,1094,31,2025-12-31,3,7500.95,15.0,19127.42,4917.28,Debit Card,Delivered
3628,983,12,2025-06-27,2,2947.1,0.0,5894.2,2042.88,Cash on Delivery,Delivered
3629,226,10,2024-07-23,2,46405.07,5.0,88169.63,15865.94,UPI,Delivered
3630,1073,68,2025-06-21,5,3680.19,10.0,16560.85,4856.84,Wallet,Shipped
3631,483,93,2025-06-18,4,2525.17,0.0,10100.68,2384.92,UPI,Delivered
3632,303,63,2025-02-04,2,23080.16,5.0,43852.3,15595.92,Cash on Delivery,Shipped
3633,917,16,2024-02-10,5,1240.5,10.0,5582.25,1530.67,Cash on Delivery,Returned
3634,97,17,2025-10-25,3,41583.23,15.0,106037.24,22486.77,Credit Card,Delivered
3635,746,58,2025-05-26,5,3255.82,15.0,13837.24,2391.97,Wallet,Cancelled
3636,58,6,2025-12-15,4,8514.19,10.0,30651.08,8084.85,UPI,Cancelled
3637,501,16,2025-09-23,2,1240.5,20.0,1984.8,649.03,UPI,Delivered
3638,726,33,2025-12-12,1,4963.0,30.0,3474.1,975.37,UPI,Cancelled
3639,705,12,2025-10-19,4,2947.1,25.0,8841.3,1891.47,Credit Card,Delivered
3640,12,87,2024-03-25,5,1767.23,20.0,7068.92,1152.42,UPI,Shipped
3641,20,11,2024-09-15,2,11133.39,10.0,20040.1,8264.39,Cash on Delivery,Delivered
3642,1018,89,2024-04-04,1,3476.46,5.0,3302.64,1079.65,Cash on Delivery,Delivered
3643,721,9,2025-12-15,3,26733.44,15.0,68170.27,17006.79,Credit Card,Delivered
3644,263,90,2025-04-27,2,12971.56,0.0,25943.12,9467.54,UPI,Delivered
3645,195,4,2025-11-01,5,7110.01,10.0,31995.05,9275.2,Net Banking,Delivered
3646,306,65,2025-07-02,1,21959.36,30.0,15371.55,6819.89,Cash on Delivery,Delivered
3647,699,72,2025-04-26,2,4148.6,0.0,8297.2,2984.61,Credit Card,Processing
3648,106,25,2025-10-03,1,2695.33,10.0,2425.8,532.13,Net Banking,Shipped
3649,793,80,2025-03-09,3,4440.36,30.0,9324.76,3384.79,UPI,Processing
3650,726,89,2025-10-15,4,3476.46,10.0,12515.26,3006.13,Wallet,Delivered
3651,1084,65,2025-04-09,1,21959.36,10.0,19763.42,3437.43,Credit Card,Delivered
3652,974,96,2024-04-17,4,18704.42,5.0,71076.8,30523.34,Debit Card,Cancelled
3653,760,50,2024-08-29,1,12152.7,20.0,9722.16,4158.61,Debit Card,Delivered
3654,476,27,2024-04-30,1,52193.82,20.0,41755.06,12686.98,Net Banking,Processing
3655,1160,92,2025-11-03,5,1199.49,30.0,4198.21,719.11,UPI,Delivered
3656,1000,68,2024-05-07,5,3680.19,25.0,13800.71,2802.41,Cash on Delivery,Shipped
3657,721,83,2025-09-13,4,54575.66,15.0,185557.24,80907.98,UPI,Delivered
3658,553,8,2024-03-08,1,2763.21,0.0,2763.21,486.42,Net Banking,Delivered
3659,978,70,2024-05-15,1,2491.61,25.0,1868.71,572.91,Net Banking,Shipped
3660,671,28,2025-01-29,4,4976.19,20.0,15923.81,3313.09,Net Banking,Delivered
3661,643,93,2025-10-04,2,2525.17,10.0,4545.31,1620.72,UPI,Delivered
3662,431,72,2025-09-08,5,4148.6,30.0,14520.1,6168.33,Net Banking,Shipped
3663,800,10,2024-12-09,3,46405.07,10.0,125293.69,30793.12,UPI,Delivered
3664,895,50,2024-05-21,1,12152.7,5.0,11545.07,2851.78,Debit Card,Delivered
3665,671,83,2024-02-18,5,54575.66,10.0,245590.47,43322.4,Wallet,Delivered
3666,933,20,2025-09-03,1,580.65,20.0,464.52,111.12,Debit Card,Cancelled
3667,225,77,2025-06-11,5,1568.22,10.0,7056.99,1115.42,Credit Card,Processing
3668,794,43,2025-09-19,1,16482.05,10.0,14833.84,2955.19,UPI,Cancelled
3669,526,76,2025-02-27,3,1202.91,5.0,3428.29,1002.75,UPI,Cancelled
3670,477,43,2025-02-18,1,16482.05,15.0,14009.74,2380.67,Debit Card,Shipped
3671,1146,23,2024-11-16,3,5380.88,10.0,14528.38,5184.87,UPI,Delivered
3672,884,5,2024-12-26,1,18086.09,10.0,16277.48,4557.16,Debit Card,Shipped
3673,803,15,2024-11-13,2,27037.12,20.0,43259.39,7686.17,Net Banking,Delivered
3674,54,35,2025-11-13,5,13294.83,30.0,46531.9,9377.73,UPI,Delivered
3675,737,11,2024-07-02,5,11133.39,5.0,52883.6,15251.62,Credit Card,Shipped
3676,284,81,2025-09-06,1,11328.45,0.0,11328.45,3075.03,Net Banking,Shipped
3677,402,21,2024-10-03,4,727.97,15.0,2475.1,1106.71,Cash on Delivery,Delivered
3678,1141,96,2024-06-18,3,18704.42,10.0,50501.93,18062.99,UPI,Delivered
3679,170,80,2025-05-06,4,4440.36,5.0,16873.37,4008.74,Debit Card,Delivered
3680,869,39,2025-12-28,1,25526.93,0.0,25526.93,11266.52,Credit Card,Delivered
3681,228,50,2024-08-30,1,12152.7,15.0,10329.8,1856.67,Cash on Delivery,Shipped
3682,957,80,2025-04-28,3,4440.36,15.0,11322.92,3730.45,Cash on Delivery,Delivered
3683,1065,10,2025-10-11,3,46405.07,15.0,118332.93,49028.78,Net Banking,Processing
3684,322,93,2024-07-05,4,2525.17,5.0,9595.65,3829.1,Debit Card,Processing
3685,487,7,2025-05-12,2,4635.61,30.0,6489.85,1993.89,Debit Card,Shipped
3686,728,10,2024-05-23,4,46405.07,10.0,167058.25,63614.95,Debit Card,Delivered
3687,802,61,2025-08-14,1,3726.63,5.0,3540.3,984.24,UPI,Shipped
3688,540,57,2024-01-20,1,1664.71,25.0,1248.53,365.52,Cash on Delivery,Processing
3689,1088,40,2024-12-13,1,2090.32,10.0,1881.29,594.66,Net Banking,Delivered
3690,1039,74,2024-08-18,2,7241.27,5.0,13758.41,3539.57,Wallet,Delivered
3691,939,96,2024-04-29,1,18704.42,20.0,14963.54,4264.32,UPI,Returned
3692,1175,22,2025-08-03,2,29648.84,10.0,53367.91,10334.49,UPI,Shipped
3693,240,88,2024-11-30,4,2398.33,10.0,8633.99,3380.04,Net Banking,Shipped
3694,388,79,2024-12-17,4,1836.83,20.0,5877.86,2566.22,UPI,Delivered
3695,365,47,2024-10-15,3,3006.6,5.0,8568.81,1933.66,Debit Card,Shipped
3696,1020,73,2025-11-26,5,2450.92,5.0,11641.87,5003.81,Credit Card,Shipped
3697,446,17,2025-12-16,5,41583.23,15.0,176728.73,36893.77,Cash on Delivery,Shipped
3698,522,16,2024-11-20,5,1240.5,20.0,4962.0,1878.38,Net Banking,Cancelled
3699,706,72,2024-06-25,4,4148.6,5.0,15764.68,6667.86,Debit Card,Shipped
3700,88,88,2024-04-19,5,2398.33,30.0,8394.15,3703.9,Wallet,Shipped
3701,504,27,2024-10-22,2,52193.82,5.0,99168.26,19916.59,Wallet,Delivered
3702,1073,77,2024-07-16,3,1568.22,,3998.96,1694.38,Debit Card,Processing
3703,853,94,2024-01-31,3,4986.96,25.0,11220.66,2772.55,Credit Card,Processing
3704,711,46,2024-12-11,5,1075.79,10.0,4841.06,1144.16,Net Banking,Delivered
3705,194,25,2024-01-09,3,2695.33,10.0,7277.39,2751.77,Cash on Delivery,Cancelled
3706,231,84,2025-03-07,2,4924.84,25.0,7387.26,1495.56,Debit Card,Delivered
3707,1123,57,2025-03-15,2,1664.71,15.0,2830.01,663.92,Cash on Delivery,Delivered
3708,11,75,2024-08-01,5,72689.52,0.0,363447.6,74408.65,Net Banking,Delivered
3709,8,22,2024-02-21,4,29648.84,0.0,118595.36,32276.08,Cash on Delivery,Delivered
3710,603,15,2024-07-01,4,27037.12,20.0,86518.78,20614.72,UPI,Delivered
3711,717,11,2024-12-16,5,11133.39,5.0,52883.6,18980.01,Debit Card,Delivered
3712,822,85,2025-11-23,5,2785.07,25.0,10444.01,3569.01,UPI,Delivered
3713,168,38,2024-06-17,5,2438.66,15.0,10364.3,4479.62,Debit Card,Delivered
3714,1130,17,2024-02-09,5,41583.23,20.0,166332.92,67214.17,UPI,Delivered
3715,231,95,2024-09-03,4,10524.46,,37888.06,10383.74,Wallet,Delivered
3716,292,80,2024-09-01,3,4440.36,20.0,10656.86,3681.39,Net Banking,Delivered
3717,64,36,2024-06-08,4,9396.66,20.0,30069.31,6444.9,Debit Card,Processing
3718,1170,18,2025-12-09,2,28107.47,5.0,53404.19,14287.82,Net Banking,Delivered
3719,1104,9,2025-06-12,2,26733.44,10.0,48120.19,11420.54,Cash on Delivery,Delivered
3720,436,73,2025-11-01,1,2450.92,5.0,2328.37,871.54,Net Banking,Delivered
3721,1085,91,2025-10-29,2,952.87,30.0,1334.02,494.53,UPI,Delivered
3722,960,48,2024-12-19,3,1050.32,10.0,2835.86,432.05,Debit Card,Shipped
3723,689,26,2024-05-15,4,56093.06,5.0,213153.63,36709.63,Debit Card,Delivered
3724,512,11,2024-07-18,2,11133.39,30.0,15586.75,5583.67,UPI,Delivered
3725,1113,82,2024-05-08,2,16836.84,0.0,33673.68,8400.96,Cash on Delivery,Processing
3726,9,88,2025-02-15,4,2398.33,15.0,8154.32,3027.5,Credit Card,Delivered
3727,627,58,2025-08-13,4,3255.82,10.0,11720.95,2508.39,UPI,Cancelled
3728,84,38,2024-05-15,1,2438.66,15.0,2072.86,867.67,Wallet,Delivered
3729,281,92,2025-11-30,5,1199.49,20.0,4797.96,1612.34,Credit Card,Delivered
3730,707,54,2025-04-18,4,3017.65,20.0,9656.48,2304.52,Credit Card,Delivered
3731,303,66,2025-08-30,2,4204.22,5.0,7988.02,3031.01,Cash on Delivery,Delivered
3732,327,46,2025-05-10,4,1075.79,10.0,3872.84,595.11,Cash on Delivery,Cancelled
3733,888,9,2024-07-12,3,26733.44,25.0,60150.24,23092.92,Net Banking,Returned
3734,455,95,2025-07-21,2,10524.46,25.0,15786.69,6293.32,Cash on Delivery,Shipped
3735,281,81,2025-05-11,2,11328.45,0.0,22656.9,8983.31,UPI,Shipped
3736,890,8,2025-10-13,5,2763.21,15.0,11743.64,5190.24,Credit Card,Returned
3737,585,56,2024-05-04,4,1831.05,10.0,6591.78,2804.23,Cash on Delivery,Processing
3738,76,6,2024-04-21,4,8514.19,5.0,32353.92,9305.58,Cash on Delivery,Delivered
3739,647,6,2025-09-29,3,8514.19,10.0,22988.31,7344.01,Credit Card,Delivered
3740,722,88,2025-02-16,5,2398.33,0.0,11991.65,4136.77,Net Banking,Delivered
3741,228,1,2024-11-15,1,309.05,15.0,262.69,111.57,UPI,Processing
3742,1043,19,2024-01-07,3,3365.11,0.0,10095.33,4212.19,Net Banking,Returned
3743,20,46,2024-10-08,1,1075.79,25.0,806.84,141.03,Net Banking,Shipped
3744,659,77,2025-07-24,1,1568.22,15.0,1332.99,266.86,Cash on Delivery,Delivered
3745,925,26,2024-07-11,1,56093.06,10.0,50483.75,21466.92,Net Banking,Delivered
3746,76,43,2025-11-20,4,16482.05,10.0,59335.38,11925.02,UPI,Delivered
3747,896,76,2024-02-28,3,1202.91,15.0,3067.42,1232.05,Credit Card,Shipped
3748,423,84,2024-01-20,4,4924.84,10.0,17729.42,4390.19,Credit Card,Delivered
3749,849,72,2025-02-23,4,4148.6,0.0,16594.4,2978.47,Credit Card,Delivered
3750,990,36,2024-12-20,1,9396.66,25.0,7047.49,2362.0,Credit Card,Delivered
3751,969,92,2024-11-21,4,1199.49,5.0,4558.06,1195.1,Credit Card,Delivered
3752,954,82,2025-01-20,4,16836.84,15.0,57245.26,8601.82,Net Banking,Delivered
3753,940,65,2024-12-19,4,21959.36,5.0,83445.57,36451.27,Cash on Delivery,Shipped
3754,1168,99,2024-10-14,5,2129.54,5.0,10115.32,4522.31,UPI,Delivered
3755,285,56,2025-12-24,1,1831.05,15.0,1556.39,254.82,Net Banking,Processing
3756,1189,34,2024-11-20,2,6016.67,15.0,10228.34,4125.09,Net Banking,Cancelled
3757,42,68,2024-12-20,4,3680.19,5.0,13984.72,5650.56,Debit Card,Delivered
3758,1048,56,2024-02-23,1,1831.05,20.0,1464.84,606.61,Net Banking,Delivered
3759,70,79,2025-05-30,5,1836.83,15.0,7806.53,1658.09,Net Banking,Shipped
3760,384,88,2025-02-11,3,2398.33,20.0,5755.99,2099.55,Wallet,Delivered
3761,720,81,2025-12-14,1,11328.45,20.0,9062.76,2784.31,UPI,Shipped
3762,91,89,2024-12-18,4,3476.46,5.0,13210.55,5935.63,Wallet,Delivered
3763,773,27,2024-09-08,4,52193.82,10.0,187897.75,77888.49,Wallet,Delivered
3764,1178,48,2024-09-16,1,1050.32,15.0,892.77,316.1,Wallet,Returned
3765,990,51,2025-01-25,1,3311.31,0.0,3311.31,555.3,UPI,Processing
3766,338,41,2024-02-01,3,4360.17,25.0,9810.38,1488.95,UPI,Delivered
3767,265,17,2025-10-07,4,41583.23,15.0,141382.98,46403.33,Net Banking,Returned
3768,234,98,2024-05-05,3,7242.33,10.0,19554.29,7986.46,Credit Card,Delivered
3769,662,35,2025-07-06,4,13294.83,10.0,47861.39,19865.97,Debit Card,Delivered
3770,1048,69,2024-08-23,5,23193.07,15.0,98570.55,21217.18,UPI,Shipped
3771,761,79,2024-05-31,1,1836.83,30.0,1285.78,497.08,Debit Card,Delivered
3772,321,44,2024-01-04,4,4408.77,5.0,16753.33,3774.43,Debit Card,Processing
3773,887,62,2024-06-01,3,385.07,10.0,1039.69,209.77,Net Banking,Delivered
3774,609,5,2024-03-23,3,18086.09,10.0,48832.44,11736.59,Credit Card,Processing
3775,579,100,2025-12-31,3,4404.3,10.0,11891.61,2618.32,Debit Card,Delivered
3776,386,70,2025-05-09,1,2491.61,10.0,2242.45,769.48,Credit Card,Delivered
3777,120,28,2025-11-27,2,4976.19,5.0,9454.76,1959.09,Wallet,Cancelled
3778,1064,57,2025-08-23,4,1664.71,0.0,6658.84,1999.32,UPI,Delivered
3779,440,74,2025-09-21,2,7241.27,30.0,10137.78,3619.4,Net Banking,Cancelled
3780,694,11,2025-01-17,2,11133.39,20.0,17813.42,3794.15,Cash on Delivery,Processing
3781,751,40,2024-09-02,2,2090.32,20.0,3344.51,923.38,Debit Card,Delivered
3782,730,40,2024-05-27,3,2090.32,30.0,4389.67,1592.31,Debit Card,Delivered
3783,503,14,2025-03-23,3,34858.1,10.0,94116.87,22951.61,UPI,Delivered
3784,163,74,2024-02-15,2,7241.27,20.0,11586.03,2065.05,UPI,Processing
3785,377,87,2025-04-06,1,1767.23,25.0,1325.42,411.13,Cash on Delivery,Shipped
3786,923,92,2024-09-12,3,1199.49,0.0,3598.47,1173.84,Credit Card,Delivered
3787,1179,99,2024-07-26,1,2129.54,15.0,1810.11,529.46,Net Banking,Delivered
3788,28,39,2024-11-05,1,25526.93,5.0,24250.58,10664.68,Debit Card,Delivered
3789,1050,84,2024-11-30,5,4924.84,5.0,23392.99,5991.18,Cash on Delivery,Delivered
3790,1109,97,2024-04-04,3,1127.53,5.0,3213.46,661.38,UPI,Processing
3791,1074,55,2025-01-28,2,3119.28,20.0,4990.85,1953.89,Cash on Delivery,Delivered
3792,168,56,2025-09-14,5,1831.05,15.0,7781.96,1803.55,Cash on Delivery,Delivered
3793,759,39,2025-01-07,5,25526.93,25.0,95725.99,28341.72,UPI,Returned
3794,147,26,2024-10-15,5,56093.06,0.0,280465.3,125146.73,Credit Card,Shipped
3795,109,62,2025-03-13,2,385.07,5.0,731.63,213.34,Wallet,Delivered
3796,523,10,2024-06-08,3,46405.07,30.0,97450.65,33457.29,Wallet,Shipped
3797,824,87,2025-04-28,1,1767.23,25.0,1325.42,397.97,Net Banking,Delivered
3798,669,1,2024-06-26,4,309.05,20.0,988.96,416.61,Cash on Delivery,Delivered
3799,887,96,2024-05-13,5,18704.42,15.0,79493.78,31033.74,Wallet,Delivered
3800,417,97,2025-08-23,4,1127.53,25.0,3382.59,1457.83,Cash on Delivery,Returned
3801,698,97,2024-10-20,4,1127.53,25.0,3382.59,1077.25,Credit Card,Delivered
3802,377,51,2024-01-24,3,3311.31,20.0,7947.14,2773.77,UPI,Delivered
3803,250,12,2024-02-28,4,2947.1,30.0,8251.88,2703.37,Wallet,Returned
3804,934,54,2025-06-01,5,3017.65,15.0,12825.01,2009.64,Cash on Delivery,Delivered
3805,27,79,2024-12-22,3,1836.83,5.0,5234.97,1194.56,Wallet,Cancelled
3806,996,69,2025-11-04,2,23193.07,15.0,39428.22,6639.37,Cash on Delivery,Delivered
3807,684,8,2024-04-02,3,2763.21,15.0,7046.19,1733.38,UPI,Delivered
3808,979,52,2025-08-09,4,2413.75,30.0,6758.5,2335.95,Net Banking,Shipped
3809,949,77,2025-11-17,3,1568.22,5.0,4469.43,1944.47,Credit Card,Delivered
3810,134,45,2025-04-12,2,2560.89,20.0,4097.42,1795.91,Net Banking,Delivered
3811,730,77,2025-08-24,4,1568.22,20.0,5018.3,1136.0,Credit Card,Returned
3812,1157,47,2025-04-16,1,3006.6,0.0,3006.6,783.27,Credit Card,Delivered
3813,106,15,2025-10-12,2,27037.12,30.0,37851.97,16281.39,Cash on Delivery,Cancelled
3814,945,78,2025-05-18,2,2305.12,25.0,3457.68,878.3,UPI,Delivered
3815,141,63,2025-11-20,1,23080.16,20.0,18464.13,3306.95,Debit Card,Returned
3816,627,34,2024-11-16,4,6016.67,20.0,19253.34,8153.24,Wallet,Cancelled
3817,749,92,2024-08-20,2,1199.49,20.0,1919.18,734.3,Wallet,Delivered
3818,37,79,2024-12-19,2,1836.83,5.0,3489.98,575.39,UPI,Delivered
3819,878,83,2025-03-19,2,54575.66,0.0,109151.32,23558.74,Net Banking,Delivered
3820,419,75,2025-12-26,4,72689.52,15.0,247144.37,64147.95,Credit Card,Delivered
3821,303,72,2025-05-04,3,4148.6,5.0,11823.51,3793.42,Cash on Delivery,Shipped
3822,553,36,2025-11-16,3,9396.66,10.0,25370.98,4036.66,Cash on Delivery,Processing
3823,1136,3,2025-11-21,1,4826.77,5.0,4585.43,1948.57,UPI,Delivered
3824,583,18,2025-12-12,2,28107.47,5.0,53404.19,8479.56,Debit Card,Delivered
3825,654,8,2024-09-13,1,2763.21,20.0,2210.57,666.62,Credit Card,Processing
3826,750,18,2025-05-13,2,28107.47,20.0,44971.95,11138.66,Wallet,Delivered
3827,1085,49,2024-04-13,3,2372.32,15.0,6049.42,2012.38,Debit Card,Delivered
3828,745,2,2025-02-11,5,19784.61,25.0,74192.29,25075.16,Debit Card,Shipped
3829,175,62,2024-09-11,2,385.07,20.0,616.11,105.8,Cash on Delivery,Returned
3830,913,59,2024-11-14,2,25615.37,25.0,38423.06,8502.4,Wallet,Processing
3831,1003,74,2025-12-26,3,7241.27,15.0,18465.24,5995.55,UPI,Delivered
3832,798,88,2025-06-24,2,2398.33,10.0,4316.99,1751.97,Net Banking,Delivered
3833,815,65,2025-08-12,2,21959.36,0.0,43918.72,15418.92,Cash on Delivery,Delivered
3834,440,79,2024-07-28,2,1836.83,20.0,2938.93,477.08,Cash on Delivery,Delivered
3835,132,32,2024-11-05,1,5563.34,15.0,4728.84,2104.73,UPI,Delivered
3836,247,21,2024-09-19,3,727.97,15.0,1856.32,368.14,Net Banking,Delivered
3837,394,28,2024-09-12,3,4976.19,0.0,14928.57,6530.14,Debit Card,Delivered
3838,543,54,2024-01-06,4,3017.65,20.0,9656.48,3917.02,Cash on Delivery,Delivered
3839,149,99,2025-08-16,2,2129.54,,3407.26,1367.57,Cash on Delivery,Delivered
3840,1119,23,2024-08-03,2,5380.88,20.0,8609.41,3327.07,Wallet,Processing
3841,266,90,2025-03-14,3,12971.56,5.0,36968.95,13768.05,Credit Card,Delivered
3842,1132,11,2024-08-16,5,11133.39,0.0,55666.95,16332.26,UPI,Delivered
3843,322,5,2024-01-01,1,18086.09,0.0,18086.09,8005.32,Credit Card,Shipped
3844,215,43,2024-01-11,1,16482.05,15.0,14009.74,3178.66,Credit Card,Shipped
3845,121,99,2025-12-22,2,2129.54,0.0,4259.08,1867.75,UPI,Returned
3846,118,17,2025-02-20,4,41583.23,30.0,116433.04,22904.67,Cash on Delivery,Delivered
3847,885,88,2024-01-04,3,2398.33,0.0,7194.99,2054.61,UPI,Processing
3848,1099,43,2024-10-20,5,16482.05,10.0,74169.23,18143.84,Wallet,Delivered
3849,136,20,2025-01-20,2,580.65,25.0,870.97,133.32,Net Banking,Delivered
3850,317,48,2024-02-21,1,1050.32,15.0,892.77,252.81,Cash on Delivery,Delivered
3851,682,9,2025-05-18,5,26733.44,15.0,113617.12,43656.01,Cash on Delivery,Delivered
3852,249,51,2024-02-16,2,3311.31,20.0,5298.1,1964.92,UPI,Delivered
3853,914,54,2024-05-26,2,3017.65,15.0,5130.01,977.25,Cash on Delivery,Processing
3854,293,90,2024-07-11,4,12971.56,0.0,51886.24,12698.61,Credit Card,Delivered
3855,291,78,2025-10-27,1,2305.12,15.0,1959.35,874.07,UPI,Shipped
3856,281,26,2024-02-10,4,56093.06,15.0,190716.4,44193.57,Debit Card,Shipped
3857,621,15,2025-03-31,1,27037.12,10.0,24333.41,9192.14,Debit Card,Delivered
3858,367,6,2024-10-17,1,8514.19,0.0,8514.19,3070.21,Net Banking,Delivered
3859,480,24,2025-10-12,4,11430.81,5.0,43437.08,17579.45,Credit Card,Delivered
3860,1023,20,2024-05-14,3,580.65,15.0,1480.66,246.4,Cash on Delivery,Cancelled
3861,802,70,2024-02-21,1,2491.61,15.0,2117.87,877.57,Cash on Delivery,Cancelled
3862,660,59,2024-01-03,4,25615.37,15.0,87092.26,35239.72,Wallet,Cancelled
3863,471,54,2025-07-22,3,3017.65,15.0,7695.01,3122.55,Wallet,Shipped
3864,136,56,2025-10-05,4,1831.05,25.0,5493.15,1079.78,Cash on Delivery,Delivered
3865,1103,78,2025-10-13,4,2305.12,10.0,8298.43,2713.96,UPI,Returned
3866,895,56,2025-12-23,2,1831.05,20.0,2929.68,908.73,Debit Card,Cancelled
3867,458,65,2024-04-07,5,21959.36,30.0,76857.76,26972.75,Debit Card,Shipped
3868,1176,62,2024-06-23,1,385.07,20.0,308.06,118.07,UPI,Delivered
3869,522,56,2024-07-18,1,1831.05,10.0,1647.94,346.38,UPI,Shipped
3870,33,68,2024-04-25,4,3680.19,10.0,13248.68,2734.04,Wallet,Shipped
3871,324,88,2024-04-12,3,2398.33,15.0,6115.74,2683.41,Wallet,
3872,641,53,2025-03-19,3,328.56,15.0,837.83,262.9,UPI,Delivered
3873,203,67,2025-11-18,2,18767.35,15.0,31904.49,10575.4,Net Banking,Processing
3874,919,15,2024-08-02,3,27037.12,20.0,64889.09,14132.53,Credit Card,Delivered
3875,669,43,2025-07-05,2,16482.05,20.0,26371.28,10731.47,Net Banking,Shipped
3876,934,98,2025-09-08,1,7242.33,15.0,6155.98,1478.52,Wallet,Shipped
3877,67,85,2024-08-26,3,2785.07,0.0,8355.21,1305.01,UPI,Returned
3878,69,9,2024-07-05,3,26733.44,30.0,56140.22,13866.74,Debit Card,Delivered
3879,1086,33,2025-08-18,2,4963.0,0.0,9926.0,2720.72,Net Banking,Delivered
3880,517,91,2024-10-07,2,952.87,25.0,1429.31,458.63,Wallet,Returned
3881,947,47,2025-03-13,2,3006.6,10.0,5411.88,1015.35,UPI,Delivered
3882,322,50,2025-12-03,2,12152.7,20.0,19444.32,4431.61,Cash on Delivery,Shipped
3883,671,10,2025-01-06,4,46405.07,5.0,176339.27,72348.2,Cash on Delivery,Delivered
3884,1180,28,2024-01-24,3,4976.19,25.0,11196.43,1753.55,Credit Card,Delivered
3885,1090,40,2025-10-09,4,2090.32,15.0,7107.09,2700.6,Credit Card,Delivered
3886,396,88,2024-01-26,4,2398.33,10.0,8633.99,1739.72,Cash on Delivery,Shipped
3887,583,65,2025-05-09,4,21959.36,0.0,87837.44,32676.3,Net Banking,Processing
3888,627,15,2025-09-12,4,27037.12,20.0,86518.78,33216.1,Debit Card,Delivered
3889,480,25,2024-02-08,5,2695.33,15.0,11455.15,3500.64,Credit Card,Delivered
3890,893,82,2024-03-27,4,16836.84,5.0,63979.99,20087.47,UPI,Delivered
3891,144,79,2025-08-31,5,1836.83,25.0,6888.11,2694.5,Credit Card,Delivered
3892,604,50,2024-06-24,5,12152.7,10.0,54687.15,13277.51,Net Banking,Processing
3893,747,6,2025-04-05,5,8514.19,0.0,42570.95,6619.76,UPI,Delivered
3894,766,83,2024-10-14,2,54575.66,20.0,87321.06,33388.38,Credit Card,Processing
3895,74,32,2024-01-11,5,5563.34,10.0,25035.03,6121.36,Wallet,Delivered
3896,961,21,2024-02-25,2,727.97,20.0,1164.75,238.56,,Delivered
3897,528,88,2025-08-19,5,2398.33,20.0,9593.32,4295.13,Cash on Delivery,Returned
3898,105,3,2025-06-20,5,4826.77,25.0,18100.39,7929.92,Net Banking,Processing
3899,274,66,2025-09-07,5,4204.22,20.0,16816.88,5121.09,Credit Card,Cancelled
3900,86,60,2025-07-12,3,38860.34,30.0,81606.71,29106.47,Debit Card,Delivered
3901,1085,98,2024-02-18,4,7242.33,25.0,21726.99,3990.68,Cash on Delivery,Delivered
3902,644,44,2025-09-11,5,4408.77,15.0,18737.27,5388.64,Net Banking,Delivered
3903,603,5,2025-03-23,4,18086.09,20.0,57875.49,18108.57,Debit Card,Delivered
3904,229,45,2025-07-15,5,2560.89,15.0,10883.78,2604.88,UPI,Delivered
3905,533,61,2024-02-20,5,3726.63,5.0,17701.49,7248.32,Net Banking,Shipped
3906,74,38,2025-10-20,2,2438.66,30.0,3414.12,811.08,Cash on Delivery,Delivered
3907,525,26,2024-01-16,4,56093.06,20.0,179497.79,52567.06,Wallet,Delivered
3908,633,4,2024-09-12,4,7110.01,20.0,22752.03,4686.42,Net Banking,Delivered
3909,605,86,2024-05-02,2,1823.21,10.0,3281.78,683.26,Wallet,Returned
3910,1164,9,2024-03-22,2,26733.44,20.0,42773.5,8902.32,Credit Card,Delivered
3911,71,2,2025-12-14,3,19784.61,0.0,59353.83,21698.65,Debit Card,Delivered
3912,789,100,2025-06-04,2,4404.3,10.0,7927.74,2682.38,Net Banking,Cancelled
3913,9,56,2025-11-18,5,1831.05,10.0,8239.73,2237.97,Wallet,Delivered
3914,1146,27,2024-07-11,2,52193.82,10.0,93948.88,34609.77,Wallet,Returned
3915,752,11,2025-04-23,4,11133.39,20.0,35626.85,7623.37,Net Banking,Delivered
3916,531,92,2025-09-06,2,1199.49,5.0,2279.03,792.74,Cash on Delivery,Delivered
3917,551,12,2024-04-19,5,2947.1,25.0,11051.62,3951.42,UPI,Processing
3918,1109,20,2025-06-16,3,580.65,10.0,1567.75,274.84,Wallet,Delivered
3919,756,48,2025-07-20,3,1050.32,5.0,2993.41,684.87,Debit Card,Delivered
3920,571,40,2025-03-01,5,2090.32,5.0,9929.02,3929.85,UPI,Returned
3921,351,78,2024-05-13,3,2305.12,15.0,5878.06,1498.94,Cash on Delivery,Delivered
3922,315,31,2025-02-09,1,7500.95,25.0,5625.71,2133.18,Credit Card,Delivered
3923,1126,43,2025-10-22,4,16482.05,30.0,46149.74,15069.21,UPI,Shipped
3924,54,89,2024-04-04,1,3476.46,15.0,2954.99,1238.6,UPI,Delivered
3925,37,44,2025-01-02,3,4408.77,25.0,9919.73,3642.13,Net Banking,Shipped
3926,482,18,2025-08-27,2,28107.47,15.0,47782.7,12554.63,Debit Card,Delivered
3927,826,12,2024-08-16,4,2947.1,5.0,11198.98,3970.21,Wallet,Delivered
3928,687,7,2024-06-25,2,4635.61,25.0,6953.41,1518.09,Debit Card,Delivered
3929,735,31,2024-08-13,5,7500.95,15.0,31879.04,7789.32,Cash on Delivery,Delivered
3930,67,53,2024-08-03,2,328.56,25.0,492.84,193.53,Wallet,Shipped
3931,1084,88,2024-05-04,5,2398.33,10.0,10792.49,4018.76,Credit Card,Delivered
3932,1148,28,2024-07-03,3,4976.19,,12689.28,5302.15,Credit Card,Delivered
3933,1101,95,2025-09-29,3,10524.46,30.0,22101.37,3940.43,Wallet,Shipped
3934,951,70,2025-10-05,2,2491.61,5.0,4734.06,816.37,Net Banking,Delivered
3935,732,91,2024-07-26,2,952.87,10.0,1715.17,377.68,Debit Card,Delivered
3936,762,30,2025-10-04,5,23124.95,0.0,115624.75,27985.68,Net Banking,Delivered
3937,819,49,2025-01-22,1,2372.32,5.0,2253.7,351.7,Wallet,Processing
3938,137,5,2025-04-10,3,18086.09,30.0,37980.79,14796.37,Credit Card,Delivered
3939,1083,80,2025-05-05,4,4440.36,10.0,15985.3,3168.58,Net Banking,Delivered
3940,1155,65,2025-04-21,5,21959.36,,98817.12,30542.91,Debit Card,Delivered
3941,979,69,2024-06-25,1,23193.07,0.0,23193.07,7379.04,Wallet,Delivered
3942,92,26,2025-01-15,4,56093.06,5.0,213153.63,94355.51,UPI,Delivered
3943,140,30,2025-07-14,4,23124.95,15.0,78624.83,26569.2,Credit Card,Delivered
3944,27,81,2024-08-25,4,11328.45,30.0,31719.66,12707.91,Credit Card,Delivered
3945,264,84,2025-12-19,5,4924.84,10.0,22161.78,6382.27,Cash on Delivery,Processing
3946,64,100,2025-03-10,3,4404.3,10.0,11891.61,3768.08,Debit Card,Shipped
3947,405,9,2025-01-16,3,26733.44,0.0,80200.32,17509.66,Cash on Delivery,Cancelled
3948,254,35,2024-12-14,4,13294.83,10.0,47861.39,14123.5,Debit Card,Delivered
3949,331,36,2024-06-18,1,9396.66,10.0,8456.99,1746.25,Cash on Delivery,Processing
3950,295,28,2025-09-21,4,4976.19,0.0,19904.76,5606.97,Net Banking,Processing
3951,353,37,2025-04-12,2,16932.2,10.0,30477.96,9846.73,Cash on Delivery,Delivered
3952,85,7,2025-04-17,2,4635.61,5.0,8807.66,1503.79,Debit Card,Delivered
3953,864,13,2024-10-03,1,6497.88,,5848.09,1714.85,Debit Card,Cancelled
3954,80,55,2025-10-03,3,3119.28,20.0,7486.27,2021.98,Credit Card,Processing
3955,465,28,2025-03-30,4,4976.19,0.0,19904.76,8900.7,Wallet,Delivered
3956,1050,75,2024-11-21,4,72689.52,25.0,218068.56,72974.41,Credit Card,Delivered
3957,477,61,2024-02-10,2,3726.63,5.0,7080.6,1757.13,Cash on Delivery,Processing
3958,1152,73,2024-03-31,5,2450.92,20.0,9803.68,3602.42,Credit Card,Shipped
3959,220,48,2025-06-30,5,1050.32,10.0,4726.44,801.74,Net Banking,Shipped
3960,489,48,2024-05-22,1,1050.32,10.0,945.29,421.77,Net Banking,Delivered
3961,1045,18,2024-12-02,5,28107.47,20.0,112429.88,25650.03,Debit Card,Delivered
3962,544,7,2024-08-25,4,4635.61,15.0,15761.07,3256.51,Credit Card,Delivered
3963,44,1,2024-08-02,1,309.05,10.0,278.15,123.61,Net Banking,Delivered
3964,484,76,2024-03-19,2,1202.91,30.0,1684.07,659.58,Cash on Delivery,Delivered
3965,458,30,2025-08-13,4,23124.95,15.0,78624.83,21920.36,UPI,Returned
3966,656,19,2024-01-26,5,3365.11,10.0,15142.99,4597.27,UPI,Delivered
3967,794,90,2024-07-31,4,12971.56,30.0,36320.37,6093.09,Cash on Delivery,Cancelled
3968,616,29,2025-06-22,4,1126.75,15.0,3830.95,628.95,Debit Card,Processing
3969,48,71,2024-04-23,2,4556.8,25.0,6835.2,2276.81,Debit Card,Shipped
3970,749,11,2025-01-11,1,11133.39,20.0,8906.71,3347.39,UPI,Delivered
3971,369,13,2024-02-04,4,6497.88,0.0,25991.52,9004.37,Debit Card,Delivered
3972,1068,69,2025-10-15,4,23193.07,5.0,88133.67,19594.34,Debit Card,Delivered
3973,1127,97,2025-03-29,2,1127.53,20.0,1804.05,544.54,Net Banking,Delivered
3974,1011,52,2025-04-08,5,2413.75,20.0,9655.0,3662.18,UPI,Delivered
3975,220,66,2025-07-03,3,4204.22,20.0,10090.13,2457.44,Credit Card,Processing
3976,157,85,2024-11-05,1,2785.07,5.0,2645.82,854.79,Net Banking,Processing
3977,583,93,2024-01-01,5,2525.17,20.0,10100.68,4306.19,Credit Card,Delivered
3978,532,2,2025-05-24,4,19784.61,30.0,55396.91,21695.61,UPI,Delivered
3979,15,85,2025-12-08,2,2785.07,0.0,5570.14,1590.7,Credit Card,Delivered
3980,1164,75,2024-10-25,4,72689.52,15.0,247144.37,87282.31,Credit Card,Delivered
3981,526,48,2024-05-03,5,1050.32,20.0,4201.28,1030.25,Credit Card,Delivered
3982,584,65,2024-08-17,4,21959.36,5.0,83445.57,34235.38,Net Banking,Delivered
3983,903,14,2024-07-05,2,34858.1,15.0,59258.77,12620.43,Credit Card,Processing
3984,270,84,2024-01-12,5,4924.84,15.0,20930.57,6430.58,Wallet,Shipped
3985,570,48,2024-12-23,3,1050.32,10.0,2835.86,444.24,Cash on Delivery,Delivered
3986,1034,69,2025-09-03,2,23193.07,15.0,39428.22,12417.86,UPI,Delivered
3987,555,92,2024-05-04,5,1199.49,25.0,4498.09,1166.96,Cash on Delivery,Processing
3988,452,88,2024-03-20,3,2398.33,0.0,7194.99,1471.64,Wallet,Shipped
3989,1072,9,2024-11-28,1,26733.44,10.0,24060.1,8662.54,UPI,Delivered
3990,1041,70,2024-10-31,1,2491.61,5.0,2367.03,880.72,Credit Card,Cancelled
3991,946,72,2024-03-06,5,4148.6,10.0,18668.7,7054.46,Credit Card,Delivered
3992,32,47,2024-01-30,2,3006.6,15.0,5111.22,2047.31,UPI,Delivered
3993,1076,58,2025-11-07,4,3255.82,10.0,11720.95,2794.9,Wallet,Delivered
3994,440,60,2024-08-14,1,38860.34,10.0,34974.31,7970.88,UPI,Processing
3995,357,24,2025-01-29,1,11430.81,5.0,10859.27,1681.95,Net Banking,Delivered
3996,375,48,2024-02-25,1,1050.32,10.0,945.29,400.59,Cash on Delivery,Delivered
3997,509,72,2025-07-22,3,4148.6,30.0,8712.06,1642.23,Debit Card,Returned
3998,618,16,2025-08-16,4,1240.5,20.0,3969.6,1183.91,Debit Card,Delivered
3999,538,53,2025-01-08,5,328.56,25.0,1232.1,436.34,Wallet,Shipped
4000,771,47,2025-10-10,3,3006.6,5.0,8568.81,3333.9,Debit Card,Delivered
4001,80,11,2024-02-07,2,11133.39,0.0,22266.78,4201.13,Cash on Delivery,Delivered
4002,435,61,2025-07-07,1,3726.63,20.0,2981.3,606.02,Credit Card,Delivered
4003,644,48,2025-05-03,2,1050.32,10.0,1890.58,521.38,Wallet,Delivered
4004,420,17,2024-12-28,3,41583.23,5.0,118512.21,34082.65,UPI,Delivered
4005,686,71,2024-11-06,5,4556.8,20.0,18227.2,6484.41,Credit Card,Shipped
4006,540,41,2025-05-12,3,4360.17,15.0,11118.43,4170.96,Wallet,Delivered
4007,917,93,2025-09-16,4,2525.17,25.0,7575.51,1763.38,Wallet,Delivered
4008,1159,36,2025-11-25,4,9396.66,25.0,28189.98,4743.59,Wallet,Delivered
4009,860,75,2024-06-04,3,72689.52,20.0,174454.85,38532.58,Net Banking,Delivered
4010,911,44,2025-08-05,4,4408.77,15.0,14989.82,4700.87,Wallet,Cancelled
4011,147,78,2025-09-03,3,2305.12,15.0,5878.06,1435.73,Credit Card,Delivered
4012,826,31,2024-08-01,5,7500.95,30.0,26253.32,8647.33,Wallet,Cancelled
4013,1043,48,2024-06-07,1,1050.32,20.0,840.26,366.55,Wallet,Returned
4014,137,25,2025-01-13,5,2695.33,15.0,11455.15,3167.88,Credit Card,Shipped
4015,63,35,2025-10-03,2,13294.83,15.0,22601.21,5921.53,Debit Card,Delivered
4016,1106,73,2025-10-01,1,2450.92,10.0,2205.83,974.57,Wallet,Shipped
4017,113,91,2025-02-01,1,952.87,5.0,905.23,223.73,Cash on Delivery,Delivered
4018,972,37,2024-09-22,2,16932.2,30.0,23705.08,5813.89,Credit Card,Delivered
4019,819,87,2024-11-07,3,1767.23,25.0,3976.27,1504.45,Credit Card,Delivered
4020,33,4,2024-05-29,3,7110.01,15.0,18130.53,6588.65,Wallet,Processing
4021,1042,53,2024-07-18,3,328.56,5.0,936.4,141.8,Cash on Delivery,Cancelled
4022,791,17,2025-07-09,3,41583.23,0.0,124749.69,31187.29,Net Banking,Delivered
4023,935,97,2025-08-18,2,1127.53,10.0,2029.55,577.47,Debit Card,Shipped
4024,604,42,2025-07-26,2,1050.19,25.0,1575.29,486.8,Cash on Delivery,Delivered
4025,1124,88,2025-03-19,2,2398.33,5.0,4556.83,2038.1,Cash on Delivery,Shipped
4026,887,17,2024-07-21,2,41583.23,0.0,83166.46,25252.76,UPI,Delivered
4027,566,80,2024-09-30,5,4440.36,20.0,17761.44,3454.98,Debit Card,Shipped
4028,1189,15,2025-02-18,4,27037.12,15.0,91926.21,29438.95,Cash on Delivery,Delivered
4029,1100,65,2024-05-13,5,21959.36,20.0,87837.44,28877.1,Debit Card,Processing
4030,741,79,2025-07-12,1,1836.83,10.0,1653.15,547.09,Debit Card,Cancelled
4031,547,17,2025-05-25,5,41583.23,5.0,197520.34,30760.45,Net Banking,Shipped
4032,539,35,2025-06-17,5,13294.83,20.0,53179.32,23307.3,Cash on Delivery,Delivered
4033,1036,23,2025-12-08,4,5380.88,20.0,17218.82,6214.1,Wallet,Delivered
4034,953,67,2024-09-07,4,18767.35,20.0,60055.52,26812.79,Debit Card,Cancelled
4035,1152,70,2024-03-19,3,2491.61,5.0,7101.09,1522.09,Wallet,Delivered
4036,1048,53,2024-08-01,3,328.56,10.0,887.11,317.79,Debit Card,Shipped
4037,57,35,2024-01-23,5,13294.83,10.0,59826.73,15633.44,Wallet,Delivered
4038,1138,75,2024-05-04,2,72689.52,15.0,123572.18,26595.82,Net Banking,Cancelled
4039,399,72,2024-09-28,5,4148.6,5.0,19705.85,7453.57,Net Banking,Shipped
4040,350,80,2024-06-18,5,4440.36,30.0,15541.26,5526.73,UPI,Delivered
4041,89,36,2024-08-04,1,9396.66,0.0,9396.66,3367.62,Net Banking,Processing
4042,406,15,2024-11-14,3,27037.12,20.0,64889.09,13841.0,Cash on Delivery,Cancelled
4043,28,50,2025-08-09,1,12152.7,0.0,12152.7,4787.28,Cash on Delivery,Delivered
4044,996,91,2024-04-12,2,952.87,25.0,1429.31,420.2,UPI,Delivered
4045,752,90,2025-12-23,4,12971.56,15.0,44103.3,13693.21,UPI,Delivered
4046,808,1,2025-12-31,3,309.05,15.0,788.08,192.11,Cash on Delivery,Returned
4047,514,2,2025-11-27,1,19784.61,20.0,15827.69,6128.2,Credit Card,Delivered
4048,823,52,2024-08-20,5,2413.75,20.0,9655.0,3849.5,Credit Card,Delivered
4049,1024,45,2025-09-03,1,2560.89,15.0,2176.76,331.76,Cash on Delivery,Shipped
4050,898,72,2024-10-15,5,4148.6,25.0,15557.25,3170.92,Wallet,Delivered
4051,797,13,2025-08-17,1,6497.88,5.0,6172.99,2626.55,Cash on Delivery,Delivered
4052,1067,30,2024-06-14,4,23124.95,30.0,64749.86,24829.35,Wallet,Delivered
4053,77,81,2025-02-26,5,11328.45,15.0,48145.91,15273.07,Debit Card,Processing
4054,810,3,2024-03-23,5,4826.77,25.0,18100.39,4314.64,Debit Card,Delivered
4055,294,76,2024-03-09,4,1202.91,5.0,4571.06,1585.24,Debit Card,Returned
4056,378,46,2024-05-14,4,1075.79,15.0,3657.69,679.76,Cash on Delivery,Returned
4057,1072,97,2024-12-30,5,1127.53,10.0,5073.89,1870.33,Cash on Delivery,Shipped
4058,384,88,2024-09-06,4,2398.33,0.0,9593.32,2098.03,Debit Card,Delivered
4059,223,34,2024-04-28,3,6016.67,15.0,15342.51,2793.27,Wallet,Processing
4060,791,76,2024-08-09,1,1202.91,20.0,962.33,388.71,UPI,Processing
4061,104,95,2024-01-14,2,10524.46,20.0,16839.14,5368.29,Net Banking,Delivered
4062,359,80,2025-04-17,4,4440.36,10.0,15985.3,3807.97,Wallet,Delivered
4063,1117,26,2024-02-27,4,56093.06,20.0,179497.79,42143.24,Credit Card,Delivered
4064,1132,31,2025-01-30,4,7500.95,20.0,24003.04,10354.72,Credit Card,Delivered
4065,339,78,2024-05-18,2,2305.12,20.0,3688.19,554.88,Cash on Delivery,Delivered
4066,552,37,2025-12-13,3,16932.2,5.0,48256.77,10071.67,Cash on Delivery,Delivered
4067,146,79,2024-07-11,3,1836.83,5.0,5234.97,1076.67,UPI,Cancelled
4068,3,71,2025-08-21,2,4556.8,0.0,9113.6,2904.59,Wallet,Delivered
4069,386,38,2025-03-15,2,2438.66,15.0,4145.72,1321.54,UPI,Delivered
4070,1159,73,2024-11-02,1,2450.92,10.0,2205.83,513.64,Cash on Delivery,Shipped
4071,279,72,2025-07-03,4,4148.6,20.0,13275.52,2011.51,Net Banking,Delivered
4072,67,44,2025-08-17,4,4408.77,15.0,14989.82,3778.34,UPI,Delivered
4073,380,41,2024-03-20,4,4360.17,0.0,17440.68,7142.66,Net Banking,Processing
4074,982,69,2025-03-07,2,23193.07,0.0,46386.14,9581.93,Debit Card,Delivered
4075,373,92,2024-11-16,4,1199.49,0.0,4797.96,1244.36,Wallet,Cancelled
4076,1105,14,2025-03-24,3,34858.1,20.0,83659.44,20928.03,Credit Card,Delivered
4077,478,27,2025-04-28,5,52193.82,15.0,221823.73,80048.52,Cash on Delivery,Delivered
4078,307,6,2024-12-03,2,8514.19,15.0,14474.12,5679.54,Credit Card,Delivered
4079,474,12,2025-08-10,2,2947.1,10.0,5304.78,1744.66,Wallet,Delivered
4080,870,63,2025-05-21,4,23080.16,10.0,83088.58,35151.51,UPI,Delivered
4081,537,62,2024-02-20,4,385.07,15.0,1309.24,440.1,Credit Card,Returned
4082,318,56,2024-05-24,5,1831.05,5.0,8697.49,1311.13,UPI,Cancelled
4083,654,33,2025-09-22,1,4963.0,20.0,3970.4,1428.71,UPI,Delivered
4084,27,54,2024-11-06,4,3017.65,15.0,10260.01,2382.33,Debit Card,Delivered
4085,789,2,2024-02-02,1,19784.61,25.0,14838.46,5847.35,Debit Card,Delivered
4086,478,85,2024-06-16,2,2785.07,5.0,5291.63,1334.95,Debit Card,Delivered
4087,158,79,2025-10-20,4,1836.83,5.0,6979.95,1448.24,Wallet,Delivered
4088,1119,75,2025-05-04,4,72689.52,15.0,247144.37,108902.75,Net Banking,Delivered
4089,281,30,2025-07-26,1,23124.95,10.0,20812.46,3918.44,Credit Card,Delivered
4090,426,96,2024-07-14,1,18704.42,20.0,14963.54,3003.67,Debit Card,Delivered
4091,839,40,2025-09-16,1,2090.32,30.0,1463.22,521.93,Cash on Delivery,Delivered
4092,412,79,2024-02-28,4,1836.83,30.0,5143.12,2199.56,Credit Card,Delivered
4093,570,22,2025-04-15,2,29648.84,30.0,41508.38,9855.47,Cash on Delivery,Cancelled
4094,1104,35,2025-04-01,5,13294.83,15.0,56503.03,13738.15,Net Banking,Shipped
4095,662,60,2025-01-28,3,38860.34,20.0,93264.82,37585.23,Cash on Delivery,Delivered
4096,662,8,2025-01-25,3,2763.21,20.0,6631.7,1477.23,Net Banking,Delivered
4097,1000,36,2024-11-27,1,9396.66,0.0,9396.66,3489.0,Credit Card,Processing
4098,919,82,2024-06-30,4,16836.84,10.0,60612.62,12764.07,Wallet,Delivered
4099,291,72,2024-06-25,2,4148.6,0.0,8297.2,3101.37,Debit Card,Cancelled
4100,837,13,2025-04-04,2,6497.88,0.0,12995.76,2884.81,Cash on Delivery,Processing
4101,493,42,2024-08-07,3,1050.19,0.0,3150.57,1252.7,UPI,Shipped
4102,68,74,2025-08-07,1,7241.27,25.0,5430.95,1076.1,UPI,Delivered
4103,571,98,2025-05-09,5,7242.33,5.0,34401.07,5634.53,Net Banking,Delivered
4104,532,24,2024-05-26,4,11430.81,30.0,32006.27,10127.38,Cash on Delivery,Delivered
4105,230,31,2025-05-17,5,7500.95,0.0,37504.75,10326.03,Debit Card,Delivered
4106,704,37,2025-11-18,2,16932.2,10.0,30477.96,7080.26,Wallet,Processing
4107,156,12,2024-12-09,1,2947.1,20.0,2357.68,665.22,UPI,Delivered
4108,816,80,2025-06-14,2,4440.36,5.0,8436.68,3196.6,UPI,Delivered
4109,661,76,2025-06-14,5,1202.91,10.0,5413.1,1458.21,Debit Card,Delivered
4110,355,47,2025-11-18,5,3006.6,20.0,12026.4,5259.65,Credit Card,Delivered
4111,206,66,2025-07-27,4,4204.22,15.0,14294.35,2704.97,Credit Card,Shipped
4112,985,51,2024-09-11,2,3311.31,15.0,5629.23,1424.39,Debit Card,Delivered
4113,378,40,2024-10-06,1,2090.32,0.0,2090.32,651.24,Cash on Delivery,Processing
4114,998,28,2025-12-27,1,4976.19,5.0,4727.38,1166.7,Cash on Delivery,Processing
4115,335,65,2024-05-27,3,21959.36,15.0,55996.37,24764.91,UPI,Delivered
4116,319,100,2024-10-29,2,4404.3,5.0,8368.17,3587.47,Wallet,Processing
4117,425,87,2024-01-06,3,1767.23,10.0,4771.52,1530.89,Wallet,Processing
4118,791,4,2024-05-18,4,7110.01,15.0,24174.03,5524.08,Wallet,Delivered
4119,232,92,2025-02-02,3,1199.49,10.0,3238.62,1069.78,UPI,Delivered
4120,352,74,2024-01-26,4,7241.27,15.0,24620.32,6154.39,Credit Card,Shipped
4121,1160,60,2024-05-07,1,38860.34,10.0,34974.31,8735.82,Credit Card,Delivered
4122,892,93,2025-11-09,3,2525.17,25.0,5681.63,1420.62,Cash on Delivery,Delivered
4123,768,94,2024-01-20,5,4986.96,20.0,19947.84,3643.71,Debit Card,Shipped
4124,1100,60,2024-05-26,2,38860.34,15.0,66062.58,14400.85,Net Banking,Delivered
4125,178,52,2025-01-26,5,2413.75,10.0,10861.88,4464.2,UPI,Delivered
4126,852,100,2024-06-30,5,4404.3,30.0,15415.05,5490.18,Net Banking,Delivered
4127,1015,47,2024-01-27,4,3006.6,10.0,10823.76,3490.37,,Returned
4128,842,69,2024-08-19,1,23193.07,20.0,18554.46,7168.73,Net Banking,Processing
4129,1090,36,2024-02-04,1,9396.66,0.0,9396.66,4135.23,Debit Card,Shipped
4130,958,34,2025-08-03,3,6016.67,10.0,16245.01,2763.19,Cash on Delivery,Cancelled
4131,455,35,2024-03-31,4,13294.83,20.0,42543.46,12910.27,Debit Card,Delivered
4132,145,52,2025-12-23,5,2413.75,20.0,9655.0,1703.36,Cash on Delivery,Delivered
4133,340,97,2024-01-05,3,1127.53,20.0,2706.07,959.4,Credit Card,Delivered
4134,396,65,2024-09-11,4,21959.36,10.0,79053.7,20220.81,UPI,Cancelled
4135,956,5,2025-05-10,1,18086.09,15.0,15373.18,3691.06,Cash on Delivery,Returned
4136,730,66,2024-06-16,4,4204.22,25.0,12612.66,3339.21,Debit Card,Delivered
4137,412,94,2025-02-08,2,4986.96,5.0,9475.22,3896.5,UPI,Cancelled
4138,987,64,2024-06-19,2,5281.37,15.0,8978.33,3665.76,Debit Card,Processing
4139,1091,42,2024-02-23,5,1050.19,20.0,4200.76,1518.63,Credit Card,Shipped
4140,860,40,2024-08-15,1,2090.32,20.0,1672.26,412.41,Credit Card,Shipped
4141,385,32,2024-04-03,4,5563.34,20.0,17802.69,6231.25,Debit Card,Delivered
4142,325,24,2025-06-24,5,11430.81,25.0,42865.54,16006.73,Credit Card,Processing
4143,697,16,2025-05-30,4,1240.5,15.0,4217.7,1061.01,Net Banking,Delivered
4144,1169,16,2024-04-19,3,1240.5,15.0,3163.28,661.62,UPI,Delivered
4145,887,78,2025-11-10,3,2305.12,30.0,4840.75,1622.58,Debit Card,Delivered
4146,1182,51,2025-12-24,5,3311.31,,14900.9,3113.95,Net Banking,Delivered
4147,805,31,2025-04-09,3,7500.95,25.0,16877.14,3886.94,Cash on Delivery,Processing
4148,209,55,2024-11-11,4,3119.28,5.0,11853.26,5098.69,UPI,Shipped
4149,882,26,2025-05-20,1,56093.06,10.0,50483.75,9587.38,UPI,Delivered
4150,755,21,2025-06-19,1,727.97,25.0,545.98,216.58,UPI,Delivered
4151,642,37,2025-04-16,1,16932.2,5.0,16085.59,3672.35,UPI,Delivered
4152,486,11,2025-04-15,3,11133.39,25.0,25050.13,10110.71,Cash on Delivery,Cancelled
4153,28,71,2025-12-11,3,4556.8,5.0,12986.88,4060.31,Credit Card,Shipped
4154,238,79,2025-05-29,2,1836.83,5.0,3489.98,627.03,Credit Card,Delivered
4155,1091,56,2024-12-09,5,1831.05,5.0,8697.49,2277.53,Net Banking,Delivered
4156,929,13,2024-08-13,5,6497.88,0.0,32489.4,13086.51,Wallet,Delivered
4157,1130,80,2024-09-19,3,4440.36,10.0,11988.97,3883.37,Wallet,Shipped
4158,535,51,2025-09-27,5,3311.31,20.0,13245.24,3173.34,Credit Card,Processing
4159,157,58,2025-01-26,1,3255.82,15.0,2767.45,737.0,Credit Card,Delivered
4160,734,8,2024-03-12,1,2763.21,5.0,2625.05,1044.55,Credit Card,Delivered
4161,395,7,2025-01-04,2,4635.61,30.0,6489.85,1924.8,Cash on Delivery,Shipped
4162,414,65,2024-12-09,2,21959.36,15.0,37330.91,13393.59,UPI,Delivered
4163,745,18,2024-03-29,3,28107.47,5.0,80106.29,28866.73,Debit Card,Delivered
4164,825,30,2024-10-31,3,23124.95,20.0,55499.88,16001.56,UPI,Processing
4165,873,54,2025-02-17,5,3017.65,5.0,14333.84,3259.06,Net Banking,Delivered
4166,519,68,2025-06-18,5,3680.19,20.0,14720.76,5166.44,Wallet,Delivered
4167,1042,22,2024-08-14,4,29648.84,10.0,106735.82,40726.13,Cash on Delivery,Cancelled
4168,26,98,2024-02-27,1,7242.33,5.0,6880.21,2076.19,Credit Card,Delivered
4169,370,74,2025-04-07,2,7241.27,5.0,13758.41,5296.09,Wallet,Shipped
4170,358,5,2024-06-02,5,18086.09,10.0,81387.4,31814.13,Cash on Delivery,Delivered
4171,798,53,2024-12-31,2,328.56,15.0,558.55,115.19,Cash on Delivery,Delivered
4172,55,94,2024-10-30,2,4986.96,10.0,8976.53,2513.52,Credit Card,Delivered
4173,739,67,2025-10-07,1,18767.35,10.0,16890.61,3761.81,Credit Card,Shipped
4174,547,55,2025-03-07,1,3119.28,0.0,3119.28,811.11,Debit Card,Delivered
4175,1117,1,2025-12-01,2,309.05,0.0,618.1,172.41,Net Banking,Processing
4176,19,19,2025-11-23,4,3365.11,5.0,12787.42,3854.87,Wallet,Cancelled
4177,565,69,2025-03-21,2,23193.07,25.0,34789.6,9665.22,UPI,Returned
4178,876,56,2025-12-30,4,1831.05,5.0,6957.99,1837.83,Net Banking,Shipped
4179,1023,58,2024-10-04,3,3255.82,15.0,8302.34,2405.92,Credit Card,Processing
4180,1134,38,2024-10-14,2,2438.66,15.0,4145.72,1230.39,Net Banking,Delivered
4181,433,72,2024-10-07,4,4148.6,15.0,14105.24,2532.29,Cash on Delivery,Processing
4182,1181,90,2025-11-09,3,12971.56,25.0,29186.01,4946.79,Debit Card,Shipped
4183,311,16,2025-10-18,1,1240.5,15.0,1054.42,241.81,Credit Card,Processing
4184,602,92,2025-07-16,1,1199.49,5.0,1139.52,271.49,Credit Card,Delivered
4185,1176,94,2024-03-18,5,4986.96,10.0,22441.32,6190.4,UPI,Cancelled
4186,1017,44,2025-02-11,4,4408.77,15.0,14989.82,6560.56,Wallet,Delivered
4187,447,78,2025-08-21,5,2305.12,,11525.6,3663.28,Credit Card,Cancelled
4188,704,5,2025-06-07,4,18086.09,25.0,54258.27,13604.01,Credit Card,Cancelled
4189,793,84,2025-10-22,1,4924.84,30.0,3447.39,1081.48,Credit Card,Delivered
4190,1180,10,2025-08-02,1,46405.07,0.0,46405.07,7043.73,Credit Card,Delivered
4191,1044,9,2024-07-12,5,26733.44,10.0,120300.48,33330.96,Cash on Delivery,Delivered
4192,1182,67,2024-02-19,3,18767.35,20.0,45041.64,17644.5,Cash on Delivery,Delivered
4193,233,37,2025-01-15,1,16932.2,10.0,15238.98,2699.44,Wallet,Delivered
4194,361,35,2025-11-18,1,13294.83,30.0,9306.38,1730.33,Debit Card,Delivered
4195,388,39,2024-03-29,1,25526.93,5.0,24250.58,9221.7,Net Banking,Delivered
4196,565,74,2025-08-08,2,7241.27,10.0,13034.29,5385.61,Credit Card,Delivered
4197,143,79,2024-12-01,4,1836.83,10.0,6612.59,1830.09,Wallet,Cancelled
4198,551,40,2024-10-15,1,2090.32,5.0,1985.8,635.0,Cash on Delivery,Delivered
4199,1167,11,2024-12-26,3,11133.39,15.0,28390.14,11423.46,Wallet,Delivered
4200,1199,17,2025-10-16,5,41583.23,5.0,197520.34,82200.14,Debit Card,Shipped
4201,1154,76,2025-05-01,4,1202.91,10.0,4330.48,1724.52,UPI,Cancelled
4202,948,13,2024-10-13,2,6497.88,15.0,11046.4,3224.51,Wallet,Shipped
4203,703,11,2024-02-06,1,11133.39,20.0,8906.71,1416.31,UPI,Delivered
4204,610,52,2024-02-19,4,2413.75,15.0,8206.75,3311.73,Debit Card,Delivered
4205,361,73,2024-09-16,1,2450.92,10.0,2205.83,506.81,Debit Card,Delivered
4206,151,4,2024-03-22,5,7110.01,25.0,26662.54,6509.93,Debit Card,Delivered
4207,373,14,2024-01-24,2,34858.1,25.0,52287.15,11810.31,UPI,Delivered
4208,741,44,2025-11-10,4,4408.77,5.0,16753.33,5506.86,Cash on Delivery,Delivered
4209,753,59,2024-09-28,2,25615.37,5.0,48669.2,12162.59,UPI,Delivered
4210,814,59,2024-12-21,4,25615.37,10.0,92215.33,19354.2,UPI,Delivered
4211,1021,93,2025-04-04,4,2525.17,20.0,8080.54,2524.97,Debit Card,Cancelled
4212,209,71,2025-04-26,2,4556.8,15.0,7746.56,2429.75,Wallet,Delivered
4213,453,40,2025-10-06,3,2090.32,30.0,4389.67,883.24,Wallet,
4214,616,69,2024-01-25,5,23193.07,30.0,81175.74,18483.1,Debit Card,Delivered
4215,602,87,2024-01-30,1,1767.23,30.0,1237.06,297.02,UPI,Shipped
4216,16,43,2024-03-01,3,16482.05,10.0,44501.53,17194.16,Net Banking,Shipped
4217,28,44,2025-02-20,1,4408.77,20.0,3527.02,1305.57,Credit Card,Shipped
4218,742,32,2024-02-11,1,5563.34,10.0,5007.01,1944.69,Wallet,Delivered
4219,114,61,2024-05-21,1,3726.63,10.0,3353.97,969.63,UPI,Delivered
4220,834,69,2024-10-22,2,23193.07,10.0,41747.53,10177.75,Credit Card,Delivered
4221,1141,28,2024-08-13,2,4976.19,15.0,8459.52,2383.51,Wallet,Shipped
4222,489,98,2025-04-14,3,7242.33,10.0,19554.29,7366.36,UPI,Processing
4223,183,28,2025-08-01,2,4976.19,15.0,8459.52,2417.56,,
4224,974,74,2024-07-24,3,7241.27,20.0,17379.05,2645.45,,Shipped
4225,1060,50,2024-01-23,1,12152.7,30.0,8506.89,2079.96,Net Banking,Delivered
4226,199,24,2025-02-13,5,11430.81,20.0,45723.24,11654.8,Credit Card,Delivered
4227,122,99,2024-08-21,5,2129.54,5.0,10115.32,3211.17,Wallet,Delivered
4228,1074,67,2025-11-28,4,18767.35,20.0,60055.52,16223.89,Credit Card,Delivered
4229,647,72,2025-03-11,1,4148.6,5.0,3941.17,1464.58,Wallet,Delivered
4230,141,69,2024-09-15,1,23193.07,5.0,22033.42,8875.21,Credit Card,Processing
4231,567,10,2025-12-21,4,46405.07,0.0,185620.28,81266.49,Net Banking,Delivered
4232,531,45,2025-02-02,5,2560.89,10.0,11524.0,4513.7,Cash on Delivery,Processing
4233,120,17,2025-03-04,4,41583.23,15.0,141382.98,51348.74,Debit Card,Delivered
4234,378,22,2025-03-08,4,29648.84,10.0,106735.82,17871.81,Wallet,Delivered
4235,934,12,2024-09-20,3,2947.1,30.0,6188.91,1884.78,UPI,Delivered
4236,960,56,2025-09-13,1,1831.05,20.0,1464.84,388.73,Cash on Delivery,Delivered
4237,630,96,2025-05-04,3,18704.42,10.0,50501.93,9359.77,Net Banking,Delivered
4238,793,58,2025-05-13,2,3255.82,10.0,5860.48,2293.33,Debit Card,Cancelled
4239,39,67,2025-08-19,5,18767.35,10.0,84453.07,12783.56,Cash on Delivery,Delivered
4240,429,75,2025-12-03,4,72689.52,30.0,203530.66,53540.25,Net Banking,Delivered
4241,724,40,2024-09-12,5,2090.32,15.0,8883.86,2108.19,Cash on Delivery,Delivered
4242,200,74,2025-09-05,4,7241.27,10.0,26068.57,10381.24,Wallet,Delivered
4243,476,13,2024-03-23,5,6497.88,10.0,29240.46,10600.06,Debit Card,Processing
4244,931,49,2024-09-21,5,2372.32,10.0,10675.44,3967.32,,Cancelled
4245,284,16,2025-11-21,5,1240.5,15.0,5272.12,924.71,Credit Card,Delivered
4246,215,87,2025-09-30,5,1767.23,25.0,6627.11,2424.61,Wallet,Shipped
4247,1032,39,2024-07-09,2,25526.93,,43395.78,10219.02,Net Banking,Delivered
4248,623,19,2025-08-13,4,3365.11,10.0,12114.4,2365.02,Wallet,Cancelled
4249,202,27,2024-12-18,4,52193.82,30.0,146142.7,33326.85,Cash on Delivery,Shipped
4250,37,19,2025-07-23,1,3365.11,0.0,3365.11,1392.98,Net Banking,Processing
4251,1196,49,2024-08-28,5,2372.32,10.0,10675.44,2172.32,UPI,Processing
4252,43,86,2025-09-19,1,1823.21,10.0,1640.89,290.48,Debit Card,Processing
4253,957,60,2024-02-27,3,38860.34,25.0,87435.76,19745.91,Credit Card,Delivered
4254,501,61,2024-03-12,2,3726.63,25.0,5589.94,1919.07,Cash on Delivery,Delivered
4255,687,26,2024-10-12,1,56093.06,30.0,39265.14,8728.25,Debit Card,Delivered
4256,521,36,2024-04-11,1,9396.66,5.0,8926.83,3085.45,Cash on Delivery,Returned
4257,1108,59,2025-01-18,5,25615.37,0.0,128076.85,44940.14,Credit Card,Processing
4258,1075,67,2025-06-12,5,18767.35,5.0,89144.91,24457.43,Net Banking,Delivered
4259,602,21,2025-10-08,3,727.97,0.0,2183.91,830.61,UPI,Delivered
4260,183,72,2025-09-19,3,4148.6,5.0,11823.51,4500.95,Wallet,Processing
4261,78,18,2024-11-18,4,28107.47,0.0,112429.88,28726.79,Wallet,Shipped
4262,319,71,2025-01-14,4,4556.8,10.0,16404.48,4850.71,Credit Card,Returned
4263,364,49,2025-05-16,1,2372.32,15.0,2016.47,774.2,Debit Card,Processing
4264,1056,68,2024-04-04,5,3680.19,20.0,14720.76,5512.93,Net Banking,Shipped
4265,468,47,2025-03-28,3,3006.6,15.0,7666.83,2138.73,Cash on Delivery,Delivered
4266,852,66,2025-06-12,2,4204.22,15.0,7147.17,2652.08,Debit Card,Delivered
4267,649,47,2025-07-09,2,3006.6,0.0,6013.2,1785.58,Wallet,Delivered
4268,12,3,2024-09-27,4,4826.77,30.0,13514.96,2602.98,Net Banking,Returned
4269,929,96,2024-02-19,1,18704.42,10.0,16833.98,6075.45,UPI,Processing
4270,86,3,2025-10-16,2,4826.77,25.0,7240.16,1706.43,Net Banking,Delivered
4271,541,15,2025-10-04,5,27037.12,20.0,108148.48,37175.48,UPI,Processing
4272,155,10,2025-08-09,5,46405.07,30.0,162417.74,54259.53,Net Banking,Returned
4273,1106,64,2025-04-19,4,5281.37,25.0,15844.11,3179.19,Cash on Delivery,Cancelled
4274,347,50,2025-01-29,3,12152.7,20.0,29166.48,8752.59,UPI,Delivered
4275,1115,42,2024-06-12,1,1050.19,5.0,997.68,222.55,Credit Card,Shipped
4276,282,25,2025-01-31,4,2695.33,10.0,9703.19,3249.89,Credit Card,Cancelled
4277,202,95,2024-02-05,2,10524.46,0.0,21048.92,5677.54,Net Banking,Delivered
4278,502,54,2024-11-19,2,3017.65,10.0,5431.77,989.73,Net Banking,Delivered
4279,324,35,2024-12-01,5,13294.83,10.0,59826.73,25431.03,Net Banking,Shipped
4280,187,64,2025-02-15,4,5281.37,0.0,21125.48,8466.61,Net Banking,Delivered
4281,440,45,2025-12-24,2,2560.89,15.0,4353.51,1001.03,,Shipped
4282,763,54,2025-02-11,3,3017.65,15.0,7695.01,3096.96,Credit Card,Shipped
4283,631,46,2025-02-11,3,1075.79,25.0,2420.53,818.31,Debit Card,Cancelled
4284,120,78,2024-09-23,2,2305.12,10.0,4149.22,1344.14,Debit Card,Delivered
4285,207,85,2025-04-06,4,2785.07,15.0,9469.24,2091.24,Cash on Delivery,Delivered
4286,1018,36,2025-03-08,3,9396.66,10.0,25370.98,5613.97,UPI,Processing
4287,1045,89,2025-10-25,3,3476.46,0.0,10429.38,4296.53,Credit Card,Delivered
4288,294,34,2025-01-19,5,6016.67,5.0,28579.18,11240.46,Net Banking,Delivered
4289,1181,76,2025-08-29,2,1202.91,,2285.53,732.71,Debit Card,Delivered
4290,298,75,2025-08-25,3,72689.52,5.0,207165.13,78777.48,Debit Card,Delivered
4291,287,91,2024-05-15,4,952.87,10.0,3430.33,966.46,Cash on Delivery,Delivered
4292,305,45,2024-08-21,5,2560.89,20.0,10243.56,3737.22,Cash on Delivery,Processing
4293,341,10,2025-03-11,2,46405.07,0.0,92810.14,35131.06,Net Banking,Cancelled
4294,272,99,2024-08-27,4,2129.54,0.0,8518.16,3664.56,Debit Card,Delivered
4295,913,14,2025-02-25,2,34858.1,5.0,66230.39,26263.57,Net Banking,Returned
4296,778,76,2024-01-10,4,1202.91,15.0,4089.89,1122.61,Cash on Delivery,Shipped
4297,53,51,2024-04-03,5,3311.31,5.0,15728.72,4843.42,Cash on Delivery,Cancelled
4298,784,65,2024-12-22,4,21959.36,15.0,74661.82,17936.48,Wallet,Processing
4299,1080,74,2024-04-21,3,7241.27,20.0,17379.05,7634.27,UPI,Processing
4300,1120,21,2025-04-11,5,727.97,10.0,3275.87,1224.88,UPI,Delivered
4301,77,68,2025-04-11,5,3680.19,20.0,14720.76,4907.49,Debit Card,Cancelled
4302,1164,33,2025-05-16,2,4963.0,20.0,7940.8,2601.42,Debit Card,Delivered
4303,1019,62,2024-08-28,4,385.07,10.0,1386.25,237.34,Debit Card,Delivered
4304,1026,9,2024-02-14,2,26733.44,15.0,45446.85,9355.61,UPI,Delivered
4305,407,3,2024-12-15,1,4826.77,5.0,4585.43,1199.88,Cash on Delivery,Delivered
4306,584,79,2025-01-01,3,1836.83,10.0,4959.44,2008.93,Wallet,Delivered
4307,841,93,2024-09-08,1,2525.17,5.0,2398.91,671.57,Cash on Delivery,Cancelled
4308,408,92,2025-06-05,1,1199.49,25.0,899.62,231.48,UPI,Delivered
4309,195,26,2025-09-14,4,56093.06,25.0,168279.18,73783.21,Credit Card,Returned
4310,451,23,2024-10-06,4,5380.88,0.0,21523.52,5225.31,UPI,Shipped
4311,377,12,2024-01-08,2,2947.1,15.0,5010.07,1222.66,Debit Card,Delivered
4312,189,67,2025-02-14,1,18767.35,5.0,17828.98,3108.15,UPI,
4313,570,33,2024-10-21,5,4963.0,15.0,21092.75,3280.2,Net Banking,Shipped
4314,1160,28,2024-12-07,2,4976.19,15.0,8459.52,2795.96,UPI,Shipped
4315,376,9,2025-01-10,5,26733.44,30.0,93567.04,36228.33,Wallet,Processing
4316,760,7,2025-02-09,3,4635.61,15.0,11820.81,4359.94,Wallet,Delivered
4317,733,49,2025-05-31,2,2372.32,20.0,3795.71,1004.63,Credit Card,Delivered
4318,445,23,2024-09-28,2,5380.88,15.0,9147.5,3208.23,Debit Card,Processing
4319,224,93,2025-01-21,3,2525.17,20.0,6060.41,1035.35,UPI,Delivered
4320,231,95,2024-02-23,1,10524.46,10.0,9472.01,2669.59,Debit Card,Delivered
4321,1125,20,2024-05-22,2,580.65,0.0,1161.3,335.37,Credit Card,Delivered
4322,326,89,2024-02-18,4,3476.46,5.0,13210.55,3333.83,Cash on Delivery,Processing
4323,410,50,2025-10-27,1,12152.7,15.0,10329.8,4426.5,UPI,Processing
4324,981,84,2024-10-20,2,4924.84,20.0,7879.74,2205.04,Credit Card,Delivered
4325,631,76,2025-12-04,2,1202.91,25.0,1804.37,362.97,Debit Card,Delivered
4326,331,77,2024-10-17,2,1568.22,5.0,2979.62,1058.31,Cash on Delivery,Shipped
4327,100,4,2025-08-22,1,7110.01,20.0,5688.01,1668.28,UPI,Delivered
4328,670,29,2025-01-23,4,1126.75,10.0,4056.3,651.74,Net Banking,Delivered
4329,332,42,2024-02-29,5,1050.19,5.0,4988.4,845.54,Credit Card,Delivered
4330,511,9,2024-03-09,1,26733.44,25.0,20050.08,3373.85,Credit Card,Delivered
4331,533,12,2025-02-08,3,2947.1,10.0,7957.17,3029.13,Debit Card,Delivered
4332,92,28,2024-09-28,5,4976.19,10.0,22392.85,9988.55,Cash on Delivery,Delivered
4333,1167,69,2024-12-06,4,23193.07,5.0,88133.67,16757.07,Net Banking,Delivered
4334,796,99,2024-07-29,2,2129.54,10.0,3833.17,1452.65,Wallet,Delivered
4335,315,21,2024-07-28,4,727.97,20.0,2329.5,488.61,,Shipped
4336,741,95,2024-08-22,3,10524.46,5.0,29994.71,11207.64,Wallet,Returned
4337,1008,97,2025-06-26,3,1127.53,15.0,2875.2,1193.08,Net Banking,Delivered
4338,792,7,2024-08-17,5,4635.61,25.0,17383.54,2772.05,Debit Card,Returned
4339,1109,80,2024-05-20,2,4440.36,0.0,8880.72,2862.39,UPI,Shipped
4340,357,61,2024-09-28,4,3726.63,10.0,13415.87,4515.8,Wallet,Processing
4341,136,60,2025-07-18,2,38860.34,20.0,62176.54,17477.94,Wallet,Delivered
4342,125,57,2025-11-02,4,1664.71,10.0,5992.96,2200.7,Credit Card,Delivered
4343,667,98,2024-04-22,2,7242.33,25.0,10863.49,2156.53,Credit Card,Processing
4344,312,76,2025-12-23,4,1202.91,15.0,4089.89,1654.27,Wallet,Delivered
4345,1026,27,2024-06-10,4,52193.82,10.0,187897.75,45150.65,Net Banking,Delivered
4346,946,45,2025-10-23,5,2560.89,5.0,12164.23,2500.48,UPI,Delivered
4347,669,23,2025-05-10,5,5380.88,25.0,20178.3,4160.2,Wallet,Delivered
4348,209,9,2024-06-20,1,26733.44,30.0,18713.41,7488.95,Credit Card,Shipped
4349,759,6,2024-04-18,3,8514.19,0.0,25542.57,11020.95,Debit Card,Cancelled
4350,277,22,2025-04-11,2,29648.84,10.0,53367.91,12430.19,Net Banking,Shipped
4351,223,47,2025-10-03,4,3006.6,25.0,9019.8,1460.18,UPI,Delivered
4352,1196,48,2024-01-24,2,1050.32,5.0,1995.61,718.1,,Delivered
4353,904,67,2025-12-24,3,18767.35,15.0,47856.74,7582.81,Cash on Delivery,Delivered
4354,59,67,2025-05-01,1,18767.35,15.0,15952.25,3094.76,Net Banking,Delivered
4355,1133,58,2024-05-12,5,3255.82,10.0,14651.19,4044.1,UPI,Delivered
4356,84,10,2024-01-31,5,46405.07,15.0,197221.55,32491.84,Net Banking,Shipped
4357,1073,1,2024-08-21,5,309.05,10.0,1390.73,327.82,Wallet,Processing
4358,317,91,2025-11-08,3,952.87,15.0,2429.82,699.49,UPI,Delivered
4359,394,35,2024-12-26,4,13294.83,10.0,47861.39,21097.87,Cash on Delivery,Shipped
4360,924,50,2024-07-02,1,12152.7,25.0,9114.53,1464.59,Wallet,Delivered
4361,411,24,2024-08-25,1,11430.81,30.0,8001.57,1462.3,UPI,Delivered
4362,890,56,2024-10-08,5,1831.05,0.0,9155.25,2679.89,Cash on Delivery,Shipped
4363,625,76,2024-06-29,3,1202.91,20.0,2886.98,1216.13,Cash on Delivery,Delivered
4364,280,61,2024-09-05,3,3726.63,10.0,10061.9,3121.73,Debit Card,Delivered
4365,295,50,2024-04-01,4,12152.7,5.0,46180.26,15922.4,Credit Card,Delivered
4366,1,49,2025-03-19,2,2372.32,10.0,4270.18,1406.73,Wallet,Delivered
4367,626,15,2025-05-06,5,27037.12,15.0,114907.76,27409.82,Debit Card,Delivered
4368,1059,26,2024-05-11,3,56093.06,20.0,134623.34,43862.36,Cash on Delivery,Shipped
4369,965,49,2024-08-16,2,2372.32,20.0,3795.71,1426.29,Debit Card,Delivered
4370,393,85,2025-03-25,1,2785.07,15.0,2367.31,549.63,Wallet,Delivered
4371,934,59,2024-09-12,1,25615.37,10.0,23053.83,5602.92,Cash on Delivery,Cancelled
4372,216,60,2024-10-31,5,38860.34,10.0,174871.53,40276.86,Cash on Delivery,Delivered
4373,520,13,2024-06-28,5,6497.88,15.0,27615.99,8516.17,Wallet,Delivered
4374,812,75,2025-07-16,5,72689.52,20.0,290758.08,106936.18,Debit Card,Processing
4375,684,91,2025-04-05,5,952.87,20.0,3811.48,910.17,Debit Card,Delivered
4376,624,23,2025-02-13,3,5380.88,0.0,16142.64,3919.63,Net Banking,Delivered
4377,237,60,2024-02-08,3,38860.34,25.0,87435.76,33254.15,UPI,Delivered
4378,206,73,2024-12-02,5,2450.92,15.0,10416.41,1856.78,UPI,Shipped
4379,844,21,2024-05-13,2,727.97,15.0,1237.55,305.36,Wallet,Delivered
4380,1175,94,2025-02-03,3,4986.96,0.0,14960.88,2367.25,Wallet,Delivered
4381,125,72,2024-04-14,3,4148.6,25.0,9334.35,1656.33,UPI,Shipped
4382,200,37,2024-01-16,4,16932.2,15.0,57569.48,15488.41,Credit Card,Delivered
4383,1001,28,2024-07-25,1,4976.19,5.0,4727.38,1942.63,Net Banking,Processing
4384,314,54,2024-07-29,4,3017.65,5.0,11467.07,3467.77,Wallet,Delivered
4385,1120,2,2024-07-19,4,19784.61,10.0,71224.6,24677.72,Cash on Delivery,Processing
4386,490,36,2024-10-19,4,9396.66,10.0,33827.98,9375.8,UPI,Returned
4387,1096,15,2025-04-15,2,27037.12,15.0,45963.1,7657.77,UPI,Processing
4388,131,23,2025-06-12,2,5380.88,20.0,8609.41,2389.44,Credit Card,Delivered
4389,711,29,2024-04-23,2,1126.75,10.0,2028.15,458.55,Debit Card,Processing
4390,793,8,2025-01-08,3,2763.21,0.0,8289.63,1754.77,Debit Card,Delivered
4391,209,31,2024-06-30,4,7500.95,20.0,24003.04,10308.01,UPI,Delivered
4392,730,31,2025-07-07,5,7500.95,20.0,30003.8,12927.82,Cash on Delivery,Delivered
4393,964,25,2025-10-11,3,2695.33,30.0,5660.19,2393.46,Credit Card,Delivered
4394,713,30,2025-01-07,1,23124.95,10.0,20812.46,5372.01,Net Banking,Returned
4395,735,81,2025-04-13,5,11328.45,5.0,53810.14,8180.82,Cash on Delivery,Delivered
4396,367,96,2024-11-14,2,18704.42,20.0,29927.07,12686.61,Credit Card,Delivered
4397,93,29,2025-02-08,2,1126.75,25.0,1690.12,499.18,Wallet,Shipped
4398,391,51,2025-09-15,1,3311.31,5.0,3145.74,477.21,Debit Card,Delivered
4399,436,21,2025-06-21,1,727.97,5.0,691.57,115.55,UPI,Delivered
4400,1136,4,2025-05-20,3,7110.01,15.0,18130.53,4530.92,Cash on Delivery,Returned
4401,588,18,2025-12-14,1,28107.47,20.0,22485.98,5374.18,Debit Card,
4402,224,98,2025-05-15,3,7242.33,25.0,16295.24,3240.37,Debit Card,Delivered
4403,724,67,2024-01-18,4,18767.35,0.0,75069.4,24196.55,Credit Card,Cancelled
4404,528,61,2025-10-09,5,3726.63,25.0,13974.86,3724.23,UPI,Delivered
4405,678,39,2025-07-19,5,25526.93,10.0,114871.18,28380.77,Debit Card,Delivered
4406,679,10,2024-12-17,5,46405.07,25.0,174019.01,56704.99,Debit Card,Delivered
4407,442,42,2024-09-13,4,1050.19,15.0,3570.65,822.57,Credit Card,Delivered
4408,288,88,2025-09-23,3,2398.33,15.0,6115.74,1506.66,Net Banking,Shipped
4409,123,36,2025-02-20,4,9396.66,10.0,33827.98,11254.99,UPI,Delivered
4410,571,25,2024-01-19,4,2695.33,15.0,9164.12,3745.62,Cash on Delivery,Delivered
4411,987,62,2024-03-22,3,385.07,20.0,924.17,280.24,Cash on Delivery,Delivered
4412,1014,26,2025-03-24,1,56093.06,10.0,50483.75,8426.11,Debit Card,Cancelled
4413,1073,19,2024-10-14,1,3365.11,25.0,2523.83,1007.54,Credit Card,Delivered
4414,1114,5,2024-10-27,3,18086.09,15.0,46119.53,18142.46,UPI,Delivered
4415,384,92,2025-07-29,2,1199.49,15.0,2039.13,794.04,Credit Card,Delivered
4416,732,47,2025-05-13,3,3006.6,25.0,6764.85,1179.94,Cash on Delivery,Delivered
4417,1077,13,2024-07-25,1,6497.88,20.0,5198.3,2047.78,Debit Card,Returned
4418,961,6,2024-04-18,2,8514.19,15.0,14474.12,4643.81,Credit Card,Delivered
4419,550,22,2025-08-04,5,29648.84,20.0,118595.36,47893.49,Debit Card,Processing
4420,6,67,2024-01-12,3,18767.35,15.0,47856.74,8182.27,Wallet,Processing
4421,630,90,2024-07-29,4,12971.56,15.0,44103.3,17556.73,Wallet,Delivered
4422,874,67,2024-11-28,4,18767.35,5.0,71315.93,23439.54,Net Banking,Delivered
4423,1034,41,2024-06-01,3,4360.17,25.0,9810.38,2863.12,Cash on Delivery,Returned
4424,1091,84,2024-02-05,1,4924.84,10.0,4432.36,862.55,Net Banking,Delivered
4425,266,8,2025-05-20,2,2763.21,20.0,4421.14,1883.91,UPI,Cancelled
4426,455,17,2024-01-22,1,41583.23,20.0,33266.58,11769.02,Cash on Delivery,Delivered
4427,474,11,2024-11-05,5,11133.39,20.0,44533.56,15016.83,Cash on Delivery,Delivered
4428,1001,70,2024-04-02,2,2491.61,20.0,3986.58,1304.93,Credit Card,Shipped
4429,638,24,2024-12-17,4,11430.81,20.0,36578.59,11925.45,Cash on Delivery,Shipped
4430,252,28,2024-07-06,1,4976.19,15.0,4229.76,1252.55,UPI,Processing
4431,814,30,2025-06-21,2,23124.95,15.0,39312.42,9422.48,Wallet,Delivered
4432,497,57,2024-03-31,5,1664.71,30.0,5826.48,2423.18,Debit Card,Delivered
4433,425,2,2025-02-16,2,19784.61,20.0,31655.38,8858.81,Cash on Delivery,Delivered
4434,98,1,2024-02-27,2,309.05,20.0,494.48,184.21,Debit Card,Delivered
4435,935,51,2025-07-01,5,3311.31,5.0,15728.72,4480.71,Credit Card,Delivered
4436,37,47,2024-06-10,2,3006.6,0.0,6013.2,1001.07,Cash on Delivery,Delivered
4437,943,84,2024-07-26,2,4924.84,10.0,8864.71,2055.68,Credit Card,Delivered
4438,456,56,2025-08-14,4,1831.05,25.0,5493.15,2329.39,,Shipped
4439,336,61,2024-03-19,4,3726.63,15.0,12670.54,2950.32,UPI,Delivered
4440,1013,97,2024-03-17,3,1127.53,5.0,3213.46,813.69,UPI,Delivered
4441,313,35,2025-11-01,5,13294.83,25.0,49855.61,14375.0,Credit Card,Delivered
4442,551,35,2024-12-02,1,13294.83,0.0,13294.83,2957.13,Debit Card,Delivered
4443,905,23,2025-04-10,4,5380.88,10.0,19371.17,6893.83,Net Banking,Delivered
4444,277,45,2025-01-02,5,2560.89,0.0,12804.45,2641.28,Debit Card,Processing
4445,408,50,2025-10-11,5,12152.7,15.0,51648.97,20624.94,Net Banking,Delivered
4446,622,23,2024-11-26,5,5380.88,10.0,24213.96,9328.02,Wallet,Delivered
4447,557,89,2025-11-09,1,3476.46,25.0,2607.35,1124.99,Debit Card,Delivered
4448,904,29,2024-07-01,5,1126.75,5.0,5352.06,2302.08,,Delivered
4449,489,59,2025-05-25,3,25615.37,10.0,69161.5,17016.18,Cash on Delivery,Returned
4450,924,92,2024-11-17,2,1199.49,30.0,1679.29,281.04,Debit Card,Cancelled
4451,1117,61,2024-03-19,4,3726.63,25.0,11179.89,3421.65,Debit Card,Returned
4452,257,27,2025-09-07,1,52193.82,0.0,52193.82,9674.89,UPI,Delivered
4453,49,70,2024-08-21,1,2491.61,5.0,2367.03,534.45,Wallet,Delivered
4454,1176,18,2024-02-01,1,28107.47,,26702.1,4523.82,Credit Card,Delivered
4455,362,95,2024-09-11,5,10524.46,10.0,47360.07,20958.82,Cash on Delivery,Delivered
4456,1168,5,2025-09-17,2,18086.09,10.0,32554.96,10662.07,Debit Card,Delivered
4457,962,69,2025-08-05,3,23193.07,5.0,66100.25,19284.72,Debit Card,Cancelled
4458,486,65,2025-10-14,5,21959.36,30.0,76857.76,25936.56,Net Banking,Delivered
4459,798,5,2025-06-10,5,18086.09,10.0,81387.4,15619.7,UPI,Delivered
4460,551,1,2025-01-21,4,309.05,10.0,1112.58,220.95,Net Banking,Shipped
4461,750,37,2024-09-23,4,16932.2,10.0,60955.92,12095.83,UPI,Shipped
4462,337,23,2024-10-30,1,5380.88,15.0,4573.75,1532.59,UPI,Shipped
4463,857,54,2024-03-08,1,3017.65,5.0,2866.77,687.66,Credit Card,Delivered
4464,562,38,2024-01-02,4,2438.66,15.0,8291.44,1524.83,Credit Card,Delivered
4465,964,55,2025-02-11,3,3119.28,20.0,7486.27,1576.31,UPI,Shipped
4466,265,37,2024-06-27,3,16932.2,0.0,50796.6,22149.22,UPI,Delivered
4467,908,13,2025-10-27,1,6497.88,5.0,6172.99,2707.1,Cash on Delivery,Processing
4468,413,27,2025-02-08,2,52193.82,10.0,93948.88,30162.25,UPI,Delivered
4469,649,38,2025-12-26,2,2438.66,15.0,4145.72,998.34,Net Banking,Delivered
4470,575,60,2024-02-10,4,38860.34,20.0,124353.09,31442.21,Wallet,Cancelled
4471,109,55,2024-12-21,1,3119.28,20.0,2495.42,1001.46,UPI,Delivered
4472,800,3,2024-01-21,1,4826.77,10.0,4344.09,1180.02,UPI,Delivered
4473,751,11,2025-03-14,2,11133.39,20.0,17813.42,3826.29,Debit Card,Delivered
4474,821,67,2024-11-19,4,18767.35,5.0,71315.93,31753.26,Credit Card,Cancelled
4475,434,50,2025-09-17,1,12152.7,15.0,10329.8,3847.88,Net Banking,Shipped
4476,513,40,2025-08-14,2,2090.32,25.0,3135.48,1190.15,Cash on Delivery,Shipped
4477,516,89,2024-04-23,2,3476.46,20.0,5562.34,934.11,Debit Card,Delivered
4478,773,70,2024-07-09,1,2491.61,25.0,1868.71,827.6,Cash on Delivery,Delivered
4479,767,24,2025-12-17,3,11430.81,20.0,27433.94,8207.09,Credit Card,Shipped
4480,622,24,2025-01-11,5,11430.81,0.0,57154.05,25328.37,Cash on Delivery,Processing
4481,122,48,2024-02-21,2,1050.32,10.0,1890.58,482.04,Wallet,Delivered
4482,147,9,2024-03-21,2,26733.44,15.0,45446.85,9395.78,Wallet,Shipped
4483,372,82,2024-01-24,2,16836.84,5.0,31990.0,5838.77,UPI,Cancelled
4484,1062,1,2025-12-24,3,309.05,15.0,788.08,166.13,Net Banking,Delivered
4485,704,79,2024-01-12,5,1836.83,15.0,7806.53,2604.45,UPI,Cancelled
4486,788,23,2024-04-25,4,5380.88,20.0,17218.82,3444.36,Credit Card,Shipped
4487,693,60,2024-08-10,1,38860.34,10.0,34974.31,6398.47,UPI,Delivered
4488,434,73,2024-09-18,1,2450.92,10.0,2205.83,480.85,Debit Card,Delivered
4489,124,61,2025-10-19,3,3726.63,25.0,8384.92,3323.57,UPI,Delivered
4490,148,22,2025-12-13,4,29648.84,15.0,100806.06,33558.3,Cash on Delivery,Delivered
4491,275,96,2025-02-18,3,18704.42,20.0,44890.61,9286.46,UPI,Delivered
4492,790,23,2024-07-29,4,5380.88,30.0,15066.46,3007.33,UPI,Delivered
4493,153,90,2025-07-17,1,12971.56,0.0,12971.56,5310.71,Cash on Delivery,Delivered
4494,1061,17,2024-02-19,5,41583.23,10.0,187124.54,56337.7,Credit Card,Delivered
4495,466,81,2024-03-27,5,11328.45,10.0,50978.03,8700.61,Cash on Delivery,Cancelled
4496,982,71,2024-02-13,3,4556.8,15.0,11619.84,5095.56,Wallet,Processing
4497,326,25,2025-01-13,4,2695.33,15.0,9164.12,2770.32,UPI,Cancelled
4498,29,46,2024-04-17,5,1075.79,20.0,4303.16,1846.61,Cash on Delivery,Delivered
4499,1013,97,2025-05-30,5,1127.53,5.0,5355.77,2131.84,Cash on Delivery,Processing
4500,185,93,2024-04-27,1,2525.17,10.0,2272.65,363.47,UPI,Delivered
4501,564,73,2024-09-03,1,2450.92,15.0,2083.28,574.26,Credit Card,Shipped
4502,1086,84,2024-03-29,4,4924.84,0.0,19699.36,7440.47,Debit Card,Returned
4503,1076,46,2024-01-01,5,1075.79,0.0,5378.95,1000.39,Wallet,Shipped
4504,1068,62,2024-03-25,4,385.07,25.0,1155.21,450.17,Wallet,Returned
4505,632,89,2025-05-13,2,3476.46,10.0,6257.63,2183.89,Credit Card,Cancelled
4506,598,1,2025-10-01,2,309.05,15.0,525.38,152.25,Credit Card,Delivered
4507,1105,72,2024-06-08,4,4148.6,10.0,14934.96,5160.75,Credit Card,Delivered
4508,1067,11,2024-11-20,4,11133.39,25.0,33400.17,8026.43,Wallet,Delivered
4509,859,63,2024-11-26,4,23080.16,10.0,83088.58,36489.55,Credit Card,Delivered
4510,440,94,2025-11-25,3,4986.96,0.0,14960.88,5379.53,Cash on Delivery,Delivered
4511,163,46,2024-10-20,1,1075.79,30.0,753.05,134.64,Wallet,Delivered
4512,1109,55,2025-09-01,2,3119.28,15.0,5302.78,2263.54,Cash on Delivery,Delivered
4513,773,24,2025-10-02,5,11430.81,15.0,48580.94,7534.45,UPI,Delivered
4514,680,50,2024-12-15,1,12152.7,25.0,9114.53,3340.2,UPI,Delivered
4515,80,52,2024-11-19,5,2413.75,15.0,10258.44,4498.68,Cash on Delivery,Delivered
4516,892,70,2025-03-17,3,2491.61,5.0,7101.09,2244.14,Net Banking,Delivered
4517,536,29,2025-11-16,4,1126.75,10.0,4056.3,1767.37,UPI,Shipped
4518,810,18,2025-09-22,2,28107.47,15.0,47782.7,15662.8,Wallet,Delivered
4519,90,80,2024-09-18,3,4440.36,,9324.76,2412.74,Net Banking,Processing
4520,370,10,2024-04-20,1,46405.07,10.0,41764.56,10210.84,Wallet,Shipped
4521,859,10,2025-05-11,4,46405.07,10.0,167058.25,56072.39,Wallet,Processing
4522,116,69,2025-09-20,1,23193.07,20.0,18554.46,3350.94,UPI,Delivered
4523,356,100,2025-01-12,1,4404.3,25.0,3303.23,933.2,Cash on Delivery,Delivered
4524,1149,92,2024-09-20,4,1199.49,20.0,3838.37,1035.76,Wallet,Shipped
4525,482,69,2024-02-29,1,23193.07,0.0,23193.07,9175.71,Debit Card,Processing
4526,213,1,2024-10-15,5,309.05,0.0,1545.25,291.78,Debit Card,Delivered
4527,882,9,2024-08-07,5,26733.44,5.0,126983.84,26919.64,Debit Card,Processing
4528,421,5,2024-02-06,1,18086.09,15.0,15373.18,4032.21,Debit Card,Processing
4529,372,25,2025-09-20,4,2695.33,5.0,10242.25,2165.72,Net Banking,Delivered
4530,1120,46,2024-02-28,1,1075.79,25.0,806.84,206.18,Cash on Delivery,Delivered
4531,384,77,2025-08-30,2,1568.22,30.0,2195.51,429.45,UPI,Cancelled
4532,1065,35,2025-11-12,3,13294.83,25.0,29913.37,11230.05,UPI,Delivered
4533,767,38,2024-06-08,2,2438.66,10.0,4389.59,1309.61,Cash on Delivery,Delivered
4534,179,93,2024-09-11,5,2525.17,15.0,10731.97,2523.81,Cash on Delivery,Processing
4535,281,67,2025-02-27,2,18767.35,15.0,31904.49,9891.27,UPI,Cancelled
4536,89,44,2024-03-07,1,4408.77,0.0,4408.77,1018.85,Wallet,Delivered
4537,836,91,2025-10-20,5,952.87,0.0,4764.35,2112.58,Net Banking,
4538,724,53,2024-01-11,2,328.56,15.0,558.55,249.53,Wallet,Delivered
4539,857,16,2025-08-29,5,1240.5,0.0,6202.5,2100.94,Cash on Delivery,Returned
4540,286,25,2024-02-27,5,2695.33,15.0,11455.15,2348.91,Cash on Delivery,Delivered
4541,18,86,2025-08-18,5,1823.21,5.0,8660.25,3266.44,Debit Card,Delivered
4542,1157,74,2025-09-02,3,7241.27,10.0,19551.43,7749.49,Wallet,Delivered
4543,870,60,2024-11-18,3,38860.34,20.0,93264.82,26613.8,Cash on Delivery,Delivered
4544,967,9,2024-11-16,1,26733.44,5.0,25396.77,8902.78,UPI,Cancelled
4545,205,39,2025-01-06,2,25526.93,20.0,40843.09,9759.81,UPI,Delivered
4546,578,47,2024-08-08,4,3006.6,10.0,10823.76,4324.35,Credit Card,Shipped
4547,924,90,2025-12-28,2,12971.56,5.0,24645.96,4449.93,Cash on Delivery,Shipped
4548,682,47,2025-10-11,3,3006.6,20.0,7215.84,2409.48,Net Banking,Returned
4549,132,71,2025-12-03,1,4556.8,15.0,3873.28,1632.99,Cash on Delivery,Delivered
4550,627,94,2025-04-03,3,4986.96,15.0,12716.75,3246.77,Debit Card,Delivered
4551,902,32,2024-01-26,3,5563.34,15.0,14186.52,2452.94,Net Banking,Delivered
4552,423,75,2025-11-05,1,72689.52,,65420.57,21300.16,Cash on Delivery,Cancelled
4553,392,44,2025-03-03,2,4408.77,15.0,7494.91,2954.5,UPI,Returned
4554,699,66,2025-12-09,5,4204.22,25.0,15765.83,3239.15,Net Banking,Returned
4555,516,88,2024-10-01,5,2398.33,5.0,11392.07,4586.38,Debit Card,Shipped
4556,53,75,2025-11-13,5,72689.52,,272585.7,54707.09,Wallet,Delivered
4557,1097,46,2025-03-19,4,1075.79,0.0,4303.16,910.99,Net Banking,Delivered
4558,789,74,2025-04-09,1,7241.27,20.0,5793.02,1151.4,Net Banking,Delivered
4559,1112,82,2024-09-03,1,16836.84,10.0,15153.16,4579.37,Wallet,Cancelled
4560,966,47,2024-01-13,5,3006.6,25.0,11274.75,1845.77,Cash on Delivery,Delivered
4561,670,18,2025-05-13,3,28107.47,25.0,63241.81,22470.82,UPI,Returned
4562,607,82,2024-11-29,3,16836.84,30.0,35357.36,12015.23,Net Banking,Delivered
4563,169,29,2024-08-19,4,1126.75,5.0,4281.65,1715.42,Wallet,Delivered
4564,313,28,2025-09-09,1,4976.19,20.0,3980.95,647.83,Net Banking,Shipped
4565,594,65,2024-05-31,1,21959.36,10.0,19763.42,7304.27,Net Banking,Returned
4566,615,84,2024-08-22,2,4924.84,20.0,7879.74,1204.22,UPI,Processing
4567,358,14,2025-01-09,3,34858.1,10.0,94116.87,24467.58,UPI,Processing
4568,803,50,2024-06-24,1,12152.7,5.0,11545.07,4765.46,Wallet,Processing
4569,964,47,2024-05-01,3,3006.6,10.0,8117.82,3539.99,Net Banking,Processing
4570,233,61,2024-06-13,4,3726.63,20.0,11925.22,2330.46,Wallet,Cancelled
4571,919,72,2024-06-15,3,4148.6,25.0,9334.35,3006.05,Net Banking,Delivered
4572,115,66,2024-03-18,3,4204.22,30.0,8828.86,2184.59,Net Banking,Delivered
4573,610,14,2024-03-28,2,34858.1,5.0,66230.39,18484.37,UPI,Shipped
4574,940,15,2025-03-27,1,27037.12,5.0,25685.26,6643.91,Debit Card,Delivered
4575,147,31,2024-06-07,4,7500.95,10.0,27003.42,10787.89,Cash on Delivery,Delivered
4576,581,9,2025-06-20,4,26733.44,25.0,80200.32,24990.11,UPI,Delivered
4577,719,14,2025-10-26,5,34858.1,15.0,148146.92,32508.83,Debit Card,Delivered
4578,1060,73,2025-02-03,1,2450.92,25.0,1838.19,595.52,Net Banking,Returned
4579,876,61,2025-11-13,5,3726.63,0.0,18633.15,5794.86,Debit Card,Cancelled
4580,216,60,2024-06-20,1,38860.34,0.0,38860.34,15145.69,Cash on Delivery,Delivered
4581,237,79,2025-08-26,2,1836.83,20.0,2938.93,627.22,Net Banking,Shipped
4582,1191,3,2025-04-10,2,4826.77,0.0,9653.54,2857.77,Net Banking,Cancelled
4583,1126,3,2024-03-28,1,4826.77,15.0,4102.75,803.71,Credit Card,Cancelled
4584,369,25,2024-09-03,2,2695.33,30.0,3773.46,1225.33,Debit Card,Delivered
4585,938,94,2024-11-15,2,4986.96,0.0,9973.92,1621.67,Wallet,Returned
4586,672,96,2025-09-25,4,18704.42,15.0,63595.03,19455.3,Net Banking,Delivered
4587,100,46,2024-05-31,5,1075.79,30.0,3765.26,609.59,UPI,Delivered
4588,1155,83,2025-01-12,3,54575.66,15.0,139167.93,23136.52,Credit Card,Cancelled
4589,54,87,2025-09-24,2,1767.23,15.0,3004.29,1097.82,Wallet,Delivered
4590,665,15,2025-08-14,3,27037.12,20.0,64889.09,12212.12,Debit Card,Delivered
4591,798,63,2024-08-09,5,23080.16,30.0,80780.56,32399.47,UPI,Delivered
4592,818,17,2024-07-27,1,41583.23,15.0,35345.75,12363.01,UPI,Shipped
4593,118,29,2024-05-27,1,1126.75,20.0,901.4,362.0,Cash on Delivery,Delivered
4594,304,92,2024-09-07,4,1199.49,20.0,3838.37,978.53,Debit Card,Delivered
4595,1081,19,2024-05-19,5,3365.11,5.0,15984.27,6144.28,Cash on Delivery,Processing
4596,5,21,2025-06-23,3,727.97,0.0,2183.91,468.07,Debit Card,Delivered
4597,509,47,2025-07-18,5,3006.6,5.0,14281.35,4799.95,Wallet,Shipped
4598,794,44,2024-12-04,4,4408.77,10.0,15871.57,4827.98,Debit Card,Delivered
4599,144,26,2024-09-17,2,56093.06,15.0,95358.2,31979.11,Credit Card,Shipped
4600,703,44,2025-12-29,3,4408.77,20.0,10581.05,4450.29,Net Banking,Processing
4601,483,51,2024-01-09,5,3311.31,30.0,11589.58,4414.36,Credit Card,Shipped
4602,1115,7,2025-06-24,3,4635.61,10.0,12516.15,2628.26,Debit Card,Delivered
4603,1193,55,2024-11-10,1,3119.28,5.0,2963.32,688.79,Debit Card,Cancelled
4604,906,33,2025-06-06,3,4963.0,30.0,10422.3,3009.72,Cash on Delivery,Shipped
4605,666,87,2025-12-09,4,1767.23,20.0,5655.14,1634.18,Wallet,Shipped
4606,634,9,2025-05-27,3,26733.44,5.0,76190.3,28607.67,Net Banking,Delivered
4607,855,21,2024-09-21,3,727.97,5.0,2074.71,842.6,Net Banking,Delivered
4608,1012,50,2025-07-24,5,12152.7,10.0,54687.15,24319.15,UPI,Delivered
4609,1144,4,2024-07-13,3,7110.01,0.0,21330.03,4489.71,Credit Card,Delivered
4610,620,1,2025-09-05,5,309.05,10.0,1390.73,388.87,Net Banking,Shipped
4611,1109,56,2025-09-11,5,1831.05,10.0,8239.73,2694.52,Cash on Delivery,Shipped
4612,1031,54,2025-12-07,2,3017.65,15.0,5130.01,1331.67,Cash on Delivery,Delivered
4613,136,13,2024-05-09,3,6497.88,10.0,17544.28,4326.0,Cash on Delivery,Returned
4614,804,30,2024-02-28,5,23124.95,10.0,104062.28,30362.09,Debit Card,Delivered
4615,1137,50,2025-12-23,4,12152.7,10.0,43749.72,11150.38,Cash on Delivery,Delivered
4616,319,91,2025-10-25,2,952.87,10.0,1715.17,290.35,UPI,Delivered
4617,732,40,2024-05-07,3,2090.32,15.0,5330.32,1420.36,Cash on Delivery,Returned
4618,753,50,2024-10-14,3,12152.7,30.0,25520.67,10503.14,Debit Card,Returned
4619,674,95,2025-12-10,5,10524.46,0.0,52622.3,14562.17,Cash on Delivery,Delivered
4620,1006,94,2025-03-07,4,4986.96,5.0,18950.45,3682.51,Credit Card,Returned
4621,1093,7,2024-06-10,1,4635.61,15.0,3940.27,1671.09,Net Banking,Shipped
4622,758,60,2024-10-30,1,38860.34,0.0,38860.34,13975.31,Cash on Delivery,Processing
4623,1121,9,2024-06-23,2,26733.44,15.0,45446.85,17078.13,UPI,Processing
4624,578,48,2024-07-16,1,1050.32,0.0,1050.32,249.44,Debit Card,Delivered
4625,429,87,2025-06-13,1,1767.23,20.0,1413.78,291.04,Net Banking,Shipped
4626,932,44,2024-06-22,5,4408.77,10.0,19839.47,7493.14,Debit Card,Delivered
4627,445,70,2025-04-12,3,2491.61,30.0,5232.38,1242.02,UPI,Delivered
4628,532,85,2025-03-02,3,2785.07,5.0,7937.45,2331.12,Debit Card,Shipped
4629,1082,36,2025-02-26,2,9396.66,5.0,17853.65,6090.84,Cash on Delivery,Processing
4630,294,56,2025-04-11,4,1831.05,30.0,5126.94,1314.03,Credit Card,Delivered
4631,1144,83,2024-06-11,4,54575.66,15.0,185557.24,70504.51,UPI,Delivered
4632,974,97,2024-11-01,5,1127.53,20.0,4510.12,1177.29,Cash on Delivery,Delivered
4633,229,34,2025-02-03,5,6016.67,20.0,24066.68,4977.5,Cash on Delivery,Returned
4634,76,64,2024-06-16,5,5281.37,25.0,19805.14,6498.74,Credit Card,Shipped
4635,272,56,2024-02-10,5,1831.05,5.0,8697.49,3658.71,UPI,Processing
4636,759,34,2025-11-05,3,6016.67,20.0,14440.01,4805.12,Debit Card,Delivered
4637,478,3,2025-10-01,2,4826.77,5.0,9170.86,3387.87,Credit Card,Cancelled
4638,347,79,2024-05-28,4,1836.83,25.0,5510.49,1713.03,Cash on Delivery,Shipped
4639,154,32,2025-05-28,1,5563.34,20.0,4450.67,1193.12,Debit Card,Cancelled
4640,554,73,2025-06-15,4,2450.92,0.0,9803.68,1835.0,Debit Card,Returned
4641,629,64,2024-02-26,4,5281.37,15.0,17956.66,6805.7,Debit Card,Shipped
4642,1095,41,2025-02-04,2,4360.17,15.0,7412.29,3205.7,Cash on Delivery,Shipped
4643,102,1,2024-04-30,2,309.05,5.0,587.2,204.32,Net Banking,Delivered
4644,1090,9,2024-09-18,5,26733.44,25.0,100250.4,22973.51,Cash on Delivery,Returned
4645,854,70,2024-06-12,4,2491.61,10.0,8969.8,3223.6,UPI,Processing
4646,555,66,2025-04-20,4,4204.22,15.0,14294.35,3288.69,Cash on Delivery,Delivered
4647,577,33,2024-05-25,3,4963.0,0.0,14889.0,2625.09,Cash on Delivery,Delivered
4648,288,85,2025-04-30,2,2785.07,15.0,4734.62,1776.94,Credit Card,Delivered
4649,215,74,2025-02-16,2,7241.27,15.0,12310.16,4741.41,Cash on Delivery,Delivered
4650,663,27,2024-02-07,2,52193.82,15.0,88729.49,15243.55,Cash on Delivery,Processing
4651,880,58,2024-01-07,1,3255.82,20.0,2604.66,743.07,Wallet,Delivered
4652,1003,7,2024-01-02,2,4635.61,20.0,7416.98,3116.46,Cash on Delivery,Shipped
4653,54,53,2025-11-14,3,328.56,25.0,739.26,277.32,Credit Card,Delivered
4654,16,8,2025-10-30,5,2763.21,20.0,11052.84,2355.3,Credit Card,Processing
4655,671,2,2025-03-29,1,19784.61,30.0,13849.23,4040.82,Debit Card,Delivered
4656,77,3,2025-08-15,2,4826.77,15.0,8205.51,2777.45,Wallet,Shipped
4657,728,3,2024-08-24,5,4826.77,5.0,22927.16,9004.12,Wallet,Delivered
4658,373,89,2024-10-11,4,3476.46,15.0,11819.96,2950.34,Cash on Delivery,Delivered
4659,235,40,2025-05-21,3,2090.32,15.0,5330.32,2100.58,Debit Card,Delivered
4660,970,93,2024-03-12,1,2525.17,15.0,2146.39,916.24,Credit Card,Delivered
4661,1110,48,2024-05-22,2,1050.32,5.0,1995.61,505.33,Debit Card,Delivered
4662,770,74,2024-06-16,1,7241.27,30.0,5068.89,1112.23,Debit Card,Delivered
4663,215,97,2024-11-30,3,1127.53,10.0,3044.33,507.53,UPI,Delivered
4664,884,92,2025-03-15,3,1199.49,5.0,3418.55,1182.35,Wallet,Delivered
4665,203,99,2024-05-24,1,2129.54,0.0,2129.54,680.15,Wallet,Shipped
4666,204,70,2024-09-20,5,2491.61,20.0,9966.44,3077.22,Wallet,Processing
4667,20,11,2024-12-12,3,11133.39,15.0,28390.14,10680.19,Debit Card,Delivered
4668,60,57,2025-01-10,4,1664.71,5.0,6325.9,2505.73,Net Banking,Returned
4669,215,12,2024-08-09,5,2947.1,20.0,11788.4,3079.17,Cash on Delivery,Cancelled
4670,408,14,2025-10-27,3,34858.1,20.0,83659.44,25269.64,Cash on Delivery,Delivered
4671,1111,100,2025-04-20,1,4404.3,15.0,3743.66,1272.32,Wallet,Shipped
4672,932,85,2025-04-04,2,2785.07,5.0,5291.63,2231.76,UPI,Returned
4673,481,13,2025-09-29,5,6497.88,0.0,32489.4,6216.23,Wallet,Processing
4674,690,17,2025-04-08,4,41583.23,20.0,133066.34,49493.21,Cash on Delivery,Returned
4675,1012,65,2024-08-23,2,21959.36,10.0,39526.85,11466.13,Debit Card,Processing
4676,1059,65,2024-08-08,5,21959.36,0.0,109796.8,38451.68,Cash on Delivery,Processing
4677,146,16,2025-05-08,2,1240.5,0.0,2481.0,1099.23,Wallet,Delivered
4678,176,23,2024-12-23,4,5380.88,0.0,21523.52,4069.0,Wallet,Shipped
4679,513,17,2024-02-15,2,41583.23,5.0,79008.14,16845.36,Net Banking,Delivered
4680,871,66,2024-02-09,3,4204.22,15.0,10720.76,4533.68,Credit Card,Delivered
4681,77,62,2024-02-25,4,385.07,5.0,1463.27,456.67,Credit Card,Processing
4682,557,76,2024-12-08,1,1202.91,5.0,1142.76,276.16,Debit Card,Shipped
4683,310,72,2025-12-29,4,4148.6,25.0,12445.8,2324.83,Credit Card,Delivered
4684,370,56,2025-11-08,2,1831.05,30.0,2563.47,771.38,Cash on Delivery,Returned
4685,504,13,2025-02-16,3,6497.88,15.0,16569.59,7443.17,,Delivered
4686,232,24,2024-02-14,2,11430.81,30.0,16003.13,2920.17,Wallet,Returned
4687,662,84,2024-01-28,5,4924.84,5.0,23392.99,8724.06,UPI,Delivered
4688,1035,32,2025-06-08,2,5563.34,10.0,10014.01,3650.6,Net Banking,Shipped
4689,987,54,2025-11-07,2,3017.65,15.0,5130.01,1662.22,Wallet,Shipped
4690,571,17,2024-11-30,2,41583.23,15.0,70691.49,11413.36,Wallet,Processing
4691,141,90,2024-05-31,4,12971.56,15.0,44103.3,12798.77,UPI,Delivered
4692,662,50,2024-06-05,1,12152.7,20.0,9722.16,4010.79,UPI,Delivered
4693,281,14,2024-06-30,1,34858.1,15.0,29629.38,5572.43,Cash on Delivery,Cancelled
4694,428,36,2024-01-08,3,9396.66,5.0,26780.48,9514.19,Debit Card,Delivered
4695,635,4,2025-09-15,4,7110.01,15.0,24174.03,9367.42,UPI,Shipped
4696,1082,30,2024-09-02,4,23124.95,10.0,83249.82,16718.27,Debit Card,Delivered
4697,718,14,2025-03-01,2,34858.1,10.0,62744.58,20646.36,Debit Card,Returned
4698,712,89,2024-07-10,4,3476.46,0.0,13905.84,4703.43,Credit Card,Shipped
4699,441,97,2024-07-14,4,1127.53,0.0,4510.12,825.3,Debit Card,Delivered
4700,1007,76,2025-11-14,1,1202.91,20.0,962.33,300.49,Cash on Delivery,Delivered
4701,609,80,2025-01-14,3,4440.36,30.0,9324.76,3767.2,Credit Card,Shipped
4702,427,100,2025-02-22,5,4404.3,20.0,17617.2,4051.86,Debit Card,Delivered
4703,303,32,2025-09-19,4,5563.34,15.0,18915.36,3985.53,Wallet,Delivered
4704,785,21,2024-01-14,5,727.97,10.0,3275.87,883.13,Credit Card,Processing
4705,190,96,2025-09-17,3,18704.42,20.0,44890.61,11831.71,Credit Card,Shipped
4706,517,34,2024-10-19,5,6016.67,25.0,22562.51,6336.5,Debit Card,Delivered
4707,1032,53,2025-02-18,5,328.56,0.0,1642.8,260.62,Credit Card,Delivered
4708,1186,96,2024-08-31,4,18704.42,0.0,74817.68,24957.04,UPI,Processing
4709,1070,95,2025-03-31,1,10524.46,15.0,8945.79,2679.11,Wallet,Delivered
4710,457,69,2025-11-07,5,23193.07,5.0,110167.08,27582.0,Debit Card,Delivered
4711,555,95,2025-08-23,5,10524.46,0.0,52622.3,14983.36,Debit Card,Delivered
4712,957,65,2024-12-15,4,21959.36,5.0,83445.57,24375.03,Wallet,Delivered
4713,534,31,2024-03-05,5,7500.95,20.0,30003.8,7992.98,Wallet,Cancelled
4714,137,19,2024-08-05,4,3365.11,5.0,12787.42,3756.68,Net Banking,Delivered
4715,797,35,2024-01-22,3,13294.83,10.0,35896.04,8642.02,Net Banking,Cancelled
4716,653,6,2024-02-06,4,8514.19,5.0,32353.92,13408.34,UPI,Delivered
4717,454,21,2024-02-15,1,727.97,10.0,655.17,194.74,Wallet,Delivered
4718,858,77,2025-12-04,3,1568.22,15.0,3998.96,1495.79,Credit Card,Processing
4719,1023,19,2025-06-12,5,3365.11,20.0,13460.44,3808.5,Net Banking,Delivered
4720,639,78,2024-01-16,3,2305.12,20.0,5532.29,2265.71,Wallet,Delivered
4721,559,31,2025-10-15,4,7500.95,15.0,25503.23,6471.11,UPI,Cancelled
4722,8,6,2024-05-01,1,8514.19,30.0,5959.93,1371.57,Credit Card,Delivered
4723,754,87,2025-08-23,1,1767.23,0.0,1767.23,712.99,Wallet,Shipped
4724,318,87,2025-01-24,5,1767.23,20.0,7068.92,2508.42,Debit Card,Delivered
4725,600,40,2024-06-01,4,2090.32,15.0,7107.09,1114.79,UPI,Processing
4726,1028,78,2025-07-19,3,2305.12,25.0,5186.52,1416.12,Net Banking,Delivered
4727,1156,20,2025-10-09,5,580.65,10.0,2612.93,555.84,Net Banking,Delivered
4728,1180,69,2024-09-06,2,23193.07,15.0,39428.22,10006.66,Credit Card,Delivered
4729,379,49,2024-04-08,3,2372.32,10.0,6405.26,2837.19,UPI,Processing
4730,259,1,2024-07-22,1,309.05,10.0,278.15,68.22,UPI,Processing
4731,299,42,2024-10-03,3,1050.19,20.0,2520.46,461.82,Wallet,Shipped
4732,768,96,2024-03-13,1,18704.42,25.0,14028.31,5636.35,Debit Card,Delivered
4733,21,68,2025-10-03,5,3680.19,0.0,18400.95,3475.06,Cash on Delivery,Cancelled
4734,265,93,2025-10-12,3,2525.17,,5681.63,918.45,Cash on Delivery,Cancelled
4735,633,52,2025-05-09,3,2413.75,0.0,7241.25,2789.13,UPI,
4736,783,73,2025-11-19,4,2450.92,0.0,9803.68,3719.78,Credit Card,Delivered
4737,529,17,2024-11-08,3,41583.23,10.0,112274.72,23538.61,Wallet,Shipped
4738,486,76,2025-06-01,4,1202.91,0.0,4811.64,949.83,UPI,Shipped
4739,506,18,2024-06-12,4,28107.47,10.0,101186.89,43811.27,Net Banking,Processing
4740,275,6,2024-10-12,4,8514.19,5.0,32353.92,13659.89,Net Banking,Delivered
4741,789,48,2024-11-06,5,1050.32,20.0,4201.28,1688.83,Cash on Delivery,Delivered
4742,86,26,2025-09-15,1,56093.06,20.0,44874.45,15218.06,Net Banking,Delivered
4743,197,60,2024-01-02,4,38860.34,15.0,132125.16,49973.45,Cash on Delivery,Returned
4744,515,44,2024-07-17,5,4408.77,30.0,15430.69,4322.5,Cash on Delivery,Delivered
4745,750,13,2024-07-08,4,6497.88,25.0,19493.64,3037.0,UPI,Cancelled
4746,242,80,2024-09-27,1,4440.36,5.0,4218.34,1583.92,Net Banking,Shipped
4747,197,49,2025-11-04,5,2372.32,5.0,11268.52,2102.58,Debit Card,Delivered
4748,553,73,2024-06-23,2,2450.92,20.0,3921.47,1718.12,Cash on Delivery,Delivered
4749,386,50,2024-12-29,4,12152.7,15.0,41319.18,8298.23,Cash on Delivery,Delivered
4750,329,93,2024-05-16,2,2525.17,15.0,4292.79,1649.6,Wallet,Processing
4751,854,59,2025-02-01,2,25615.37,0.0,51230.74,11023.01,Credit Card,Delivered
4752,861,94,2024-07-13,5,4986.96,20.0,19947.84,7216.07,Credit Card,Delivered
4753,978,38,2025-09-03,5,2438.66,10.0,10973.97,3695.89,Debit Card,Shipped
4754,565,89,2025-10-07,4,3476.46,15.0,11819.96,3687.32,Wallet,Delivered
4755,460,78,2024-07-10,4,2305.12,10.0,8298.43,2443.37,UPI,Shipped
4756,247,41,2024-07-03,5,4360.17,0.0,21800.85,8372.37,Debit Card,Delivered
4757,236,74,2024-12-12,4,7241.27,15.0,24620.32,8220.31,Credit Card,Cancelled
4758,1068,77,2025-03-16,5,1568.22,20.0,6272.88,1462.63,Net Banking,Delivered
4759,1052,51,2024-03-30,1,3311.31,20.0,2649.05,672.66,Wallet,Delivered
4760,1175,81,2025-01-07,4,11328.45,25.0,33985.35,6592.5,Cash on Delivery,Delivered
4761,865,99,2024-03-05,5,2129.54,30.0,7453.39,1981.98,Net Banking,Delivered
4762,999,19,2024-07-05,5,3365.11,15.0,14301.72,2296.58,UPI,Shipped
4763,990,47,2025-11-11,4,3006.6,15.0,10222.44,3196.62,Wallet,Delivered
4764,756,14,2025-04-13,4,34858.1,10.0,125489.16,40845.92,Cash on Delivery,Delivered
4765,532,91,2025-01-23,3,952.87,25.0,2143.96,567.83,Credit Card,Delivered
4766,15,72,2024-06-02,5,4148.6,5.0,19705.85,4655.98,UPI,Shipped
4767,1130,54,2025-09-07,3,3017.65,10.0,8147.66,1499.41,Net Banking,Processing
4768,1119,12,2024-07-29,1,2947.1,20.0,2357.68,973.23,Wallet,Delivered
4769,611,33,2025-05-09,4,4963.0,15.0,16874.2,6242.35,Cash on Delivery,Delivered
4770,277,37,2025-05-01,4,16932.2,5.0,64342.36,16986.67,Net Banking,Returned
4771,1039,18,2025-07-27,3,28107.47,10.0,75890.17,29177.89,UPI,Returned
4772,1051,23,2024-09-12,5,5380.88,0.0,26904.4,7120.9,Debit Card,Delivered
4773,1158,50,2024-06-03,1,12152.7,20.0,9722.16,1665.67,Credit Card,Processing
4774,107,52,2025-08-30,4,2413.75,25.0,7241.25,1909.7,Credit Card,Delivered
4775,199,68,2024-06-11,2,3680.19,0.0,7360.38,2336.07,Net Banking,Cancelled
4776,893,18,2024-11-10,1,28107.47,5.0,26702.1,4522.05,Credit Card,Delivered
4777,340,92,2025-06-20,1,1199.49,0.0,1199.49,459.09,Cash on Delivery,Delivered
4778,592,54,2025-10-25,5,3017.65,0.0,15088.25,3959.16,Net Banking,Delivered
4779,487,68,2025-04-01,4,3680.19,30.0,10304.53,2854.42,UPI,Delivered
4780,441,100,2024-10-21,5,4404.3,0.0,22021.5,8275.71,Debit Card,Returned
4781,269,93,2025-08-28,1,2525.17,30.0,1767.62,375.47,Wallet,Cancelled
4782,4,58,2025-12-03,4,3255.82,20.0,10418.62,3649.02,Net Banking,Delivered
4783,1127,74,2025-08-15,3,7241.27,10.0,19551.43,4990.31,Cash on Delivery,Processing
4784,1007,45,2024-04-06,3,2560.89,0.0,7682.67,1998.8,Debit Card,Delivered
4785,75,94,2025-04-16,4,4986.96,10.0,17953.06,4139.28,UPI,Delivered
4786,249,96,2024-03-04,3,18704.42,25.0,42084.94,16125.8,Net Banking,Processing
4787,446,4,2025-07-02,2,7110.01,15.0,12087.02,2443.09,Cash on Delivery,Shipped
4788,1132,56,2024-12-04,4,1831.05,10.0,6591.78,1140.82,UPI,Delivered
4789,484,35,2025-05-12,2,13294.83,0.0,26589.66,5969.87,UPI,Returned
4790,495,16,2024-11-28,3,1240.5,5.0,3535.42,1430.88,Cash on Delivery,Delivered
4791,147,20,2025-11-21,5,580.65,20.0,2322.6,802.4,Cash on Delivery,Delivered
4792,624,5,2025-03-19,2,18086.09,10.0,32554.96,13810.5,UPI,Cancelled
4793,720,41,2025-05-01,4,4360.17,25.0,13080.51,4671.95,Credit Card,Delivered
4794,106,22,2025-05-05,2,29648.84,0.0,59297.68,25435.21,Debit Card,Shipped
4795,156,74,2025-08-16,1,7241.27,20.0,5793.02,2006.31,Net Banking,Delivered
4796,82,83,2025-06-17,2,54575.66,15.0,92778.62,33966.64,Net Banking,Delivered
4797,781,39,2025-11-14,2,25526.93,15.0,43395.78,13600.88,Wallet,Delivered
4798,123,44,2024-04-04,4,4408.77,10.0,15871.57,3942.85,Net Banking,Delivered
4799,801,35,2024-05-20,1,13294.83,0.0,13294.83,2897.82,Debit Card,Delivered
4800,158,87,2024-09-25,1,1767.23,25.0,1325.42,203.33,Credit Card,Delivered
4801,551,21,2024-10-07,3,727.97,15.0,1856.32,575.81,Wallet,Delivered
4802,25,1,2024-04-13,2,309.05,15.0,525.38,98.06,Debit Card,Delivered
4803,1162,78,2024-02-13,2,2305.12,0.0,4610.24,1175.81,Debit Card,Cancelled
4804,258,72,2025-11-13,3,4148.6,5.0,11823.51,4574.23,UPI,Cancelled
4805,53,8,2024-10-11,4,2763.21,10.0,9947.56,2738.26,Wallet,Processing
4806,213,27,2025-05-05,4,52193.82,5.0,198336.52,61503.15,UPI,Delivered
4807,107,83,2024-02-21,2,54575.66,25.0,81863.49,32076.93,Debit Card,Cancelled
4808,1030,54,2025-04-03,4,3017.65,10.0,10863.54,2609.59,Wallet,Delivered
4809,1083,28,2025-04-20,3,4976.19,25.0,11196.43,1837.58,Wallet,Cancelled
4810,696,90,2025-08-07,5,12971.56,0.0,64857.8,19872.97,Cash on Delivery,Delivered
4811,528,79,2025-04-20,3,1836.83,20.0,4408.39,718.85,UPI,Processing
4812,666,13,2025-02-13,4,6497.88,15.0,22092.79,3581.71,Net Banking,Processing
4813,369,76,2024-05-01,2,1202.91,15.0,2044.95,390.85,Wallet,Returned
4814,1124,88,2025-06-20,1,2398.33,0.0,2398.33,538.52,Cash on Delivery,Delivered
4815,730,87,2024-07-26,1,1767.23,30.0,1237.06,377.1,Cash on Delivery,Shipped
4816,154,64,2025-05-20,5,5281.37,20.0,21125.48,5999.37,Cash on Delivery,Delivered
4817,315,87,2024-01-02,5,1767.23,20.0,7068.92,3107.34,Net Banking,Delivered
4818,907,31,2025-12-04,2,7500.95,0.0,15001.9,5934.59,UPI,Processing
4819,164,66,2025-02-17,4,4204.22,10.0,15135.19,2817.07,Wallet,Delivered
4820,536,88,2025-07-15,1,2398.33,15.0,2038.58,681.83,Net Banking,Shipped
4821,188,4,2024-10-31,3,7110.01,10.0,19197.03,4339.61,Cash on Delivery,Delivered
4822,320,40,2024-08-21,5,2090.32,5.0,9929.02,2430.01,Debit Card,Delivered
4823,608,43,2025-08-08,3,16482.05,10.0,44501.53,10663.99,Cash on Delivery,Processing
4824,788,24,2025-01-17,1,11430.81,5.0,10859.27,3463.39,Debit Card,Cancelled
4825,435,13,2025-08-01,2,6497.88,15.0,11046.4,3065.53,Wallet,Delivered
4826,1100,8,2025-10-04,4,2763.21,20.0,8842.27,2974.54,Cash on Delivery,Delivered
4827,901,2,2024-04-16,4,19784.61,5.0,75181.52,28731.46,UPI,Cancelled
4828,332,29,2024-07-29,5,1126.75,20.0,4507.0,821.71,Debit Card,Processing
4829,1167,54,2025-02-04,1,3017.65,5.0,2866.77,1071.94,Net Banking,Delivered
4830,497,94,2025-01-11,2,4986.96,20.0,7979.14,3465.58,Debit Card,Returned
4831,302,85,2024-01-29,2,2785.07,10.0,5013.13,806.55,Wallet,Delivered
4832,1123,91,2024-02-13,5,952.87,15.0,4049.7,980.43,Wallet,Delivered
4833,767,82,2024-02-20,3,16836.84,15.0,42933.94,9773.46,Credit Card,Delivered
4834,447,60,2025-04-21,3,38860.34,30.0,81606.71,22943.29,Net Banking,Delivered
4835,398,29,2025-11-22,3,1126.75,0.0,3380.25,924.74,Cash on Delivery,Delivered
4836,469,70,2024-05-20,4,2491.61,,9966.44,2669.46,Debit Card,Delivered
4837,1120,91,2024-03-08,3,952.87,20.0,2286.89,445.13,Net Banking,Cancelled
4838,1055,3,2024-06-13,3,4826.77,20.0,11584.25,3344.54,Credit Card,Shipped
4839,501,68,2025-08-12,1,3680.19,5.0,3496.18,904.28,Cash on Delivery,Processing
4840,751,16,2025-05-22,5,1240.5,0.0,6202.5,2063.53,Credit Card,Delivered
4841,515,77,2025-08-06,4,1568.22,25.0,4704.66,1405.38,Cash on Delivery,Delivered
4842,347,16,2024-06-06,4,1240.5,15.0,4217.7,1374.63,UPI,Delivered
4843,1178,73,2025-11-01,4,2450.92,0.0,9803.68,2323.4,Wallet,Delivered
4844,100,10,2025-03-30,3,46405.07,20.0,111372.17,37235.06,Debit Card,Delivered
4845,408,49,2024-08-16,2,2372.32,5.0,4507.41,1391.32,UPI,Delivered
4846,242,42,2025-03-09,2,1050.19,25.0,1575.29,393.11,Cash on Delivery,Cancelled
4847,980,56,2024-09-05,4,1831.05,20.0,5859.36,1186.79,Wallet,Cancelled
4848,903,83,2024-12-11,1,54575.66,10.0,49118.09,21068.86,Wallet,Delivered
4849,310,56,2025-04-30,1,1831.05,5.0,1739.5,587.56,Debit Card,Delivered
4850,750,96,2025-02-24,2,18704.42,20.0,29927.07,7537.32,Net Banking,Delivered
4851,949,100,2024-09-09,5,4404.3,10.0,19819.35,8745.15,Net Banking,Cancelled
4852,635,25,2025-08-23,4,2695.33,30.0,7546.92,1781.77,Wallet,Delivered
4853,43,4,2024-04-04,1,7110.01,5.0,6754.51,2915.13,Net Banking,Processing
4854,545,21,2024-01-04,2,727.97,25.0,1091.95,441.59,Cash on Delivery,Delivered
4855,227,48,2024-01-13,5,1050.32,20.0,4201.28,1846.84,Debit Card,Processing
4856,808,22,2024-07-17,4,29648.84,15.0,100806.06,39144.13,Net Banking,Cancelled
4857,808,23,2024-07-28,5,5380.88,20.0,21523.52,8259.16,Debit Card,Delivered
4858,854,91,2024-06-21,4,952.87,25.0,2858.61,501.35,Credit Card,Delivered
4859,59,48,2024-12-03,5,1050.32,15.0,4463.86,1915.38,Debit Card,Delivered
4860,470,26,2024-08-11,2,56093.06,20.0,89748.9,21768.58,Net Banking,Delivered
4861,989,74,2025-01-19,3,7241.27,20.0,17379.05,7226.79,Credit Card,Delivered
4862,486,83,2024-09-14,3,54575.66,15.0,139167.93,46514.43,Cash on Delivery,Delivered
4863,944,71,2025-08-18,4,4556.8,20.0,14581.76,2836.99,Net Banking,Delivered
4864,888,57,2025-09-10,4,1664.71,15.0,5660.01,864.34,Credit Card,Delivered
4865,79,28,2024-05-09,1,4976.19,30.0,3483.33,1121.35,Credit Card,Delivered
4866,941,47,2024-05-11,3,3006.6,20.0,7215.84,3016.47,UPI,Cancelled
4867,1138,67,2025-07-24,5,18767.35,10.0,84453.07,24685.86,Wallet,Delivered
4868,34,97,2025-03-07,3,1127.53,30.0,2367.81,1062.4,UPI,Delivered
4869,730,62,2024-12-16,3,385.07,5.0,1097.45,168.98,,Delivered
4870,227,33,2024-03-25,2,4963.0,15.0,8437.1,1759.89,UPI,Delivered
4871,828,30,2025-03-15,1,23124.95,30.0,16187.47,6255.4,Cash on Delivery,Delivered
4872,690,40,2024-03-12,5,2090.32,0.0,10451.6,3039.05,Credit Card,Delivered
4873,511,81,2024-06-09,1,11328.45,10.0,10195.61,3278.14,Debit Card,Delivered
4874,277,85,2024-01-08,3,2785.07,10.0,7519.69,3261.42,UPI,Delivered
4875,83,44,2024-12-01,3,4408.77,5.0,12564.99,3774.34,Net Banking,Returned
4876,471,65,2024-02-03,2,21959.36,20.0,35134.98,13006.77,UPI,Delivered
4877,925,88,2024-05-11,3,2398.33,15.0,6115.74,2737.48,Wallet,Delivered
4878,313,91,2025-07-10,5,952.87,15.0,4049.7,690.19,Debit Card,Returned
4879,549,13,2024-04-26,3,6497.88,20.0,15594.91,3358.9,Wallet,Shipped
4880,1105,28,2025-05-19,1,4976.19,15.0,4229.76,1143.6,UPI,Shipped
4881,1064,59,2025-06-23,3,25615.37,15.0,65319.19,10438.28,Wallet,Processing
4882,395,93,2025-03-20,4,2525.17,10.0,9090.61,2625.66,Debit Card,Processing
4883,1008,13,2024-06-28,5,6497.88,20.0,25991.52,8974.65,UPI,Delivered
4884,13,75,2024-04-15,2,72689.52,0.0,145379.04,23545.07,UPI,Shipped
4885,1088,83,2025-06-19,3,54575.66,15.0,139167.93,25843.56,Wallet,Shipped
4886,315,86,2025-10-19,4,1823.21,10.0,6563.56,1266.68,Wallet,Delivered
4887,196,26,2025-05-08,2,56093.06,10.0,100967.51,37623.87,Debit Card,Delivered
4888,36,73,2025-09-12,3,2450.92,25.0,5514.57,1565.51,Wallet,Returned
4889,848,50,2025-08-04,3,12152.7,15.0,30989.39,11582.79,Net Banking,Delivered
4890,737,1,2025-12-13,2,309.05,0.0,618.1,213.03,Credit Card,Delivered
4891,844,100,2025-01-03,3,4404.3,10.0,11891.61,3058.26,UPI,Delivered
4892,544,48,2024-10-15,3,1050.32,15.0,2678.32,549.13,Credit Card,Delivered
4893,217,63,2024-09-07,4,23080.16,10.0,83088.58,25237.27,Debit Card,Delivered
4894,431,49,2024-11-22,3,2372.32,15.0,6049.42,1357.04,Credit Card,Delivered
4895,628,95,2024-08-18,2,10524.46,10.0,18944.03,5105.31,Credit Card,Returned
4896,652,30,2024-08-25,1,23124.95,15.0,19656.21,5328.6,Debit Card,Processing
4897,412,80,2025-12-21,1,4440.36,20.0,3552.29,833.51,Credit Card,Delivered
4898,703,86,2025-10-25,2,1823.21,5.0,3464.1,1241.65,Cash on Delivery,Shipped
4899,144,92,2024-10-08,3,1199.49,25.0,2698.85,905.1,Cash on Delivery,Shipped
4900,475,56,2024-02-06,1,1831.05,20.0,1464.84,552.79,UPI,Delivered
4901,1042,9,2024-05-20,2,26733.44,5.0,50793.54,17658.45,UPI,Shipped
4902,1126,60,2025-05-21,5,38860.34,5.0,184586.61,33299.18,UPI,Shipped
4903,116,81,2025-06-06,2,11328.45,15.0,19258.37,5764.76,Wallet,Processing
4904,247,71,2024-08-31,3,4556.8,5.0,12986.88,3357.02,Debit Card,Processing
4905,952,42,2024-09-23,5,1050.19,5.0,4988.4,938.2,Debit Card,Cancelled
4906,866,59,2025-06-25,1,25615.37,10.0,23053.83,4637.97,Debit Card,Processing
4907,460,59,2024-10-25,4,25615.37,10.0,92215.33,35455.74,Debit Card,Shipped
4908,60,28,2025-05-04,4,4976.19,15.0,16919.05,5875.64,Net Banking,Delivered
4909,242,7,2024-02-21,1,4635.61,15.0,3940.27,865.2,Cash on Delivery,Delivered
4910,1090,53,2025-08-18,2,328.56,10.0,591.41,137.36,Net Banking,Returned
4911,244,38,2024-11-20,4,2438.66,5.0,9266.91,3600.12,UPI,Delivered
4912,179,4,2025-06-13,3,7110.01,20.0,17064.02,3227.1,UPI,Processing
4913,513,30,2025-02-25,1,23124.95,10.0,20812.46,8233.68,UPI,Delivered
4914,449,55,2025-04-16,3,3119.28,5.0,8889.95,1690.95,Credit Card,Returned
4915,214,65,2024-03-08,3,21959.36,15.0,55996.37,23037.68,Wallet,Delivered
4916,1077,4,2025-05-04,5,7110.01,20.0,28440.04,6369.71,Credit Card,Shipped
4917,858,43,2024-10-14,4,16482.05,15.0,56038.97,13107.86,Net Banking,Delivered
4918,599,64,2025-05-15,5,5281.37,,22445.82,9102.47,Credit Card,Shipped
4919,76,39,2024-03-18,5,25526.93,0.0,127634.65,39801.97,Debit Card,Cancelled
4920,201,23,2024-04-01,2,5380.88,0.0,10761.76,2267.36,Debit Card,Delivered
4921,915,60,2024-01-19,1,38860.34,10.0,34974.31,14545.49,UPI,Delivered
4922,661,83,2025-12-26,3,54575.66,15.0,139167.93,50652.35,Debit Card,Delivered
4923,472,85,2025-01-08,4,2785.07,15.0,9469.24,2124.03,Net Banking,Returned
4924,211,11,2024-11-28,5,11133.39,20.0,44533.56,16220.17,Wallet,Delivered
4925,476,97,2024-09-27,1,1127.53,10.0,1014.78,267.74,Net Banking,Delivered
4926,408,97,2025-07-01,2,1127.53,15.0,1916.8,317.3,Wallet,Delivered
4927,518,23,2025-05-26,1,5380.88,10.0,4842.79,1268.74,Net Banking,Delivered
4928,241,16,2025-05-15,2,1240.5,15.0,2108.85,565.57,Net Banking,Returned
4929,618,72,2024-08-29,5,4148.6,30.0,14520.1,2789.26,Cash on Delivery,Delivered
4930,115,54,2024-10-05,5,3017.65,15.0,12825.01,4952.41,UPI,Delivered
4931,982,82,2024-01-14,2,16836.84,30.0,23571.58,5187.15,Credit Card,Delivered
4932,966,21,2025-11-19,4,727.97,25.0,2183.91,963.33,UPI,Delivered
4933,439,32,2025-06-05,4,5563.34,25.0,16690.02,4173.35,Cash on Delivery,Delivered
4934,874,69,2025-12-14,4,23193.07,25.0,69579.21,15044.68,Debit Card,Delivered
4935,403,35,2024-09-26,4,13294.83,30.0,37225.52,9242.97,Wallet,Returned
4936,1029,89,2024-08-29,2,3476.46,15.0,5909.98,2274.44,Net Banking,Processing
4937,69,27,2025-10-06,4,52193.82,15.0,177458.99,35314.11,Net Banking,Delivered
4938,614,44,2024-05-12,3,4408.77,10.0,11903.68,3286.33,Cash on Delivery,Processing
4939,65,48,2024-03-24,2,1050.32,5.0,1995.61,558.97,Debit Card,
4940,350,81,2024-06-20,4,11328.45,10.0,40782.42,11917.6,Debit Card,Delivered
4941,19,59,2024-01-19,2,25615.37,25.0,38423.06,11392.55,Credit Card,Delivered
4942,999,20,2024-09-27,3,580.65,5.0,1654.85,263.28,Cash on Delivery,Delivered
4943,922,11,2025-05-03,3,11133.39,20.0,26720.14,11478.09,Credit Card,Cancelled
4944,314,69,2024-09-17,4,23193.07,0.0,92772.28,24517.97,UPI,Delivered
4945,196,65,2025-02-08,5,21959.36,0.0,109796.8,42897.47,Credit Card,Delivered
4946,281,88,2024-03-29,5,2398.33,20.0,9593.32,3845.99,Debit Card,Cancelled
4947,84,92,2025-05-08,3,1199.49,25.0,2698.85,638.41,Credit Card,Delivered
4948,429,15,2024-03-26,2,27037.12,,43259.39,11871.59,Debit Card,Delivered
4949,922,67,2025-05-28,5,18767.35,0.0,93836.75,32926.44,UPI,Returned
4950,188,34,2025-02-03,1,6016.67,15.0,5114.17,1533.61,UPI,Delivered
4951,361,87,2024-09-22,4,1767.23,0.0,7068.92,1145.86,Cash on Delivery,Delivered
4952,192,51,2024-11-08,4,3311.31,15.0,11258.45,4014.44,UPI,Delivered
4953,357,99,2025-10-05,2,2129.54,10.0,3833.17,1386.57,UPI,Delivered
4954,1005,64,2024-04-03,5,5281.37,5.0,25086.51,4832.13,Wallet,Delivered
4955,149,83,2025-01-13,1,54575.66,30.0,38202.96,13755.79,UPI,Processing
4956,71,34,2024-05-10,2,6016.67,15.0,10228.34,4392.2,Debit Card,Delivered
4957,255,49,2025-09-22,3,2372.32,15.0,6049.42,1399.9,UPI,Delivered
4958,424,75,2024-07-18,5,72689.52,0.0,363447.6,100298.0,Debit Card,Delivered
4959,417,72,2025-03-12,1,4148.6,0.0,4148.6,1512.55,UPI,Shipped
4960,527,100,2025-05-20,5,4404.3,10.0,19819.35,8565.82,Wallet,Cancelled
4961,372,74,2024-11-28,1,7241.27,0.0,7241.27,2223.14,UPI,Delivered
4962,410,6,2024-06-09,5,8514.19,15.0,36185.31,8133.89,Wallet,Delivered
4963,1075,62,2024-04-13,5,385.07,0.0,1925.35,554.51,Debit Card,Delivered
4964,297,12,2025-08-19,2,2947.1,20.0,4715.36,1822.46,Cash on Delivery,Processing
4965,866,62,2025-03-20,1,385.07,25.0,288.8,125.13,Wallet,Processing
4966,35,75,2024-01-10,5,72689.52,0.0,363447.6,67570.86,UPI,Delivered
4967,107,38,2024-09-20,2,2438.66,10.0,4389.59,1592.64,Credit Card,Processing
4968,1066,38,2025-10-08,2,2438.66,10.0,4389.59,1730.58,Cash on Delivery,Delivered
4969,800,36,2025-06-04,4,9396.66,0.0,37586.64,8874.41,Debit Card,Delivered
4970,360,43,2025-12-16,3,16482.05,0.0,49446.15,19138.42,Credit Card,Delivered
4971,289,54,2024-02-11,5,3017.65,25.0,11316.19,2665.11,UPI,Delivered
4972,865,47,2025-11-09,1,3006.6,5.0,2856.27,471.03,Net Banking,Delivered
4973,641,16,2024-05-27,4,1240.5,5.0,4713.9,1855.86,Net Banking,Delivered
4974,322,15,2024-08-01,1,27037.12,10.0,24333.41,9239.0,UPI,Delivered
4975,338,46,2024-03-30,1,1075.79,5.0,1022.0,373.6,Debit Card,Processing
4976,582,30,2024-06-08,1,23124.95,0.0,23124.95,6198.62,UPI,Delivered
4977,347,68,2025-04-10,4,3680.19,0.0,14720.76,4776.54,Credit Card,Delivered
4978,1162,75,2025-01-22,2,72689.52,5.0,138110.09,29862.59,Net Banking,Delivered
4979,1084,23,2024-03-04,3,5380.88,25.0,12106.98,5413.52,Credit Card,Delivered
4980,722,47,2025-03-31,5,3006.6,10.0,13529.7,2161.33,Debit Card,Shipped
4981,993,20,2025-08-04,5,580.65,5.0,2758.09,673.6,UPI,Processing
4982,817,62,2024-10-18,1,385.07,15.0,327.31,104.44,Cash on Delivery,Cancelled
4983,422,26,2025-05-31,2,56093.06,15.0,95358.2,37468.15,UPI,Delivered
4984,996,27,2024-11-03,5,52193.82,25.0,195726.83,47563.53,Cash on Delivery,Delivered
4985,504,34,2024-01-14,4,6016.67,25.0,18050.01,4690.33,Net Banking,Delivered
4986,716,28,2024-12-15,4,4976.19,0.0,19904.76,8826.65,Debit Card,Shipped
4987,554,51,2024-07-21,2,3311.31,25.0,4966.97,1927.29,Debit Card,Processing
4988,841,1,2025-09-06,1,309.05,20.0,247.24,77.3,Wallet,Shipped
4989,15,86,2025-05-30,3,1823.21,20.0,4375.7,1759.64,Wallet,Delivered
4990,678,11,2025-04-27,2,11133.39,5.0,21153.44,7229.76,Debit Card,Shipped
4991,183,91,2025-06-07,1,952.87,5.0,905.23,215.7,Credit Card,Delivered
4992,683,68,2025-04-21,1,3680.19,5.0,3496.18,1063.88,Wallet,Delivered
4993,348,95,2024-03-14,5,10524.46,15.0,44728.95,6816.72,Net Banking,Shipped
4994,265,58,2025-07-16,5,3255.82,20.0,13023.28,5115.84,Cash on Delivery,Delivered
4995,443,19,2025-10-17,5,3365.11,10.0,15142.99,4333.17,UPI,Delivered
4996,31,75,2024-10-26,4,72689.52,10.0,261682.27,111834.46,Net Banking,Delivered
4997,209,95,2025-02-02,4,10524.46,15.0,35783.16,6275.45,Cash on Delivery,Shipped
4998,662,100,2025-01-17,5,4404.3,10.0,19819.35,3660.59,Credit Card,Delivered
4999,588,21,2025-01-27,5,727.97,0.0,3639.85,939.59,Net Banking,Delivered
5000,841,47,2024-05-01,4,3006.6,20.0,9621.12,1770.21,Debit Card,Processing
5001,681,11,2024-10-10,2,11133.39,15.0,18926.76,4486.15,Cash on Delivery,Delivered
5002,11,1,2024-03-09,1,309.05,20.0,247.24,41.3,Debit Card,Delivered
5003,24,51,2024-06-13,2,3311.31,10.0,5960.36,2560.49,UPI,Delivered
5004,346,25,2025-06-09,4,2695.33,15.0,9164.12,2696.29,Net Banking,Delivered
5005,387,25,2025-08-29,1,2695.33,5.0,2560.56,983.35,Net Banking,Returned
5006,1171,31,2025-07-15,1,7500.95,15.0,6375.81,1720.42,Net Banking,Shipped
5007,425,22,2025-10-23,5,29648.84,20.0,118595.36,45033.85,Credit Card,Processing
5008,617,9,2025-10-28,3,26733.44,15.0,68170.27,24339.19,Debit Card,Delivered
5009,188,23,2024-11-02,1,5380.88,10.0,4842.79,1495.58,Net Banking,Delivered
5010,936,8,2024-08-26,4,2763.21,20.0,8842.27,2703.21,Debit Card,Delivered
5011,1136,18,2025-12-03,1,28107.47,25.0,21080.6,7791.61,Cash on Delivery,Delivered
5012,418,68,2025-01-10,3,3680.19,20.0,8832.46,1707.48,Cash on Delivery,Delivered
5013,1055,32,2025-11-19,5,5563.34,10.0,25035.03,4998.14,Credit Card,Delivered
5014,734,18,2025-11-30,5,28107.47,15.0,119456.75,44634.45,Credit Card,Delivered
5015,330,55,2025-05-17,2,3119.28,30.0,4366.99,1780.84,Cash on Delivery,Delivered
5016,532,72,2025-05-14,1,4148.6,15.0,3526.31,847.89,Debit Card,Processing
5017,373,97,2024-12-15,5,1127.53,10.0,5073.89,1176.23,UPI,Delivered
5018,92,46,2024-12-01,3,1075.79,15.0,2743.26,843.39,Debit Card,Shipped
5019,281,96,2025-11-12,1,18704.42,10.0,16833.98,7200.24,Cash on Delivery,Returned
5020,240,40,2024-01-29,2,2090.32,10.0,3762.58,1362.8,Credit Card,Delivered
5021,501,100,2024-12-25,4,4404.3,10.0,15855.48,3886.48,Wallet,Delivered
5022,1047,46,2025-06-08,4,1075.79,20.0,3442.53,1462.22,Net Banking,Shipped
5023,1123,79,2024-07-10,4,1836.83,5.0,6979.95,2803.13,Cash on Delivery,Shipped
5024,887,8,2025-12-20,2,2763.21,5.0,5250.1,1150.21,Debit Card,Shipped
5025,856,53,2024-03-07,4,328.56,10.0,1182.82,455.72,Credit Card,Delivered
5026,152,70,2025-04-23,3,2491.61,25.0,5606.12,2102.69,Credit Card,Shipped
5027,549,53,2025-06-14,2,328.56,15.0,558.55,91.37,Wallet,Delivered
5028,1134,54,2025-01-27,3,3017.65,10.0,8147.66,2880.62,UPI,Cancelled
5029,561,64,2024-05-20,1,5281.37,30.0,3696.96,893.73,Net Banking,Processing
5030,162,80,2025-02-11,2,4440.36,5.0,8436.68,3093.07,Debit Card,Delivered
5031,557,81,2025-05-20,2,11328.45,10.0,20391.21,3254.96,Wallet,Processing
5032,1194,74,2025-08-07,1,7241.27,20.0,5793.02,1823.15,Wallet,Delivered
5033,1154,21,2024-09-06,3,727.97,5.0,2074.71,728.73,Credit Card,Delivered
5034,71,45,2024-09-14,5,2560.89,15.0,10883.78,3993.99,Credit Card,Delivered
5035,609,25,2024-12-15,4,2695.33,25.0,8085.99,3440.48,Wallet,Cancelled
5036,984,77,2025-12-06,1,1568.22,15.0,1332.99,571.75,Cash on Delivery,Delivered
5037,559,20,2025-11-03,3,580.65,30.0,1219.36,484.57,Debit Card,Returned
5038,647,85,2024-01-11,3,2785.07,5.0,7937.45,3035.72,UPI,Delivered
5039,1146,43,2024-01-18,3,16482.05,5.0,46973.84,11473.23,Debit Card,Delivered
5040,258,97,2024-01-25,1,1127.53,15.0,958.4,371.25,Cash on Delivery,Shipped
5041,490,44,2024-04-18,5,4408.77,30.0,15430.69,6367.38,UPI,Delivered
5042,589,80,2025-07-02,2,4440.36,15.0,7548.61,1455.91,UPI,Delivered
5043,751,84,2025-08-20,1,4924.84,25.0,3693.63,785.13,UPI,Delivered
5044,470,72,2025-01-15,4,4148.6,5.0,15764.68,2680.75,Cash on Delivery,Processing
5045,288,96,2025-06-08,2,18704.42,10.0,33667.96,12725.38,Net Banking,Delivered
5046,329,26,2024-04-01,2,56093.06,5.0,106576.81,43693.24,Cash on Delivery,Delivered
5047,437,71,2024-03-02,4,4556.8,15.0,15493.12,6035.06,Net Banking,Shipped
5048,688,84,2024-07-07,5,4924.84,25.0,18468.15,7779.08,UPI,Delivered
5049,696,24,2024-02-19,5,11430.81,15.0,48580.94,7919.96,Wallet,Processing
5050,994,92,2024-05-09,1,1199.49,20.0,959.59,148.68,Debit Card,Cancelled
5051,1045,95,2024-08-01,4,10524.46,15.0,35783.16,10576.91,Cash on Delivery,Delivered
5052,551,68,2024-08-11,2,3680.19,0.0,7360.38,2623.6,UPI,Shipped
5053,83,62,2024-05-01,3,385.07,20.0,924.17,298.68,Wallet,Delivered
5054,531,81,2024-02-18,2,11328.45,20.0,18125.52,6722.89,Net Banking,Cancelled
5055,424,27,2025-11-08,3,52193.82,25.0,117436.1,26841.36,Wallet,Shipped
5056,692,60,2024-03-20,1,38860.34,15.0,33031.29,14026.4,Cash on Delivery,Delivered
5057,262,98,2025-07-24,1,7242.33,25.0,5431.75,1994.81,Credit Card,Delivered
5058,476,54,2025-04-02,2,3017.65,10.0,5431.77,1631.67,Debit Card,Shipped
5059,470,40,2024-09-30,3,2090.32,10.0,5643.86,1981.12,Net Banking,Delivered
5060,359,78,2025-07-10,3,2305.12,0.0,6915.36,2705.16,Wallet,Returned
5061,508,35,2025-08-21,2,13294.83,15.0,22601.21,7779.21,Wallet,Cancelled
5062,592,58,2025-02-16,2,3255.82,5.0,6186.06,2298.52,Cash on Delivery,Cancelled
5063,458,92,2025-06-06,5,1199.49,5.0,5697.58,1164.81,UPI,Delivered
5064,24,53,2025-05-08,4,328.56,15.0,1117.1,254.08,Debit Card,Cancelled
5065,477,19,2025-08-28,1,3365.11,15.0,2860.34,1089.14,Credit Card,Delivered
5066,234,4,2024-05-23,4,7110.01,30.0,19908.03,4013.04,Debit Card,Delivered
5067,158,9,2025-05-12,4,26733.44,10.0,96240.38,20835.28,Credit Card,Shipped
5068,593,85,2024-05-26,1,2785.07,20.0,2228.06,752.63,Cash on Delivery,Returned
5069,366,17,2025-02-21,1,41583.23,20.0,33266.58,8976.32,Debit Card,Delivered
5070,134,66,2024-04-05,3,4204.22,10.0,11351.39,4934.58,Credit Card,Delivered
5071,397,61,2025-08-05,4,3726.63,30.0,10434.56,4437.37,UPI,Delivered
5072,43,93,2024-09-03,2,2525.17,0.0,5050.34,1223.64,Net Banking,Returned
5073,1063,25,2025-07-11,1,2695.33,20.0,2156.26,472.19,Cash on Delivery,Shipped
5074,53,16,2024-06-26,3,1240.5,20.0,2977.2,1140.79,Net Banking,Delivered
5075,1069,62,2025-01-06,3,385.07,25.0,866.41,257.23,Cash on Delivery,Shipped
5076,960,80,2025-05-01,1,4440.36,10.0,3996.32,1118.85,Credit Card,Delivered
5077,342,5,2024-03-02,1,18086.09,25.0,13564.57,3300.75,UPI,Returned
5078,1005,40,2025-05-27,3,2090.32,15.0,5330.32,1205.67,Net Banking,Cancelled
5079,554,83,2025-10-12,3,54575.66,20.0,130981.58,40214.5,UPI,Delivered
5080,462,36,2024-02-09,3,9396.66,20.0,22551.98,8986.67,Credit Card,Cancelled
5081,730,8,2025-07-20,1,2763.21,15.0,2348.73,900.03,Wallet,Delivered
5082,124,31,2025-01-20,3,7500.95,15.0,19127.42,7756.37,Credit Card,Delivered
5083,104,3,2025-08-20,1,4826.77,20.0,3861.42,1218.07,Net Banking,Cancelled
5084,749,23,2024-06-04,3,5380.88,20.0,12914.11,2986.96,Wallet,Cancelled
5085,137,13,2025-01-11,3,6497.88,15.0,16569.59,4155.66,Cash on Delivery,Delivered
5086,286,25,2025-12-12,1,2695.33,5.0,2560.56,1053.42,Debit Card,Delivered
5087,670,15,2025-02-01,1,27037.12,30.0,18925.98,8351.1,Net Banking,Shipped
5088,225,64,2024-06-07,4,5281.37,15.0,17956.66,4331.38,Credit Card,Delivered
5089,885,79,2024-12-26,5,1836.83,15.0,7806.53,2159.71,Net Banking,Delivered
5090,980,98,2025-01-08,1,7242.33,5.0,6880.21,1137.3,UPI,Delivered
5091,405,31,2024-11-24,1,7500.95,15.0,6375.81,1254.26,Wallet,Processing
5092,470,35,2024-11-17,4,13294.83,25.0,39884.49,15808.38,Wallet,Cancelled
5093,539,20,2024-08-06,3,580.65,5.0,1654.85,552.82,Credit Card,Processing
5094,1183,30,2025-02-09,2,23124.95,10.0,41624.91,16568.31,Wallet,Processing
5095,49,2,2024-12-25,5,19784.61,0.0,98923.05,36075.84,Credit Card,Delivered
5096,427,65,2024-06-26,1,21959.36,0.0,21959.36,4778.06,UPI,Delivered
5097,205,17,2024-03-25,1,41583.23,10.0,37424.91,12862.48,Credit Card,Delivered
5098,554,3,2025-12-17,1,4826.77,10.0,4344.09,1030.83,Credit Card,Delivered
5099,1144,9,2024-08-14,2,26733.44,15.0,45446.85,8974.56,UPI,Cancelled
5100,442,56,2025-02-03,2,1831.05,0.0,3662.1,663.87,Cash on Delivery,Delivered
5101,889,33,2025-07-10,3,4963.0,30.0,10422.3,3609.22,Wallet,Returned
5102,265,49,2025-08-13,1,2372.32,10.0,2135.09,691.48,Net Banking,Returned
5103,795,7,2024-12-22,4,4635.61,15.0,15761.07,2513.41,Net Banking,Delivered
5104,671,76,2025-07-24,2,1202.91,25.0,1804.37,652.42,Wallet,Delivered
5105,524,76,2024-11-10,3,1202.91,0.0,3608.73,1470.35,UPI,Delivered
5106,103,15,2024-08-10,2,27037.12,20.0,43259.39,18756.04,Wallet,Shipped
5107,1127,44,2024-07-19,4,4408.77,25.0,13226.31,5693.08,Debit Card,Delivered
5108,1176,38,2025-06-19,1,2438.66,20.0,1950.93,789.66,Wallet,Delivered
5109,185,5,2024-04-14,1,18086.09,0.0,18086.09,7847.71,Wallet,Delivered
5110,675,87,2024-11-06,1,1767.23,0.0,1767.23,456.54,Cash on Delivery,Processing
5111,733,54,2024-08-27,3,3017.65,20.0,7242.36,2108.11,Cash on Delivery,Processing
5112,612,94,2025-09-04,3,4986.96,10.0,13464.79,2824.54,Debit Card,Delivered
5113,803,69,2025-10-01,1,23193.07,0.0,23193.07,6736.65,Debit Card,Delivered
5114,984,82,2025-12-03,1,16836.84,20.0,13469.47,2691.06,Cash on Delivery,Delivered
5115,835,34,2024-01-23,1,6016.67,10.0,5415.0,2378.54,UPI,Processing
5116,902,56,2024-06-05,5,1831.05,20.0,7324.2,1664.34,Debit Card,Returned
5117,500,21,2024-04-02,2,727.97,25.0,1091.95,459.53,Cash on Delivery,Delivered
5118,944,34,2024-12-05,1,6016.67,20.0,4813.34,2000.62,Net Banking,Processing
5119,12,86,2024-10-16,4,1823.21,30.0,5104.99,961.43,Net Banking,Delivered
5120,922,46,2025-08-14,3,1075.79,15.0,2743.26,1034.81,Wallet,Delivered
5121,739,80,2024-11-25,5,4440.36,5.0,21091.71,3353.05,Net Banking,Delivered
5122,322,27,2025-10-25,1,52193.82,15.0,44364.75,7318.98,Wallet,Processing
5123,1100,87,2025-01-09,5,1767.23,10.0,7952.53,3505.48,UPI,Delivered
5124,198,23,2024-06-26,2,5380.88,10.0,9685.58,2647.19,UPI,Delivered
5125,617,32,2025-05-24,2,5563.34,0.0,11126.68,2750.19,Cash on Delivery,Shipped
5126,1072,53,2025-05-15,3,328.56,20.0,788.54,343.7,Wallet,Delivered
5127,19,64,2025-03-23,4,5281.37,25.0,15844.11,6374.87,Debit Card,Delivered
5128,1178,95,2025-11-03,1,10524.46,5.0,9998.24,3446.34,Net Banking,Delivered
5129,763,27,2025-06-22,5,52193.82,10.0,234872.19,92821.19,Net Banking,Shipped
5130,438,4,2024-05-26,1,7110.01,25.0,5332.51,2016.94,UPI,Returned
5131,362,5,2025-07-09,4,18086.09,15.0,61492.71,24793.34,UPI,Delivered
5132,799,44,2024-10-06,1,4408.77,30.0,3086.14,1231.26,Wallet,Shipped
5133,208,16,2025-12-26,1,1240.5,5.0,1178.47,305.94,Credit Card,Delivered
5134,872,17,2025-11-26,2,41583.23,5.0,79008.14,30625.03,,Delivered
5135,147,34,2024-05-21,1,6016.67,0.0,6016.67,1970.88,Credit Card,Shipped
5136,629,9,2025-07-11,4,26733.44,25.0,80200.32,27526.18,Wallet,Delivered
5137,276,22,2025-04-20,5,29648.84,15.0,126007.57,47265.3,Cash on Delivery,Delivered
5138,869,43,2025-12-29,5,16482.05,10.0,74169.23,12419.22,UPI,Delivered
5139,752,32,2024-07-11,4,5563.34,15.0,18915.36,7985.26,UPI,Delivered
5140,312,42,2024-06-28,3,1050.19,10.0,2835.51,653.79,Debit Card,Delivered
5141,171,43,2025-08-14,2,16482.05,10.0,29667.69,11744.1,Debit Card,Delivered
5142,1143,39,2025-09-19,5,25526.93,20.0,102107.72,18729.78,Net Banking,Processing
5143,698,59,2025-11-14,2,25615.37,15.0,43546.13,19532.48,Debit Card,Cancelled
5144,453,14,2025-02-28,4,34858.1,25.0,104574.3,46579.41,Credit Card,Cancelled
5145,820,76,2025-06-10,1,1202.91,0.0,1202.91,198.03,Wallet,Returned
5146,81,79,2024-11-03,1,1836.83,15.0,1561.31,470.24,Debit Card,Delivered
5147,960,65,2024-01-30,2,21959.36,0.0,43918.72,8898.29,UPI,Shipped
5148,618,33,2025-02-24,4,4963.0,5.0,18859.4,3198.59,Net Banking,Delivered
5149,685,93,2025-09-25,5,2525.17,20.0,10100.68,3151.06,Cash on Delivery,Delivered
5150,28,55,2025-05-01,2,3119.28,0.0,6238.56,1838.33,Credit Card,Delivered
5151,1024,31,2024-12-02,3,7500.95,0.0,22502.85,9366.62,Net Banking,Delivered
5152,253,95,2025-11-13,2,10524.46,20.0,16839.14,6620.92,Credit Card,Shipped
5153,541,14,2025-09-09,5,34858.1,20.0,139432.4,34269.98,Credit Card,Processing
5154,18,69,2024-04-20,3,23193.07,20.0,55663.37,14500.24,Net Banking,Processing
5155,241,71,2024-03-03,4,4556.8,10.0,16404.48,5516.31,Net Banking,Delivered
5156,602,21,2025-05-20,5,727.97,20.0,2911.88,1178.66,Net Banking,Delivered
5157,831,92,2025-07-25,2,1199.49,5.0,2279.03,516.33,Cash on Delivery,Delivered
5158,234,88,2025-06-04,2,2398.33,25.0,3597.49,671.13,Debit Card,Delivered
5159,222,97,2025-05-06,2,1127.53,5.0,2142.31,533.28,Cash on Delivery,Delivered
5160,688,28,2024-09-28,2,4976.19,5.0,9454.76,3212.05,Credit Card,Cancelled
5161,8,84,2024-01-25,3,4924.84,15.0,12558.34,5532.66,Net Banking,Shipped
5162,555,33,2025-07-23,2,4963.0,25.0,7444.5,1473.58,Debit Card,Delivered
5163,602,91,2024-06-20,2,952.87,25.0,1429.31,372.76,Debit Card,Delivered
5164,495,3,2025-02-15,1,4826.77,25.0,3620.08,1178.44,Wallet,Processing
5165,904,48,2025-08-16,3,1050.32,5.0,2993.41,603.53,Credit Card,Delivered
5166,745,33,2025-04-29,4,4963.0,5.0,18859.4,6266.36,Wallet,Delivered
5167,1002,8,2024-01-30,2,2763.21,20.0,4421.14,1653.5,UPI,Returned
5168,974,34,2024-06-12,2,6016.67,5.0,11431.67,2770.54,Debit Card,Delivered
5169,597,59,2024-07-27,4,25615.37,20.0,81969.18,24197.9,Credit Card,Returned
5170,1059,2,2025-04-06,1,19784.61,20.0,15827.69,2887.36,UPI,Delivered
5171,219,71,2025-10-27,2,4556.8,15.0,7746.56,1631.18,Credit Card,Delivered
5172,1052,52,2024-01-13,2,2413.75,10.0,4344.75,947.16,Debit Card,Delivered
5173,405,77,2024-03-16,3,1568.22,20.0,3763.73,1118.66,Debit Card,Delivered
5174,949,42,2024-09-09,4,1050.19,10.0,3780.68,1357.16,Net Banking,Cancelled
5175,710,73,2025-02-27,1,2450.92,20.0,1960.74,733.87,Cash on Delivery,Delivered
5176,518,53,2024-03-23,4,328.56,15.0,1117.1,401.45,Debit Card,Delivered
5177,400,25,2025-11-07,2,2695.33,15.0,4582.06,1674.08,Credit Card,Delivered
5178,641,89,2024-07-13,5,3476.46,15.0,14774.95,3633.43,Cash on Delivery,Delivered
5179,1044,32,2024-12-13,3,5563.34,30.0,11683.01,3736.37,Debit Card,Delivered
5180,799,36,2025-11-12,5,9396.66,10.0,42284.97,12766.02,Credit Card,Shipped
5181,988,73,2024-08-04,4,2450.92,20.0,7842.94,2424.04,Wallet,Cancelled
5182,187,74,2024-08-25,3,7241.27,5.0,20637.62,6223.74,UPI,Delivered
5183,103,67,2025-10-16,4,18767.35,0.0,75069.4,27098.2,UPI,Processing
5184,1076,97,2025-09-28,1,1127.53,25.0,845.65,162.09,UPI,Delivered
5185,157,68,2024-08-01,2,3680.19,15.0,6256.32,1316.13,Cash on Delivery,Delivered
5186,581,50,2024-10-31,1,12152.7,20.0,9722.16,2956.6,Cash on Delivery,Returned
5187,847,12,2025-06-22,1,2947.1,5.0,2799.74,584.97,,Processing
5188,916,91,2025-10-05,4,952.87,10.0,3430.33,925.8,Debit Card,Delivered
5189,871,53,2024-01-14,1,328.56,10.0,295.7,91.14,Debit Card,Returned
5190,105,87,2024-01-28,3,1767.23,0.0,5301.69,1019.04,Wallet,Delivered
5191,388,20,2025-09-20,2,580.65,10.0,1045.17,221.36,Net Banking,Delivered
5192,177,69,2025-05-21,1,23193.07,10.0,20873.76,9014.11,Net Banking,Delivered
5193,311,23,2024-04-29,4,5380.88,10.0,19371.17,3019.98,Cash on Delivery,Delivered
5194,709,40,2025-09-03,1,2090.32,20.0,1672.26,454.57,Wallet,Cancelled
5195,971,19,2024-10-25,4,3365.11,20.0,10768.35,3026.17,Wallet,Shipped
5196,1041,2,2025-06-07,1,19784.61,20.0,15827.69,5909.63,Wallet,Delivered
5197,1081,52,2024-12-07,2,2413.75,20.0,3862.0,761.54,Wallet,Cancelled
5198,351,57,2025-06-29,4,1664.71,5.0,6325.9,1970.74,Wallet,Shipped
5199,1022,77,2024-09-02,5,1568.22,25.0,5880.83,2229.79,Credit Card,Shipped
5200,507,14,2024-04-06,1,34858.1,20.0,27886.48,5614.87,Wallet,Cancelled
5201,566,18,2025-10-21,3,28107.47,15.0,71674.05,14568.59,UPI,Delivered
5202,886,59,2025-04-16,5,25615.37,10.0,115269.16,17489.91,Credit Card,Delivered
5203,1038,11,2025-10-02,3,11133.39,25.0,25050.13,10053.56,Debit Card,Delivered
5204,96,100,2025-04-07,3,4404.3,20.0,10570.32,2074.16,UPI,Delivered
5205,573,4,2024-06-14,3,7110.01,5.0,20263.53,6406.74,Debit Card,Delivered
5206,912,33,2024-01-01,2,4963.0,0.0,9926.0,3691.22,UPI,Delivered
5207,923,78,2024-10-08,1,2305.12,10.0,2074.61,355.1,Net Banking,Processing
5208,692,20,2024-12-19,2,580.65,5.0,1103.23,245.55,UPI,Cancelled
5209,37,47,2025-04-27,3,3006.6,10.0,8117.82,3608.3,Cash on Delivery,Returned
5210,115,95,2024-01-31,3,10524.46,20.0,25258.7,8147.21,Debit Card,Returned
5211,351,4,2025-04-01,5,7110.01,5.0,33772.55,13122.44,UPI,Cancelled
5212,634,62,2024-10-29,3,385.07,10.0,1039.69,438.43,Credit Card,Processing
5213,899,92,2024-12-20,4,1199.49,10.0,4318.16,1147.57,Debit Card,Delivered
5214,663,45,2024-10-15,4,2560.89,25.0,7682.67,2629.84,Net Banking,Processing
5215,558,76,2024-06-28,5,1202.91,30.0,4210.18,1841.87,Credit Card,Processing
5216,525,35,2025-08-24,5,13294.83,15.0,56503.03,10196.78,UPI,Delivered
5217,239,35,2025-03-23,2,13294.83,10.0,23930.69,6736.21,Credit Card,Processing
5218,73,75,2024-03-30,2,72689.52,0.0,145379.04,31095.44,Cash on Delivery,Delivered
5219,65,66,2025-09-21,1,4204.22,15.0,3573.59,1287.44,Credit Card,Shipped
5220,5,9,2024-04-05,1,26733.44,15.0,22723.42,10214.13,Wallet,Returned
5221,654,14,2024-01-22,5,34858.1,10.0,156861.45,43855.54,Wallet,Delivered
5222,1003,76,2025-05-12,5,1202.91,20.0,4811.64,1933.26,UPI,Delivered
5223,268,16,2024-06-18,4,1240.5,30.0,3473.4,552.14,UPI,Processing
5224,895,35,2025-09-30,3,13294.83,5.0,37890.27,9535.89,Net Banking,Delivered
5225,513,84,2024-09-15,3,4924.84,5.0,14035.79,2764.53,Net Banking,Returned
5226,134,82,2025-11-25,3,16836.84,20.0,40408.42,17733.44,Net Banking,Delivered
5227,1192,89,2024-11-03,1,3476.46,10.0,3128.81,1075.84,Wallet,Shipped
5228,811,6,2024-02-17,4,8514.19,20.0,27245.41,10692.59,Credit Card,Delivered
5229,791,17,2024-04-28,4,41583.23,0.0,166332.92,59784.39,Wallet,Delivered
5230,639,16,2025-11-28,1,1240.5,15.0,1054.42,335.58,Wallet,Delivered
5231,414,56,2024-09-20,2,1831.05,15.0,3112.78,1264.8,Credit Card,Delivered
5232,861,8,2025-01-01,1,2763.21,5.0,2625.05,826.72,UPI,Delivered
5233,531,100,2024-07-19,2,4404.3,0.0,8808.6,2578.58,Cash on Delivery,Cancelled
5234,387,58,2024-06-02,4,3255.82,15.0,11069.79,4357.1,Wallet,Delivered
5235,277,50,2024-01-17,3,12152.7,10.0,32812.29,9010.64,Debit Card,Delivered
5236,861,15,2025-03-16,1,27037.12,15.0,22981.55,7471.54,Wallet,Delivered
5237,1012,14,2025-06-03,2,34858.1,10.0,62744.58,13849.15,Cash on Delivery,Shipped
5238,261,68,2024-02-27,1,3680.19,10.0,3312.17,1023.64,UPI,Delivered
5239,934,12,2025-12-15,3,2947.1,10.0,7957.17,2587.93,,Delivered
5240,370,50,2024-05-14,1,12152.7,15.0,10329.8,3029.86,Credit Card,Cancelled
5241,382,84,2025-08-08,1,4924.84,5.0,4678.6,859.42,Net Banking,Delivered
5242,378,77,2025-05-08,2,1568.22,0.0,3136.44,1217.04,Net Banking,Delivered
5243,786,17,2024-06-30,1,41583.23,15.0,35345.75,11594.49,Wallet,Delivered
5244,80,70,2025-11-25,4,2491.61,5.0,9468.12,2629.41,UPI,Delivered
5245,636,20,2025-06-08,1,580.65,30.0,406.45,109.01,Debit Card,Cancelled
5246,636,13,2025-03-10,3,6497.88,15.0,16569.59,5082.33,Credit Card,Delivered
5247,334,76,2025-12-03,1,1202.91,5.0,1142.76,386.64,Debit Card,Returned
5248,86,92,2024-12-28,4,1199.49,15.0,4078.27,879.55,UPI,Delivered
5249,583,49,2025-02-05,4,2372.32,5.0,9014.82,2440.32,Credit Card,Processing
5250,758,40,2025-10-13,3,2090.32,5.0,5957.41,1221.98,Wallet,Shipped
5251,24,38,2024-09-15,5,2438.66,25.0,9144.97,1990.79,Credit Card,Delivered
5252,69,15,2025-11-02,2,27037.12,10.0,48666.82,17850.2,Wallet,Shipped
5253,892,8,2024-06-23,3,2763.21,30.0,5802.74,2094.29,Debit Card,Delivered
5254,892,80,2024-07-29,1,4440.36,15.0,3774.31,836.09,Debit Card,Delivered
5255,1066,93,2025-07-08,1,2525.17,30.0,1767.62,503.43,Net Banking,Delivered
5256,471,22,2024-08-04,1,29648.84,30.0,20754.19,4629.69,Debit Card,Delivered
5257,474,33,2025-11-05,3,4963.0,25.0,11166.75,2423.99,Debit Card,Delivered
5258,260,82,2024-04-06,3,16836.84,0.0,50510.52,18945.12,Net Banking,Processing
5259,553,41,2024-01-12,5,4360.17,20.0,17440.68,6462.2,Credit Card,Delivered
5260,10,36,2025-05-30,1,9396.66,25.0,7047.49,1547.73,Debit Card,Delivered
5261,1177,2,2025-04-21,2,19784.61,15.0,33633.84,12610.32,Wallet,Delivered
5262,1006,16,2024-05-28,2,1240.5,15.0,2108.85,824.3,Cash on Delivery,Delivered
5263,169,70,2025-10-22,3,2491.61,10.0,6727.35,1635.41,Credit Card,Delivered
5264,825,39,2024-06-20,4,25526.93,5.0,97002.33,15637.12,Net Banking,Delivered
5265,582,75,2024-08-05,5,72689.52,10.0,327102.84,88010.87,UPI,Shipped
5266,127,87,2025-12-22,4,1767.23,10.0,6362.03,1296.67,Wallet,Processing
5267,969,33,2024-11-09,5,4963.0,5.0,23574.25,3685.51,Debit Card,Delivered
5268,1038,98,2024-10-08,5,7242.33,0.0,36211.65,10880.99,Wallet,Delivered
5269,529,39,2025-05-10,1,25526.93,5.0,24250.58,3760.41,Debit Card,Processing
5270,970,54,2025-01-07,1,3017.65,15.0,2565.0,633.02,Net Banking,Cancelled
5271,1147,25,2024-08-01,5,2695.33,25.0,10107.49,3276.97,UPI,Cancelled
5272,1173,4,2024-01-30,3,7110.01,20.0,17064.02,3667.03,UPI,Delivered
5273,193,50,2024-10-16,3,12152.7,10.0,32812.29,14085.11,Cash on Delivery,Processing
5274,263,45,2024-02-23,2,2560.89,15.0,4353.51,709.85,Net Banking,Returned
5275,299,95,2024-04-14,3,10524.46,0.0,31573.38,11581.43,Cash on Delivery,Delivered
5276,571,3,2024-01-28,3,4826.77,10.0,13032.28,3593.61,Credit Card,Returned
5277,449,40,2024-10-28,1,2090.32,15.0,1776.77,608.74,Net Banking,Delivered
5278,1082,14,2024-08-23,4,34858.1,15.0,118517.54,33596.2,Cash on Delivery,Delivered
5279,596,38,2024-03-19,1,2438.66,20.0,1950.93,734.18,Net Banking,Delivered
5280,145,37,2025-02-27,1,16932.2,30.0,11852.54,3073.88,Credit Card,Cancelled
5281,155,31,2024-11-10,3,7500.95,10.0,20252.56,6602.64,Net Banking,Delivered
5282,58,1,2025-09-27,4,309.05,0.0,1236.2,549.56,Wallet,Delivered
5283,257,64,2025-12-04,2,5281.37,20.0,8450.19,3787.81,UPI,Cancelled
5284,859,53,2024-02-02,5,328.56,25.0,1232.1,356.38,Wallet,Delivered
5285,1196,57,2025-11-02,2,1664.71,30.0,2330.59,668.67,Cash on Delivery,Shipped
5286,959,1,2024-07-29,4,309.05,25.0,927.15,310.72,Net Banking,Delivered
5287,607,96,2025-12-29,2,18704.42,25.0,28056.63,11124.9,Net Banking,Shipped
5288,951,78,2024-03-28,5,2305.12,10.0,10373.04,2621.92,UPI,Delivered
5289,1185,28,2025-10-04,3,4976.19,30.0,10450.0,4320.49,Cash on Delivery,Cancelled
5290,774,72,2025-01-30,1,4148.6,15.0,3526.31,875.3,Wallet,Processing
5291,453,20,2024-11-20,3,580.65,15.0,1480.66,612.93,Credit Card,Processing
5292,547,7,2024-01-30,2,4635.61,5.0,8807.66,3499.07,Debit Card,Delivered
5293,920,3,2025-06-08,3,4826.77,0.0,14480.31,2495.42,Wallet,Delivered
5294,1060,37,2024-02-18,2,16932.2,0.0,33864.4,7774.03,Credit Card,Delivered
5295,305,55,2025-04-11,5,3119.28,20.0,12477.12,4084.2,Cash on Delivery,Delivered
5296,733,56,2025-04-01,2,1831.05,10.0,3295.89,1234.1,UPI,Delivered
5297,837,42,2025-03-20,4,1050.19,10.0,3780.68,586.8,Wallet,Returned
5298,363,69,2024-05-21,4,23193.07,5.0,88133.67,33369.78,Credit Card,Delivered
5299,225,63,2024-11-13,2,23080.16,0.0,46160.32,17082.72,Net Banking,
5300,815,47,2024-04-24,3,3006.6,20.0,7215.84,1722.91,UPI,Delivered
5301,1083,53,2025-08-19,2,328.56,15.0,558.55,129.26,Debit Card,Delivered
5302,926,25,2025-05-11,2,2695.33,20.0,4312.53,1046.93,Debit Card,Processing
5303,767,17,2024-03-20,2,41583.23,5.0,79008.14,24957.04,Credit Card,Shipped
5304,558,16,2025-02-20,2,1240.5,15.0,2108.85,776.34,Net Banking,Delivered
5305,466,22,2025-01-25,4,29648.84,0.0,118595.36,42121.77,Net Banking,Delivered
5306,337,90,2025-11-06,1,12971.56,0.0,12971.56,3734.99,Wallet,Delivered
5307,130,80,2025-03-08,2,4440.36,5.0,8436.68,2571.24,Cash on Delivery,Returned
5308,523,10,2024-01-25,5,46405.07,5.0,220424.08,89600.26,Wallet,Shipped
5309,1014,53,2025-04-25,5,328.56,15.0,1396.38,416.62,Credit Card,Returned
5310,248,28,2025-04-30,3,4976.19,20.0,11942.86,5011.45,Net Banking,Cancelled
5311,285,51,2025-08-27,5,3311.31,20.0,13245.24,4167.24,Wallet,Shipped
5312,924,19,2024-01-03,5,3365.11,15.0,14301.72,2834.01,Cash on Delivery,Processing
5313,993,18,2025-09-26,1,28107.47,5.0,26702.1,6079.06,Debit Card,Shipped
5314,1046,65,2025-08-22,5,21959.36,15.0,93327.28,14828.85,Net Banking,Delivered
5315,558,43,2025-10-20,2,16482.05,5.0,31315.89,8402.9,Wallet,Delivered
5316,316,18,2024-04-09,5,28107.47,5.0,133510.48,24154.57,Debit Card,Delivered
5317,700,80,2024-05-21,3,4440.36,0.0,13321.08,3218.82,Net Banking,Delivered
5318,58,16,2025-02-03,3,1240.5,25.0,2791.12,1084.51,Cash on Delivery,Shipped
5319,400,48,2025-11-02,4,1050.32,30.0,2940.9,853.18,Credit Card,Processing
5320,345,49,2025-01-20,3,2372.32,15.0,6049.42,1021.52,Wallet,Delivered
5321,972,74,2025-10-21,2,7241.27,15.0,12310.16,2059.44,Debit Card,Shipped
5322,785,61,2024-04-25,4,3726.63,15.0,12670.54,4064.95,Credit Card,Delivered
5323,777,73,2025-10-15,4,2450.92,0.0,9803.68,4268.55,Debit Card,Shipped
5324,455,78,2025-10-15,3,2305.12,0.0,6915.36,1368.27,Debit Card,Delivered
5325,506,64,2025-10-05,3,5281.37,25.0,11883.08,2834.43,Debit Card,Delivered
5326,1,44,2024-05-11,4,4408.77,10.0,15871.57,4564.42,Credit Card,Processing
5327,1176,9,2024-01-28,3,26733.44,25.0,60150.24,19268.88,Wallet,Processing
5328,624,56,2025-06-05,2,1831.05,30.0,2563.47,1125.71,Net Banking,Delivered
5329,820,43,2025-08-08,1,16482.05,5.0,15657.95,6341.08,Cash on Delivery,Delivered
5330,831,23,2025-09-01,5,5380.88,15.0,22868.74,8826.59,Credit Card,Delivered
5331,380,69,2024-12-29,1,23193.07,20.0,18554.46,4505.0,UPI,Delivered
5332,802,60,2025-10-08,5,38860.34,30.0,136011.19,58513.26,UPI,Delivered
5333,1067,93,2025-04-24,2,2525.17,25.0,3787.76,1030.43,Debit Card,Delivered
5334,1034,88,2025-02-10,3,2398.33,0.0,7194.99,1750.64,Credit Card,Shipped
5335,315,74,2025-05-11,4,7241.27,20.0,23172.06,7163.02,UPI,Processing
5336,418,91,2025-05-02,1,952.87,10.0,857.58,339.04,Credit Card,Processing
5337,526,25,2024-04-05,4,2695.33,20.0,8625.06,1315.48,Credit Card,Cancelled
5338,520,12,2025-04-30,2,2947.1,10.0,5304.78,1759.94,UPI,Delivered
5339,218,44,2024-07-15,1,4408.77,25.0,3306.58,1128.97,Net Banking,Shipped
5340,220,2,2025-09-18,5,19784.61,25.0,74192.29,13754.08,Wallet,Delivered
5341,1139,51,2024-06-07,2,3311.31,25.0,4966.97,2096.81,UPI,Delivered
5342,666,61,2025-09-13,1,3726.63,25.0,2794.97,479.58,Debit Card,Delivered
5343,1127,76,2025-04-28,2,1202.91,10.0,2165.24,796.13,Net Banking,Delivered
5344,740,23,2025-06-25,2,5380.88,10.0,9685.58,4344.73,Cash on Delivery,Delivered
5345,1114,28,2025-01-23,5,4976.19,10.0,22392.85,5077.12,UPI,Delivered
5346,1124,96,2025-02-14,3,18704.42,15.0,47696.27,19857.57,Wallet,Processing
5347,395,91,2025-12-02,4,952.87,20.0,3049.18,680.86,Net Banking,Delivered
5348,736,48,2025-10-27,1,1050.32,20.0,840.26,287.53,UPI,Shipped
5349,647,81,2024-09-22,4,11328.45,5.0,43048.11,11481.99,Debit Card,Delivered
5350,258,27,2025-01-10,3,52193.82,30.0,109607.02,30468.52,Wallet,Processing
5351,970,25,2025-06-13,2,2695.33,20.0,4312.53,923.74,Cash on Delivery,Delivered
5352,891,25,2024-09-17,5,2695.33,20.0,10781.32,3843.28,UPI,Delivered
5353,739,58,2025-09-13,1,3255.82,10.0,2930.24,679.27,UPI,Delivered
5354,344,97,2025-12-15,1,1127.53,5.0,1071.15,262.23,UPI,Delivered
5355,47,98,2024-03-02,1,7242.33,25.0,5431.75,1648.19,Credit Card,Delivered
5356,273,62,2024-10-28,2,385.07,5.0,731.63,265.99,Credit Card,Delivered
5357,367,9,2024-03-30,1,26733.44,10.0,24060.1,5721.8,Net Banking,Delivered
5358,1174,70,2025-12-11,5,2491.61,25.0,9343.54,2701.2,Cash on Delivery,Delivered
5359,640,79,2025-06-10,3,1836.83,25.0,4132.87,752.52,Debit Card,Delivered
5360,637,18,2024-11-29,1,28107.47,20.0,22485.98,5729.92,Cash on Delivery,Delivered
5361,40,97,2025-07-23,2,1127.53,5.0,2142.31,828.4,Cash on Delivery,Delivered
5362,84,59,2024-01-31,2,25615.37,0.0,51230.74,20369.12,UPI,Returned
5363,492,55,2025-12-02,1,3119.28,15.0,2651.39,715.25,Debit Card,Delivered
5364,658,95,2025-04-25,4,10524.46,5.0,39992.95,6062.28,UPI,Delivered
5365,823,15,2025-02-14,2,27037.12,20.0,43259.39,17958.05,Credit Card,Delivered
5366,425,47,2024-06-15,2,3006.6,0.0,6013.2,1882.31,Debit Card,Delivered
5367,1001,98,2025-01-08,4,7242.33,0.0,28969.32,11378.64,UPI,Shipped
5368,884,29,2024-09-23,2,1126.75,15.0,1915.47,703.13,UPI,Delivered
5369,707,35,2025-06-02,4,13294.83,10.0,47861.39,20952.09,Credit Card,Delivered
5370,145,25,2025-01-16,4,2695.33,15.0,9164.12,2756.86,Cash on Delivery,Delivered
5371,423,97,2025-11-01,5,1127.53,10.0,5073.89,1288.56,Wallet,Delivered
5372,25,100,2024-08-20,1,4404.3,25.0,3303.23,809.64,Cash on Delivery,Shipped
5373,621,4,2024-05-02,5,7110.01,0.0,35550.05,5898.73,Debit Card,Delivered
5374,171,37,2025-02-15,5,16932.2,0.0,84661.0,21135.77,UPI,Shipped
5375,1183,30,2025-07-07,3,23124.95,15.0,58968.62,23690.39,Credit Card,Shipped
5376,529,22,2025-10-09,4,29648.84,20.0,94876.29,28415.05,Debit Card,Shipped
5377,89,79,2025-02-13,3,1836.83,0.0,5510.49,1032.55,Wallet,Shipped
5378,722,29,2025-01-07,5,1126.75,15.0,4788.69,1383.71,Credit Card,Delivered
5379,364,15,2025-06-03,4,27037.12,10.0,97333.63,23340.74,,Delivered
5380,57,92,2024-02-23,4,1199.49,15.0,4078.27,1282.95,Cash on Delivery,
5381,626,33,2025-04-15,3,4963.0,20.0,11911.2,3483.84,Wallet,Returned
5382,791,35,2025-05-23,1,13294.83,5.0,12630.09,2387.63,UPI,Delivered
5383,391,51,2024-01-12,5,3311.31,20.0,13245.24,5500.75,Cash on Delivery,Delivered
5384,889,17,2025-10-20,1,41583.23,15.0,35345.75,15813.21,Net Banking,Delivered
5385,141,42,2024-07-31,4,1050.19,15.0,3570.65,693.56,UPI,Delivered
5386,42,72,2025-03-12,4,4148.6,15.0,14105.24,4659.58,Net Banking,Delivered
5387,38,70,2024-03-05,5,2491.61,20.0,9966.44,2388.27,Credit Card,Processing
5388,761,37,2025-07-21,5,16932.2,10.0,76194.9,14445.33,UPI,
5389,876,71,2025-10-27,2,4556.8,20.0,7290.88,2774.42,Cash on Delivery,Delivered
5390,269,88,2025-02-21,1,2398.33,15.0,2038.58,483.69,Debit Card,Delivered
5391,94,29,2024-04-10,4,1126.75,25.0,3380.25,624.22,Net Banking,Delivered
5392,156,56,2025-08-07,5,1831.05,15.0,7781.96,2503.52,Credit Card,Shipped
5393,1126,4,2025-05-31,2,7110.01,10.0,12798.02,4151.65,Wallet,Delivered
5394,138,30,2025-01-30,4,23124.95,10.0,83249.82,33034.58,UPI,Returned
5395,297,14,2025-02-06,4,34858.1,10.0,125489.16,45653.03,UPI,Shipped
5396,1025,27,2025-03-29,1,52193.82,5.0,49584.13,18199.97,UPI,Delivered
5397,185,93,2025-04-09,3,2525.17,10.0,6817.96,2922.99,Cash on Delivery,Delivered
5398,462,10,2024-09-23,1,46405.07,15.0,39444.31,15278.31,Wallet,Delivered
5399,62,58,2024-06-20,1,3255.82,25.0,2441.87,675.32,Debit Card,Shipped
5400,591,56,2024-05-26,5,1831.05,15.0,7781.96,3128.34,UPI,Delivered
5401,297,93,2024-01-07,4,2525.17,0.0,10100.68,1829.18,Cash on Delivery,Processing
5402,82,32,2024-10-29,2,5563.34,15.0,9457.68,3975.74,Net Banking,Cancelled
5403,459,15,2024-06-13,5,27037.12,0.0,135185.6,53857.6,Cash on Delivery,Delivered
5404,70,54,2025-03-07,5,3017.65,20.0,12070.6,3518.41,Net Banking,Delivered
5405,504,33,2025-07-27,4,4963.0,25.0,14889.0,5113.03,Net Banking,Delivered
5406,428,48,2024-06-15,2,1050.32,0.0,2100.64,419.21,Net Banking,Delivered
5407,554,18,2025-10-03,1,28107.47,10.0,25296.72,5633.74,Credit Card,Delivered
5408,1093,39,2024-06-20,5,25526.93,20.0,102107.72,25068.12,Cash on Delivery,Delivered
5409,800,57,2024-02-22,1,1664.71,5.0,1581.47,271.88,Net Banking,Delivered
5410,51,99,2024-06-14,1,2129.54,25.0,1597.15,658.4,UPI,Delivered
5411,654,84,2024-02-03,1,4924.84,0.0,4924.84,1711.05,Debit Card,Delivered
5412,178,1,2025-03-08,1,309.05,15.0,262.69,46.06,Credit Card,Delivered
5413,259,22,2024-05-16,1,29648.84,0.0,29648.84,9814.12,Cash on Delivery,Delivered
5414,587,69,2024-08-24,5,23193.07,20.0,92772.28,30811.36,UPI,Shipped
5415,52,56,2025-06-25,2,1831.05,15.0,3112.78,1394.06,UPI,Delivered
5416,829,48,2025-01-10,5,1050.32,15.0,4463.86,1068.13,Net Banking,Delivered
5417,86,49,2025-07-13,1,2372.32,5.0,2253.7,886.2,Net Banking,Shipped
5418,719,81,2025-08-30,4,11328.45,20.0,36251.04,6643.97,Net Banking,Delivered
5419,684,73,2025-12-29,2,2450.92,10.0,4411.66,710.74,UPI,Cancelled
5420,248,11,2025-08-25,3,11133.39,15.0,28390.14,7795.6,Wallet,Delivered
5421,336,41,2024-05-02,5,4360.17,10.0,19620.76,5964.53,Cash on Delivery,Delivered
5422,1196,54,2025-08-24,3,3017.65,0.0,9052.95,2462.15,Credit Card,Delivered
5423,38,79,2025-01-23,1,1836.83,0.0,1836.83,352.85,Net Banking,Delivered
5424,577,10,2024-06-13,5,46405.07,25.0,174019.01,51334.19,Wallet,Delivered
5425,1139,99,2024-11-06,5,2129.54,15.0,9050.55,2371.97,Credit Card,Delivered
5426,528,85,2025-05-13,2,2785.07,15.0,4734.62,973.75,Cash on Delivery,Delivered
5427,532,87,2025-09-07,2,1767.23,,2474.12,961.14,UPI,Shipped
5428,193,51,2024-03-09,4,3311.31,20.0,10596.19,3788.72,Credit Card,Processing
5429,1014,16,2024-07-18,2,1240.5,10.0,2232.9,683.0,Cash on Delivery,Delivered
5430,493,50,2024-08-28,1,12152.7,15.0,10329.8,3181.09,UPI,Delivered
5431,325,22,2025-01-11,5,29648.84,5.0,140831.99,24465.71,Cash on Delivery,Returned
5432,261,89,2024-11-02,3,3476.46,10.0,9386.44,1579.23,Net Banking,Delivered
5433,162,74,2024-07-17,1,7241.27,15.0,6155.08,1400.45,Net Banking,Shipped
5434,566,76,2025-07-15,2,1202.91,5.0,2285.53,756.44,Net Banking,Shipped
5435,837,28,2024-05-07,4,4976.19,5.0,18909.52,3231.86,Cash on Delivery,Delivered
5436,724,19,2025-08-16,3,3365.11,0.0,10095.33,3612.93,Cash on Delivery,Delivered
5437,357,35,2025-05-21,2,13294.83,10.0,23930.69,9749.01,Wallet,Delivered
5438,144,99,2024-02-21,3,2129.54,5.0,6069.19,2608.11,Net Banking,Processing
5439,453,59,2024-10-13,5,25615.37,30.0,89653.79,24380.51,Credit Card,Delivered
5440,956,25,2025-05-25,3,2695.33,20.0,6468.79,2707.72,Net Banking,Returned
5441,267,42,2025-02-18,4,1050.19,30.0,2940.53,552.84,Net Banking,Delivered
5442,375,66,2025-04-19,1,4204.22,10.0,3783.8,961.04,Net Banking,Cancelled
5443,886,31,2024-11-24,1,7500.95,20.0,6000.76,1638.94,Credit Card,Shipped
5444,1087,71,2024-10-17,1,4556.8,25.0,3417.6,1181.66,Net Banking,Delivered
5445,380,63,2024-08-15,1,23080.16,30.0,16156.11,6455.02,Net Banking,Returned
5446,450,55,2024-02-28,5,3119.28,0.0,15596.4,2404.78,UPI,Returned
5447,352,39,2025-11-16,4,25526.93,20.0,81686.18,34312.7,Credit Card,Cancelled
5448,283,57,2024-05-01,4,1664.71,5.0,6325.9,1788.43,Net Banking,Delivered
5449,145,22,2025-03-29,1,29648.84,30.0,20754.19,8635.22,Wallet,Delivered
5450,499,3,2024-08-09,5,4826.77,10.0,21720.47,5698.69,Cash on Delivery,Delivered
5451,93,87,2024-09-02,5,1767.23,5.0,8394.34,1888.45,Debit Card,Cancelled
5452,952,90,2025-12-05,2,12971.56,10.0,23348.81,8454.81,Cash on Delivery,Cancelled
5453,1100,92,2025-11-22,1,1199.49,15.0,1019.57,419.29,Credit Card,Delivered
5454,302,55,2024-08-15,4,3119.28,0.0,12477.12,3317.27,Cash on Delivery,Delivered
5455,1012,79,2025-03-31,1,1836.83,10.0,1653.15,398.19,Cash on Delivery,Delivered
5456,855,37,2024-12-03,4,16932.2,10.0,60955.92,24685.05,Wallet,Returned
5457,1059,81,2025-10-11,2,11328.45,25.0,16992.68,6360.52,Debit Card,Shipped
5458,993,52,2024-12-18,5,2413.75,20.0,9655.0,3968.42,Wallet,Shipped
5459,1028,79,2025-11-14,3,1836.83,10.0,4959.44,1882.89,Net Banking,Delivered
5460,1169,50,2025-01-14,3,12152.7,0.0,36458.1,15516.98,Net Banking,Delivered
5461,784,7,2024-12-14,5,4635.61,5.0,22019.15,8411.96,Cash on Delivery,Cancelled
5462,645,36,2024-02-05,2,9396.66,20.0,15034.66,4423.89,Credit Card,Delivered
5463,1079,2,2025-01-20,5,19784.61,15.0,84084.59,16790.82,,Shipped
5464,1157,77,2024-01-23,4,1568.22,15.0,5331.95,2233.76,Cash on Delivery,Delivered
5465,1015,17,2024-02-14,5,41583.23,20.0,166332.92,39877.29,Wallet,Shipped
5466,916,84,2025-09-17,2,4924.84,5.0,9357.2,2549.6,Credit Card,Processing
5467,257,84,2025-02-16,5,4924.84,20.0,19699.36,7489.25,Net Banking,Delivered
5468,277,27,2025-04-20,3,52193.82,0.0,156581.46,47824.64,Net Banking,Processing
5469,363,25,2025-07-04,4,2695.33,5.0,10242.25,2901.62,Wallet,Delivered
5470,842,97,2025-06-24,3,1127.53,10.0,3044.33,552.57,Cash on Delivery,Processing
5471,1046,53,2024-08-15,1,328.56,10.0,295.7,103.81,Wallet,Shipped
5472,315,89,2025-11-04,5,3476.46,20.0,13905.84,3663.99,UPI,Shipped
5473,422,85,2025-07-07,2,2785.07,15.0,4734.62,1737.38,Credit Card,Delivered
5474,342,86,2024-01-06,5,1823.21,5.0,8660.25,3585.69,Credit Card,Delivered
5475,375,11,2024-09-04,1,11133.39,15.0,9463.38,2409.35,Wallet,Cancelled
5476,1135,41,2025-09-30,2,4360.17,5.0,8284.32,3285.17,Cash on Delivery,Returned
5477,360,96,2025-05-02,3,18704.42,15.0,47696.27,21386.44,Wallet,Delivered
5478,179,90,2024-05-12,1,12971.56,20.0,10377.25,2176.8,Debit Card,Cancelled
5479,205,24,2024-01-03,3,11430.81,15.0,29148.57,8035.51,Net Banking,Delivered
5480,1199,42,2024-02-22,5,1050.19,15.0,4463.31,1489.98,Debit Card,Delivered
5481,1000,26,2024-03-25,3,56093.06,20.0,134623.34,54568.27,Debit Card,Shipped
5482,1039,91,2024-03-19,4,952.87,0.0,3811.48,1611.83,UPI,Shipped
5483,939,95,2025-12-23,1,10524.46,10.0,9472.01,1802.0,Wallet,Delivered
5484,607,8,2024-12-11,2,2763.21,5.0,5250.1,847.34,UPI,Shipped
5485,1059,29,2025-10-26,5,1126.75,10.0,5070.38,2067.4,Credit Card,Shipped
5486,1159,88,2025-07-04,3,2398.33,10.0,6475.49,1077.34,UPI,Delivered
5487,985,88,2025-12-19,4,2398.33,10.0,8633.99,1588.51,Wallet,Cancelled
5488,1108,1,2024-10-24,1,309.05,10.0,278.15,114.32,Net Banking,Cancelled
5489,327,99,2024-09-27,1,2129.54,20.0,1703.63,281.48,Credit Card,Delivered
5490,730,71,2024-01-11,4,4556.8,30.0,12759.04,4674.15,Net Banking,Delivered
5491,585,80,2025-10-29,5,4440.36,30.0,15541.26,3083.36,Credit Card,Returned
5492,713,66,2025-03-25,1,4204.22,0.0,4204.22,1317.45,Net Banking,Delivered
5493,295,90,2025-11-15,1,12971.56,10.0,11674.4,1768.44,Net Banking,Processing
5494,955,37,2025-06-05,4,16932.2,10.0,60955.92,12829.03,UPI,Cancelled
5495,546,36,2025-08-22,2,9396.66,5.0,17853.65,5098.66,Wallet,Delivered
5496,350,70,2024-10-12,1,2491.61,15.0,2117.87,735.14,Net Banking,Delivered
5497,10,29,2024-03-05,4,1126.75,10.0,4056.3,709.63,Net Banking,Processing
5498,339,10,2024-08-21,3,46405.07,20.0,111372.17,44291.37,Net Banking,Delivered
5499,106,13,2025-04-04,3,6497.88,25.0,14620.23,3963.97,Wallet,Delivered
5500,842,92,2024-12-08,2,1199.49,5.0,2279.03,942.35,Cash on Delivery,Delivered
5501,415,24,2025-10-22,5,11430.81,5.0,54296.35,22720.5,Cash on Delivery,Delivered
5502,166,49,2024-09-26,3,2372.32,0.0,7116.96,2910.94,Credit Card,Processing
5503,397,53,2025-05-10,4,328.56,5.0,1248.53,447.53,Net Banking,Delivered
5504,1179,25,2024-11-16,3,2695.33,0.0,8085.99,2298.56,Credit Card,Delivered
5505,163,33,2024-05-06,3,4963.0,10.0,13400.1,4163.92,UPI,Shipped
5506,1018,35,2024-07-23,3,13294.83,20.0,31907.59,12209.3,Credit Card,Cancelled
5507,889,84,2025-10-13,2,4924.84,20.0,7879.74,3093.55,Wallet,Returned
5508,30,36,2025-07-10,1,9396.66,25.0,7047.49,3011.07,Debit Card,Shipped
5509,542,96,2024-08-17,5,18704.42,10.0,84169.89,29131.76,Cash on Delivery,Delivered
5510,1071,77,2025-11-16,1,1568.22,5.0,1489.81,564.98,Credit Card,Delivered
5511,450,14,2024-01-23,2,34858.1,25.0,52287.15,22056.48,Cash on Delivery,Delivered
5512,738,74,2025-04-18,3,7241.27,25.0,16292.86,5364.43,Debit Card,Delivered
5513,212,14,2025-06-15,3,34858.1,0.0,104574.3,28764.32,Debit Card,Processing
5514,513,34,2024-11-01,5,6016.67,0.0,30083.35,7129.59,Net Banking,Returned
5515,1021,45,2024-06-20,1,2560.89,15.0,2176.76,884.74,UPI,Delivered
5516,562,42,2024-11-19,1,1050.19,5.0,997.68,299.81,Wallet,Delivered
5517,920,27,2024-05-16,4,52193.82,20.0,167020.22,31402.21,Wallet,
5518,334,8,2024-11-19,4,2763.21,20.0,8842.27,1973.4,Net Banking,Cancelled
5519,435,4,2025-03-13,5,7110.01,30.0,24885.03,10932.89,Net Banking,Processing
5520,376,38,2024-12-15,1,2438.66,10.0,2194.79,606.46,UPI,Cancelled
5521,69,83,2024-02-24,5,54575.66,10.0,245590.47,51701.18,Credit Card,Delivered
5522,121,29,2025-11-01,1,1126.75,15.0,957.74,388.11,Wallet,Delivered
5523,54,68,2025-07-10,2,3680.19,10.0,6624.34,1296.47,Net Banking,Delivered
5524,25,8,2024-06-23,2,2763.21,5.0,5250.1,2072.35,UPI,Delivered
5525,976,44,2025-05-13,3,4408.77,25.0,9919.73,2992.5,Wallet,Shipped
5526,767,69,2025-01-12,5,23193.07,25.0,86974.01,27705.34,Credit Card,Delivered
5527,417,56,2024-06-21,5,1831.05,15.0,7781.96,2435.2,Credit Card,Processing
5528,553,70,2024-08-29,4,2491.61,25.0,7474.83,3053.44,Wallet,Delivered
5529,699,91,2024-10-14,2,952.87,10.0,1715.17,659.93,Credit Card,Delivered
5530,66,18,2025-07-05,2,28107.47,0.0,56214.94,16470.14,Net Banking,Delivered
5531,646,65,2025-07-27,3,21959.36,30.0,46114.66,9290.49,Wallet,Delivered
5532,841,57,2025-03-08,3,1664.71,20.0,3995.3,709.29,Debit Card,Returned
5533,775,60,2024-09-01,4,38860.34,10.0,139897.22,62598.14,Credit Card,Returned
5534,844,53,2025-09-20,1,328.56,10.0,295.7,69.77,Wallet,Shipped
5535,386,55,2025-11-03,1,3119.28,15.0,2651.39,955.62,UPI,Returned
5536,845,87,2025-06-15,1,1767.23,10.0,1590.51,446.2,Credit Card,Shipped
5537,1108,15,2025-11-28,3,27037.12,25.0,60833.52,26871.6,Cash on Delivery,Cancelled
5538,874,85,2025-08-04,2,2785.07,20.0,4456.11,1312.74,Wallet,Delivered
5539,58,4,2024-09-03,1,7110.01,15.0,6043.51,2220.26,Cash on Delivery,Processing
5540,369,36,2024-03-22,5,9396.66,20.0,37586.64,16569.32,Credit Card,Delivered
5541,325,9,2025-05-15,4,26733.44,15.0,90893.7,24308.1,Credit Card,Shipped
5542,266,3,2024-08-08,3,4826.77,0.0,14480.31,6098.73,Net Banking,Delivered
5543,412,22,2025-08-18,1,29648.84,0.0,29648.84,5523.3,UPI,Shipped
5544,666,65,2024-07-29,4,21959.36,30.0,61486.21,26672.2,UPI,Processing
5545,252,67,2025-01-31,3,18767.35,20.0,45041.64,9935.3,Credit Card,Delivered
5546,1054,10,2024-06-05,4,46405.07,0.0,185620.28,62578.41,Net Banking,Shipped
5547,1020,26,2025-05-22,5,56093.06,30.0,196325.71,83875.64,Wallet,Delivered
5548,248,66,2024-01-28,4,4204.22,25.0,12612.66,5503.42,UPI,Delivered
5549,295,43,2024-05-04,1,16482.05,20.0,13185.64,2650.28,Wallet,Delivered
5550,474,97,2025-10-14,4,1127.53,15.0,3833.6,1273.83,Cash on Delivery,Delivered
5551,515,25,2025-04-23,3,2695.33,20.0,6468.79,2112.66,Wallet,Shipped
5552,822,30,2025-07-04,2,23124.95,5.0,43937.4,10537.6,Net Banking,Processing
5553,520,10,2025-07-12,5,46405.07,30.0,162417.74,40527.97,Credit Card,Shipped
5554,134,26,2024-09-17,4,56093.06,0.0,224372.24,52177.71,Credit Card,Delivered
5555,209,46,2024-09-15,2,1075.79,,1936.42,608.18,UPI,Delivered
5556,573,7,2024-10-05,3,4635.61,20.0,11125.46,3263.41,UPI,Processing
5557,711,43,2025-03-25,1,16482.05,10.0,14833.84,5634.51,Debit Card,Processing
5558,528,27,2024-03-26,2,52193.82,0.0,104387.64,34715.49,Debit Card,Delivered
5559,99,7,2024-03-16,1,4635.61,20.0,3708.49,1215.46,Net Banking,Shipped
5560,422,99,2024-03-02,3,2129.54,20.0,5110.9,1702.47,Wallet,Delivered
5561,489,40,2024-03-31,4,2090.32,0.0,8361.28,2078.48,UPI,Processing
5562,364,88,2025-12-20,4,2398.33,10.0,8633.99,2466.93,Credit Card,Delivered
5563,933,16,2024-11-18,3,1240.5,20.0,2977.2,496.57,UPI,Shipped
5564,871,3,2024-06-19,2,4826.77,15.0,8205.51,2153.5,UPI,Processing
5565,766,45,2025-08-26,1,2560.89,5.0,2432.85,747.08,Net Banking,Delivered
5566,375,17,2024-03-19,3,41583.23,10.0,112274.72,18010.81,Debit Card,Cancelled
5567,612,19,2024-11-24,4,3365.11,15.0,11441.37,1969.87,Wallet,Delivered
5568,730,60,2024-05-23,4,38860.34,25.0,116581.02,35573.79,Wallet,Delivered
5569,581,55,2024-03-29,4,3119.28,15.0,10605.55,4382.33,Cash on Delivery,Delivered
5570,390,5,2024-09-13,3,18086.09,30.0,37980.79,14333.97,Cash on Delivery,Cancelled
5571,681,72,2025-05-17,3,4148.6,5.0,11823.51,3862.92,Debit Card,Shipped
5572,1195,16,2025-03-08,4,1240.5,10.0,4465.8,1355.61,UPI,Shipped
5573,242,86,2025-09-06,3,1823.21,10.0,4922.67,1799.8,Cash on Delivery,Delivered
5574,166,45,2024-08-11,5,2560.89,10.0,11524.0,2214.11,Cash on Delivery,Returned
5575,1178,8,2024-06-20,4,2763.21,0.0,11052.84,4735.94,Net Banking,Delivered
5576,331,46,2025-04-29,2,1075.79,15.0,1828.84,507.31,Cash on Delivery,Processing
5577,73,78,2024-04-30,5,2305.12,20.0,9220.48,3164.82,Wallet,Delivered
5578,630,31,2024-03-19,5,7500.95,25.0,28128.56,4350.85,Cash on Delivery,Delivered
5579,529,10,2025-05-28,1,46405.07,20.0,37124.06,9669.98,Wallet,Cancelled
5580,908,5,2024-06-14,2,18086.09,20.0,28937.74,10770.12,Debit Card,Delivered
5581,373,45,2025-03-18,3,2560.89,30.0,5377.87,2252.71,Debit Card,Returned
5582,582,45,2024-09-11,5,2560.89,25.0,9603.34,3628.31,Cash on Delivery,Delivered
5583,1038,8,2025-07-13,1,2763.21,10.0,2486.89,1024.94,Wallet,Processing
5584,487,92,2024-08-06,3,1199.49,5.0,3418.55,822.21,Debit Card,Delivered
5585,793,14,2024-03-27,5,34858.1,20.0,139432.4,35457.89,Net Banking,Delivered
5586,868,87,2024-08-06,5,1767.23,20.0,7068.92,1137.12,Debit Card,Shipped
5587,304,38,2024-01-05,4,2438.66,20.0,7803.71,2932.33,Wallet,Delivered
5588,523,60,2024-10-21,5,38860.34,10.0,174871.53,45482.37,Cash on Delivery,Delivered
5589,810,15,2024-10-19,4,27037.12,15.0,91926.21,18602.44,Credit Card,Processing
5590,815,61,2024-04-23,1,3726.63,10.0,3353.97,758.16,Net Banking,Delivered
5591,598,6,2025-05-20,3,8514.19,20.0,20434.06,7584.38,Credit Card,Processing
5592,786,14,2024-02-17,4,34858.1,25.0,104574.3,43092.35,Net Banking,Delivered
5593,279,63,2024-08-10,3,23080.16,20.0,55392.38,14473.15,Credit Card,Delivered
5594,692,35,2024-02-27,2,13294.83,5.0,25260.18,3820.48,Net Banking,Delivered
5595,420,8,2025-10-17,4,2763.21,0.0,11052.84,3630.61,Cash on Delivery,Processing
5596,1113,34,2024-06-19,5,6016.67,15.0,25570.85,7775.28,Credit Card,Delivered
5597,910,16,2024-07-20,5,1240.5,10.0,5582.25,1173.93,Cash on Delivery,Delivered
5598,228,84,2025-01-04,4,4924.84,15.0,16744.46,6909.42,Credit Card,Cancelled
5599,641,75,2025-08-27,2,72689.52,15.0,123572.18,22162.59,Credit Card,Delivered
5600,507,59,2025-08-07,5,25615.37,20.0,102461.48,39474.12,UPI,Shipped
5601,248,44,2025-09-19,1,4408.77,25.0,3306.58,945.81,Net Banking,Shipped
5602,377,29,2024-12-28,3,1126.75,15.0,2873.21,457.24,UPI,Delivered
5603,1197,87,2024-11-03,4,1767.23,0.0,7068.92,1632.97,Net Banking,Processing
5604,530,70,2025-04-09,3,2491.61,5.0,7101.09,2444.68,UPI,Delivered
5605,576,94,2024-05-10,5,4986.96,20.0,19947.84,5747.51,Cash on Delivery,Shipped
5606,112,20,2024-03-04,4,580.65,5.0,2206.47,382.23,UPI,Shipped
5607,772,8,2025-11-25,5,2763.21,20.0,11052.84,2972.19,Credit Card,Delivered
5608,153,35,2024-08-07,3,13294.83,15.0,33901.82,12436.13,Net Banking,Delivered
5609,231,52,2025-04-23,5,2413.75,5.0,11465.31,2663.15,Credit Card,Shipped
5610,1195,36,2024-11-18,2,9396.66,25.0,14094.99,3093.15,Cash on Delivery,Delivered
5611,955,14,2024-04-03,1,34858.1,0.0,34858.1,8214.07,Net Banking,Shipped
5612,321,34,2025-05-01,4,6016.67,0.0,24066.68,8625.69,Net Banking,Delivered
5613,891,92,2025-10-04,2,1199.49,0.0,2398.98,1077.73,Credit Card,Shipped
5614,734,87,2025-12-28,5,1767.23,0.0,8836.15,1910.25,Credit Card,Delivered
5615,493,34,2025-06-24,5,6016.67,15.0,25570.85,8435.7,Debit Card,Delivered
5616,1141,3,2024-01-16,4,4826.77,0.0,19307.08,6326.46,Credit Card,Processing
5617,685,98,2025-11-22,4,7242.33,25.0,21726.99,7114.29,Credit Card,Delivered
5618,364,1,2025-01-01,5,309.05,0.0,1545.25,263.35,Credit Card,Delivered
5619,118,74,2024-04-03,1,7241.27,15.0,6155.08,1523.75,Debit Card,Delivered
5620,282,30,2025-03-09,5,23124.95,10.0,104062.28,35083.76,Net Banking,Delivered
5621,1040,30,2025-05-17,5,23124.95,5.0,109843.51,34005.84,Wallet,Processing
5622,813,15,2024-02-29,3,27037.12,15.0,68944.66,26942.58,Net Banking,Delivered
5623,670,85,2025-06-05,3,2785.07,0.0,8355.21,2310.98,Net Banking,Delivered
5624,453,13,2024-07-28,5,6497.88,15.0,27615.99,9085.66,Credit Card,Delivered
5625,1108,64,2025-10-30,4,5281.37,15.0,17956.66,7739.23,Credit Card,Returned
5626,124,63,2024-05-18,5,23080.16,20.0,92320.64,19613.46,Credit Card,Cancelled
5627,730,40,2024-03-10,5,2090.32,0.0,10451.6,2111.64,Cash on Delivery,Returned
5628,327,38,2025-09-27,3,2438.66,15.0,6218.58,2398.28,Cash on Delivery,Delivered
5629,785,4,2024-03-30,4,7110.01,0.0,28440.04,10594.3,UPI,Processing
5630,295,64,2024-10-19,1,5281.37,5.0,5017.3,1754.9,Net Banking,Delivered
5631,203,20,2024-01-30,4,580.65,10.0,2090.34,323.8,Cash on Delivery,Delivered
5632,296,96,2025-11-06,1,18704.42,15.0,15898.76,6564.95,Wallet,Delivered
5633,699,59,2025-11-27,2,25615.37,5.0,48669.2,14141.75,Debit Card,Cancelled
5634,212,96,2024-02-24,2,18704.42,15.0,31797.51,4926.43,Wallet,Processing
5635,79,16,2025-08-03,2,1240.5,0.0,2481.0,573.79,Credit Card,Shipped
5636,203,22,2025-09-20,5,29648.84,15.0,126007.57,22862.97,Debit Card,Processing
5637,693,14,2024-11-19,2,34858.1,15.0,59258.77,21968.37,UPI,Returned
5638,608,65,2024-11-27,2,21959.36,5.0,41722.78,7496.36,Credit Card,Delivered
5639,671,20,2025-05-04,3,580.65,10.0,1567.75,524.1,Cash on Delivery,Delivered
5640,695,49,2024-02-20,3,2372.32,20.0,5693.57,1910.17,Debit Card,Returned
5641,1005,24,2024-07-23,3,11430.81,20.0,27433.94,7836.26,Cash on Delivery,Delivered
5642,47,53,2025-12-07,4,328.56,0.0,1314.24,583.03,Debit Card,Delivered
5643,7,19,2025-10-15,5,3365.11,30.0,11777.88,1976.81,Debit Card,Delivered
5644,450,61,2024-08-18,3,3726.63,15.0,9502.91,3745.46,UPI,Delivered
5645,608,85,2024-09-05,4,2785.07,25.0,8355.21,2939.18,Credit Card,Delivered
5646,1045,59,2024-02-23,1,25615.37,15.0,21773.06,6975.49,Debit Card,Processing
5647,351,36,2025-04-12,5,9396.66,0.0,46983.3,10988.35,Wallet,Delivered
5648,1115,17,2025-10-04,3,41583.23,0.0,124749.69,31016.09,Cash on Delivery,Shipped
5649,675,1,2024-08-11,3,309.05,0.0,927.15,335.72,Wallet,Returned
5650,1184,93,2025-05-15,1,2525.17,10.0,2272.65,996.64,Debit Card,Delivered
5651,977,79,2024-03-23,3,1836.83,15.0,4683.92,1979.75,Credit Card,Delivered
5652,1103,90,2024-10-06,4,12971.56,10.0,46697.62,12617.83,Credit Card,Shipped
5653,31,60,2024-11-11,1,38860.34,30.0,27202.24,6414.39,Credit Card,Delivered
5654,1060,70,2025-11-12,5,2491.61,15.0,10589.34,4691.72,Cash on Delivery,Delivered
5655,1097,84,2024-08-25,2,4924.84,20.0,7879.74,1818.35,Cash on Delivery,Delivered
5656,931,26,2025-10-27,1,56093.06,25.0,42069.79,13570.88,Credit Card,Delivered
5657,695,35,2025-07-02,4,13294.83,15.0,45202.42,18487.63,Debit Card,Shipped
5658,149,3,2024-06-24,4,4826.77,20.0,15445.66,5455.47,Credit Card,Delivered
5659,783,43,2024-08-15,3,16482.05,15.0,42029.23,18175.47,Cash on Delivery,Delivered
5660,545,75,2024-11-24,2,72689.52,10.0,130841.14,33621.26,UPI,Delivered
5661,782,96,2025-09-19,5,18704.42,10.0,84169.89,20681.67,Debit Card,Delivered
5662,763,70,2024-10-10,3,2491.61,5.0,7101.09,1970.18,Wallet,Delivered
5663,1108,17,2025-08-01,3,41583.23,25.0,93562.27,38856.7,UPI,Delivered
5664,228,83,2025-07-02,2,54575.66,15.0,92778.62,19704.39,Net Banking,Returned
5665,1119,20,2025-02-21,5,580.65,10.0,2612.93,1061.38,Credit Card,Delivered
5666,308,69,2025-10-19,3,23193.07,15.0,59142.33,26024.38,Debit Card,Delivered
5667,733,94,2025-08-06,5,4986.96,15.0,21194.58,8263.35,Wallet,Returned
5668,49,95,2024-01-05,5,10524.46,20.0,42097.84,7098.98,Credit Card,Delivered
5669,288,78,2025-02-24,2,2305.12,20.0,3688.19,1552.77,Net Banking,Shipped
5670,1038,45,2025-11-29,4,2560.89,25.0,7682.67,2211.69,Net Banking,Delivered
5671,1180,10,2024-02-08,5,46405.07,10.0,208822.82,56380.59,Credit Card,Processing
5672,781,66,2025-02-24,1,4204.22,15.0,3573.59,949.91,Net Banking,Delivered
5673,152,78,2024-04-16,5,2305.12,15.0,9796.76,3977.6,Net Banking,Processing
5674,449,92,2025-11-01,4,1199.49,30.0,3358.57,1232.55,Credit Card,Cancelled
5675,1018,94,2024-09-14,3,4986.96,30.0,10472.62,2986.98,Wallet,Processing
5676,455,89,2024-03-20,1,3476.46,5.0,3302.64,869.84,Credit Card,Shipped
5677,1128,84,2025-09-17,5,4924.84,25.0,18468.15,4532.11,Credit Card,Delivered
5678,1098,73,2025-06-14,5,2450.92,5.0,11641.87,4449.1,UPI,Delivered
5679,41,97,2025-01-08,3,1127.53,25.0,2536.94,778.87,UPI,Delivered
5680,840,67,2025-11-25,2,18767.35,20.0,30027.76,4951.16,UPI,Processing
5681,929,83,2025-10-21,2,54575.66,10.0,98236.19,40192.92,Credit Card,Delivered
5682,452,76,2025-07-23,1,1202.91,20.0,962.33,199.12,Wallet,Delivered
5683,733,20,2024-02-14,4,580.65,10.0,2090.34,652.48,Net Banking,Delivered
5684,1081,80,2024-07-30,1,4440.36,20.0,3552.29,1369.17,UPI,Shipped
5685,579,37,2024-10-05,4,16932.2,25.0,50796.6,19266.59,Debit Card,Delivered
5686,951,38,2024-04-13,2,2438.66,10.0,4389.59,675.35,Debit Card,Processing
5687,329,90,2025-02-19,1,12971.56,20.0,10377.25,2788.52,Wallet,Processing
5688,120,29,2025-09-16,4,1126.75,30.0,3154.9,1317.67,Wallet,Cancelled
5689,350,95,2025-09-30,4,10524.46,5.0,39992.95,13187.62,Debit Card,Delivered
5690,109,15,2025-11-03,4,27037.12,25.0,81111.36,30320.34,Wallet,Shipped
5691,520,50,2024-05-26,3,12152.7,10.0,32812.29,5500.84,Wallet,Processing
5692,950,8,2024-01-26,2,2763.21,15.0,4697.46,1185.56,Debit Card,Cancelled
5693,979,17,2025-04-11,1,41583.23,25.0,31187.42,9294.3,UPI,Cancelled
5694,648,28,2025-07-02,4,4976.19,5.0,18909.52,4984.11,Cash on Delivery,Delivered
5695,626,62,2024-01-09,3,385.07,0.0,1155.21,400.67,Debit Card,Delivered
5696,550,8,2024-03-13,3,2763.21,10.0,7460.67,2261.88,Wallet,Shipped
5697,161,72,2024-09-30,2,4148.6,5.0,7882.34,3056.81,Wallet,Delivered
5698,199,43,2025-03-17,3,16482.05,5.0,46973.84,11534.19,Net Banking,Delivered
5699,1102,91,2025-07-30,3,952.87,15.0,2429.82,885.02,Debit Card,Delivered
5700,614,73,2025-11-25,5,2450.92,10.0,11029.14,2344.19,UPI,Delivered
5701,1065,57,2025-02-09,5,1664.71,10.0,7491.19,3366.4,Debit Card,Delivered
5702,1111,88,2025-08-05,5,2398.33,0.0,11991.65,4120.32,UPI,Cancelled
5703,761,4,2025-09-30,2,7110.01,10.0,12798.02,5395.11,Wallet,Cancelled
5704,112,16,2025-05-23,2,1240.5,5.0,2356.95,1030.31,Credit Card,Delivered
5705,503,31,2025-04-30,5,7500.95,5.0,35629.51,11702.72,Credit Card,Delivered
5706,819,21,2025-07-25,3,727.97,0.0,2183.91,422.04,Cash on Delivery,Delivered
5707,832,10,2024-06-07,4,46405.07,20.0,148496.22,63659.9,Net Banking,Cancelled
5708,425,9,2025-05-04,1,26733.44,15.0,22723.42,6077.95,Net Banking,Shipped
5709,717,7,2025-03-24,2,4635.61,15.0,7880.54,1819.6,Debit Card,Shipped
5710,892,97,2025-03-04,4,1127.53,25.0,3382.59,592.22,Debit Card,Processing
5711,419,88,2024-01-05,5,2398.33,5.0,11392.07,3370.2,UPI,Delivered
5712,642,59,2025-09-12,1,25615.37,5.0,24334.6,8948.07,Credit Card,Delivered
5713,450,41,2024-02-29,1,4360.17,0.0,4360.17,1372.14,UPI,Shipped
5714,722,58,2024-03-08,4,3255.82,5.0,12372.12,3116.05,Wallet,Cancelled
5715,488,89,2024-07-20,3,3476.46,10.0,9386.44,1892.67,Net Banking,Processing
5716,736,98,2024-10-19,2,7242.33,25.0,10863.49,2485.52,Wallet,Returned
5717,329,46,2025-02-03,1,1075.79,15.0,914.42,232.25,UPI,Delivered
5718,590,46,2025-04-01,4,1075.79,20.0,3442.53,612.62,Credit Card,Delivered
5719,434,83,2024-08-03,1,54575.66,15.0,46389.31,7943.06,Wallet,Delivered
5720,100,72,2025-12-01,2,4148.6,10.0,7467.48,2332.11,UPI,Delivered
5721,800,19,2025-05-18,5,3365.11,15.0,14301.72,4745.75,Cash on Delivery,Delivered
5722,819,78,2024-11-16,2,2305.12,20.0,3688.19,1046.74,Wallet,Delivered
5723,991,85,2025-08-11,4,2785.07,10.0,10026.25,3255.15,Credit Card,Returned
5724,221,38,2025-04-21,2,2438.66,10.0,4389.59,780.92,Debit Card,Delivered
5725,24,76,2025-06-01,5,1202.91,25.0,4510.91,1525.07,Debit Card,Delivered
5726,919,10,2025-11-21,3,46405.07,15.0,118332.93,35146.59,UPI,Cancelled
5727,996,22,2024-09-24,1,29648.84,25.0,22236.63,7670.96,Wallet,Delivered
5728,390,88,2025-11-03,5,2398.33,20.0,9593.32,1732.73,Net Banking,Processing
5729,1117,46,2024-06-18,1,1075.79,20.0,860.63,219.28,UPI,Cancelled
5730,57,51,2024-09-02,4,3311.31,15.0,11258.45,1985.93,Debit Card,Delivered
5731,1039,37,2024-04-25,3,16932.2,30.0,35557.62,11309.98,Net Banking,Returned
5732,479,73,2025-04-28,5,2450.92,5.0,11641.87,2988.05,UPI,Delivered
5733,404,1,2024-05-14,3,309.05,30.0,649.0,146.54,Credit Card,Delivered
5734,671,69,2024-09-02,5,23193.07,15.0,98570.55,36186.6,Wallet,Shipped
5735,390,10,2024-11-20,2,46405.07,5.0,88169.63,15976.12,Wallet,Delivered
5736,883,30,2024-10-25,3,23124.95,5.0,65906.11,28179.55,Wallet,Cancelled
5737,341,86,2024-02-20,2,1823.21,5.0,3464.1,809.24,Debit Card,Shipped
5738,173,92,2025-05-27,4,1199.49,10.0,4318.16,885.86,Net Banking,Cancelled
5739,281,71,2025-11-04,3,4556.8,30.0,9569.28,3016.0,Wallet,Delivered
5740,140,19,2024-09-11,3,3365.11,20.0,8076.26,3600.14,Credit Card,Delivered
5741,229,88,2024-11-08,1,2398.33,15.0,2038.58,346.24,Net Banking,Delivered
5742,86,15,2024-01-28,1,27037.12,10.0,24333.41,4034.57,Cash on Delivery,Shipped
5743,398,61,2024-10-09,5,3726.63,5.0,17701.49,3805.23,Cash on Delivery,Shipped
5744,876,28,2025-04-11,2,4976.19,20.0,7961.9,2065.75,UPI,Processing
5745,677,88,2025-07-14,3,2398.33,30.0,5036.49,2101.42,Wallet,Delivered
5746,5,3,2024-06-07,1,4826.77,10.0,4344.09,1058.04,Net Banking,Returned
5747,628,77,2025-09-09,3,1568.22,30.0,3293.26,720.06,Net Banking,Delivered
5748,974,43,2025-05-17,5,16482.05,5.0,78289.74,34844.31,UPI,Shipped
5749,1087,3,2024-07-19,3,4826.77,15.0,12308.26,4412.53,Credit Card,Cancelled
5750,441,48,2025-10-20,2,1050.32,20.0,1680.51,616.31,Wallet,Delivered
5751,1022,49,2024-11-06,5,2372.32,5.0,11268.52,4362.44,Cash on Delivery,Delivered
5752,936,40,2024-10-22,3,2090.32,15.0,5330.32,927.05,Wallet,Delivered
5753,1037,45,2024-03-09,1,2560.89,10.0,2304.8,912.9,,Delivered
5754,40,65,2024-12-24,2,21959.36,0.0,43918.72,13814.18,Credit Card,Delivered
5755,1117,9,2025-06-19,5,26733.44,15.0,113617.12,23780.27,Credit Card,Delivered
5756,205,30,2024-03-06,3,23124.95,20.0,55499.88,10110.73,Debit Card,Delivered
5757,1141,29,2025-04-23,4,1126.75,15.0,3830.95,1183.22,Debit Card,Delivered
5758,571,33,2024-09-04,2,4963.0,0.0,9926.0,2768.81,Net Banking,Delivered
5759,178,43,2024-11-27,2,16482.05,15.0,28019.48,8532.14,Cash on Delivery,Delivered
5760,122,51,2024-02-25,3,3311.31,15.0,8443.84,2809.19,Debit Card,Delivered
5761,997,29,2025-08-06,2,1126.75,0.0,2253.5,342.15,UPI,Shipped
5762,667,1,2024-05-13,2,309.05,,525.38,171.11,Wallet,Shipped
5763,533,31,2024-07-22,5,7500.95,5.0,35629.51,7128.28,Cash on Delivery,Delivered
5764,1160,5,2025-10-02,4,18086.09,15.0,61492.71,21100.01,UPI,Delivered
5765,61,46,2024-02-15,3,1075.79,15.0,2743.26,1005.46,UPI,Delivered
5766,461,47,2025-04-07,3,3006.6,10.0,8117.82,1270.06,UPI,Returned
5767,1142,52,2024-01-20,2,2413.75,15.0,4103.38,1245.22,Debit Card,Returned
5768,51,4,2024-08-27,5,7110.01,15.0,30217.54,5617.11,Debit Card,Processing
5769,548,21,2024-02-24,4,727.97,25.0,2183.91,514.79,UPI,Delivered
5770,168,60,2025-09-04,5,38860.34,15.0,165156.44,41146.23,Credit Card,Shipped
5771,406,11,2025-06-04,2,11133.39,15.0,18926.76,7331.68,Credit Card,Delivered
5772,401,4,2024-01-10,2,7110.01,30.0,9954.01,3260.14,Net Banking,Delivered
5773,1060,26,2024-01-08,3,56093.06,10.0,151451.26,28988.45,Debit Card,Delivered
5774,768,55,2024-10-08,4,3119.28,5.0,11853.26,3830.34,Net Banking,Delivered
5775,1198,52,2025-08-16,3,2413.75,25.0,5430.94,2034.68,Cash on Delivery,Delivered
5776,1086,49,2025-06-15,3,2372.32,20.0,5693.57,1429.42,Net Banking,Delivered
5777,860,40,2025-06-07,5,2090.32,10.0,9406.44,1895.25,Wallet,Delivered
5778,1043,28,2025-09-18,4,4976.19,0.0,19904.76,4810.54,Debit Card,Processing
5779,1016,46,2024-08-07,1,1075.79,15.0,914.42,208.97,Wallet,Delivered
5780,786,34,2024-09-26,5,6016.67,5.0,28579.18,5605.72,Net Banking,Delivered
5781,348,49,2025-12-02,5,2372.32,15.0,10082.36,2235.41,Debit Card,Delivered
5782,288,24,2025-06-05,5,11430.81,15.0,48580.94,18323.28,Wallet,Delivered
5783,98,85,2024-11-30,3,2785.07,5.0,7937.45,2415.34,Net Banking,Delivered
5784,152,84,2025-11-03,4,4924.84,5.0,18714.39,3473.76,Net Banking,Returned
5785,364,89,2024-01-25,4,3476.46,30.0,9734.09,3803.92,Credit Card,Delivered
5786,1054,27,2024-01-24,1,52193.82,5.0,49584.13,10717.78,UPI,Cancelled
5787,1005,13,2024-04-30,5,6497.88,20.0,25991.52,11288.97,Cash on Delivery,Delivered
5788,878,89,2024-07-10,5,3476.46,25.0,13036.72,5454.49,Net Banking,Delivered
5789,303,58,2024-09-18,4,3255.82,25.0,9767.46,3021.51,Wallet,Shipped
5790,1010,57,2024-05-29,2,1664.71,10.0,2996.48,715.88,Net Banking,Delivered
5791,212,27,2024-08-29,5,52193.82,25.0,195726.83,61551.47,Credit Card,Returned
5792,919,83,2024-03-05,5,54575.66,5.0,259234.39,54438.05,Net Banking,Delivered
5793,907,79,2025-05-06,2,1836.83,10.0,3306.29,680.61,UPI,Cancelled
5794,81,87,2024-06-07,5,1767.23,20.0,7068.92,2919.12,Net Banking,Shipped
5795,1007,52,2024-11-17,3,2413.75,15.0,6155.06,1993.08,Net Banking,Delivered
5796,359,14,2025-11-17,3,34858.1,10.0,94116.87,40868.93,Debit Card,Processing
5797,1184,53,2024-02-24,1,328.56,25.0,246.42,41.86,Wallet,Delivered
5798,1057,7,2024-09-29,2,4635.61,10.0,8344.1,2222.44,UPI,Delivered
5799,133,47,2024-05-03,3,3006.6,20.0,7215.84,3049.38,Wallet,Delivered
5800,1041,38,2025-03-01,2,2438.66,5.0,4633.45,855.59,Wallet,Processing
5801,920,100,2024-04-21,2,4404.3,5.0,8368.17,3730.09,UPI,Delivered
5802,952,71,2024-08-11,1,4556.8,10.0,4101.12,1561.04,Wallet,Processing
5803,8,28,2024-03-11,3,4976.19,5.0,14182.14,4421.28,Debit Card,Processing
5804,131,43,2024-09-23,1,16482.05,30.0,11537.43,2320.05,Credit Card,Delivered
5805,361,95,2024-02-17,2,10524.46,15.0,17891.58,3064.52,Credit Card,Delivered
5806,684,3,2025-08-16,2,4826.77,5.0,9170.86,2115.37,UPI,Delivered
5807,117,6,2024-12-20,2,8514.19,10.0,15325.54,4737.2,Debit Card,Delivered
5808,889,46,2025-06-05,2,1075.79,10.0,1936.42,309.98,UPI,Delivered
5809,519,23,2024-01-08,5,5380.88,10.0,24213.96,7418.32,Credit Card,Shipped
5810,269,31,2024-05-31,4,7500.95,20.0,24003.04,6103.51,Net Banking,Delivered
5811,39,8,2025-11-03,5,2763.21,25.0,10362.04,4241.2,Credit Card,Shipped
5812,451,40,2025-09-02,2,2090.32,20.0,3344.51,1357.06,Wallet,Processing
5813,309,86,2024-08-13,2,1823.21,15.0,3099.46,1240.05,Wallet,Cancelled
5814,366,55,2024-03-05,3,3119.28,0.0,9357.84,3389.54,Cash on Delivery,Delivered
5815,1040,1,2025-01-04,4,309.05,10.0,1112.58,250.81,Credit Card,Delivered
5816,1171,100,2024-01-22,2,4404.3,10.0,7927.74,3214.03,Wallet,Cancelled
5817,656,24,2025-08-14,4,11430.81,5.0,43437.08,10262.55,Cash on Delivery,Delivered
5818,779,90,2025-02-09,4,12971.56,0.0,51886.24,10885.08,Credit Card,Cancelled
5819,409,78,2025-06-19,4,2305.12,15.0,7837.41,2153.95,Debit Card,Delivered
5820,830,63,2024-11-05,1,23080.16,10.0,20772.14,4678.52,Credit Card,Delivered
5821,236,74,2025-11-02,5,7241.27,25.0,27154.76,5476.64,UPI,Delivered
5822,1024,90,2025-06-18,3,12971.56,30.0,27240.28,7560.01,Cash on Delivery,Delivered
5823,611,84,2025-11-17,4,4924.84,5.0,18714.39,5073.77,UPI,Shipped
5824,711,23,2025-11-19,2,5380.88,25.0,8071.32,2764.31,Net Banking,Delivered
5825,665,38,2025-12-15,3,2438.66,25.0,5486.98,1429.06,Cash on Delivery,Delivered
5826,531,6,2025-12-29,1,8514.19,5.0,8088.48,2122.54,,Shipped
5827,490,40,2025-01-07,1,2090.32,15.0,1776.77,722.6,UPI,Delivered
5828,68,24,2024-04-09,2,11430.81,20.0,18289.3,7972.05,Debit Card,Delivered
5829,235,50,2025-03-03,1,12152.7,20.0,9722.16,4113.24,UPI,Shipped
5830,1119,21,2024-07-29,4,727.97,10.0,2620.69,974.69,Wallet,Delivered
5831,562,62,2025-05-18,4,385.07,15.0,1309.24,227.32,Debit Card,Delivered
5832,1148,12,2025-10-29,3,2947.1,30.0,6188.91,2303.49,UPI,Delivered
5833,646,43,2024-09-07,1,16482.05,20.0,13185.64,5440.11,Credit Card,Cancelled
5834,528,70,2025-04-09,4,2491.61,30.0,6976.51,3092.23,Net Banking,Delivered
5835,322,13,2025-07-11,1,6497.88,5.0,6172.99,1616.91,Credit Card,Shipped
5836,327,23,2025-06-23,2,5380.88,15.0,9147.5,3753.88,Debit Card,Processing
5837,1027,42,2024-01-05,5,1050.19,15.0,4463.31,1075.53,Credit Card,Delivered
5838,431,95,2024-11-15,3,10524.46,15.0,26837.37,5601.42,Net Banking,Delivered
5839,751,91,2025-02-13,5,952.87,5.0,4526.13,1899.92,UPI,Delivered
5840,687,46,2024-06-16,1,1075.79,15.0,914.42,358.19,Net Banking,Returned
5841,873,19,2025-02-11,1,3365.11,5.0,3196.85,547.12,Net Banking,Delivered
5842,1055,91,2025-06-15,4,952.87,0.0,3811.48,1628.24,UPI,Processing
5843,136,43,2025-01-21,3,16482.05,0.0,49446.15,8887.08,Net Banking,Delivered
5844,1179,9,2025-04-24,2,26733.44,30.0,37426.82,11410.32,Cash on Delivery,Delivered
5845,676,37,2025-02-23,4,16932.2,15.0,57569.48,24534.83,Cash on Delivery,Cancelled
5846,969,48,2024-12-15,1,1050.32,15.0,892.77,259.86,Net Banking,Delivered
5847,637,44,2024-09-10,3,4408.77,30.0,9258.42,4031.15,Debit Card,Delivered
5848,375,52,2025-09-11,4,2413.75,10.0,8689.5,2514.91,Debit Card,Delivered
5849,1080,55,2025-02-18,4,3119.28,15.0,10605.55,2832.84,Wallet,Shipped
5850,47,90,2025-12-09,1,12971.56,20.0,10377.25,2960.92,Debit Card,Shipped
5851,616,31,2024-11-01,5,7500.95,5.0,35629.51,14332.71,UPI,Delivered
5852,55,80,2025-03-28,1,4440.36,5.0,4218.34,1073.86,Net Banking,Delivered
5853,36,76,2024-04-23,2,1202.91,10.0,2165.24,735.82,Wallet,Shipped
5854,442,67,2025-12-30,1,18767.35,10.0,16890.61,6112.55,Net Banking,Shipped
5855,934,46,2024-01-29,4,1075.79,,3657.69,1193.95,Net Banking,Delivered
5856,1144,71,2025-05-19,2,4556.8,5.0,8657.92,3655.3,Debit Card,Shipped
5857,460,15,2025-04-01,5,27037.12,10.0,121667.04,42199.87,UPI,Delivered
5858,793,38,2024-01-06,3,2438.66,15.0,6218.58,1966.51,Debit Card,Delivered
5859,492,67,2024-05-05,5,18767.35,10.0,84453.07,17986.13,UPI,Delivered
5860,76,18,2024-10-01,4,28107.47,0.0,112429.88,45910.88,Debit Card,Delivered
5861,518,28,2025-08-19,2,4976.19,10.0,8957.14,3436.39,Net Banking,Delivered
5862,744,84,2024-02-13,2,4924.84,15.0,8372.23,2243.23,Credit Card,Processing
5863,818,25,2025-04-22,3,2695.33,15.0,6873.09,1343.31,Wallet,Delivered
5864,876,64,2025-12-01,1,5281.37,30.0,3696.96,1347.3,Debit Card,Delivered
5865,384,56,2024-02-28,1,1831.05,20.0,1464.84,613.16,Wallet,Delivered
5866,197,30,2025-12-03,1,23124.95,15.0,19656.21,5700.37,Wallet,Delivered
5867,1147,42,2025-11-12,5,1050.19,20.0,4200.76,1011.46,Credit Card,Processing
5868,335,27,2025-12-07,4,52193.82,15.0,177458.99,71299.54,Wallet,Returned
5869,809,55,2024-01-03,1,3119.28,0.0,3119.28,863.49,Wallet,Returned
5870,1003,61,2025-11-21,2,3726.63,30.0,5217.28,2113.63,Net Banking,Delivered
5871,460,4,2025-07-09,4,7110.01,25.0,21330.03,4224.41,Debit Card,Delivered
5872,1128,38,2025-07-11,1,2438.66,20.0,1950.93,437.18,Debit Card,Delivered
5873,758,5,2025-08-15,2,18086.09,25.0,27129.14,7428.5,Wallet,Returned
5874,487,41,2024-09-24,1,4360.17,20.0,3488.14,1197.86,Credit Card,Delivered
5875,499,73,2024-07-09,3,2450.92,10.0,6617.48,2947.32,Cash on Delivery,Delivered
5876,1033,90,2025-09-14,3,12971.56,5.0,36968.95,12608.32,Net Banking,Delivered
5877,622,74,2024-04-20,3,7241.27,15.0,18465.24,4137.62,Debit Card,Cancelled
5878,329,13,2024-11-27,4,6497.88,5.0,24691.94,9382.65,Net Banking,Shipped
5879,1114,36,2024-04-26,5,9396.66,15.0,39935.81,9998.78,UPI,Cancelled
5880,457,72,2025-11-21,3,4148.6,15.0,10578.93,1882.21,Credit Card,Delivered
5881,953,30,2025-03-05,5,23124.95,15.0,98281.04,16171.05,Wallet,Delivered
5882,457,81,2024-11-27,1,11328.45,25.0,8496.34,2052.78,Debit Card,Returned
5883,278,33,2025-09-10,5,4963.0,20.0,19852.0,8151.37,Cash on Delivery,Delivered
5884,496,49,2024-06-21,4,2372.32,30.0,6642.5,2960.89,Wallet,Delivered
5885,964,28,2024-02-12,5,4976.19,15.0,21148.81,5929.53,Cash on Delivery,Returned
5886,718,96,2024-07-20,4,18704.42,15.0,63595.03,10133.19,UPI,Shipped
5887,736,90,2025-08-14,5,12971.56,5.0,61614.91,15053.78,Wallet,Delivered
5888,1035,43,2025-04-21,4,16482.05,20.0,52742.56,20202.39,Credit Card,Delivered
5889,773,68,2025-07-08,3,3680.19,0.0,11040.57,4222.04,Net Banking,Returned
5890,1064,49,2025-05-22,3,2372.32,20.0,5693.57,1464.11,UPI,Delivered
5891,883,23,2024-07-08,1,5380.88,0.0,5380.88,1389.44,Credit Card,Delivered
5892,405,8,2025-01-18,4,2763.21,15.0,9394.91,2764.71,Net Banking,Delivered
5893,1191,3,2025-12-08,3,4826.77,10.0,13032.28,4261.09,UPI,Delivered
5894,517,72,2024-05-11,2,4148.6,15.0,7052.62,1883.76,Net Banking,Delivered
5895,1156,82,2024-11-06,2,16836.84,15.0,28622.63,8881.72,Debit Card,Processing
5896,562,80,2024-03-21,1,4440.36,0.0,4440.36,672.31,UPI,Cancelled
5897,179,71,2025-06-16,3,4556.8,0.0,13670.4,2785.09,Debit Card,Delivered
5898,228,83,2025-09-06,4,54575.66,25.0,163726.98,35073.34,Credit Card,Processing
5899,565,68,2025-09-14,2,3680.19,15.0,6256.32,1259.2,Debit Card,Cancelled
5900,900,97,2025-12-19,5,1127.53,25.0,4228.24,1557.96,Cash on Delivery,Returned
5901,167,92,2025-11-15,1,1199.49,15.0,1019.57,304.96,Debit Card,Delivered
5902,979,40,2025-01-20,3,2090.32,10.0,5643.86,859.82,Net Banking,Delivered
5903,1188,42,2024-07-23,5,1050.19,5.0,4988.4,1814.44,Cash on Delivery,Returned
5904,335,91,2025-10-05,3,952.87,10.0,2572.75,796.44,Net Banking,Delivered
5905,535,55,2024-05-05,2,3119.28,5.0,5926.63,1053.22,Cash on Delivery,Delivered
5906,770,14,2025-12-24,3,34858.1,20.0,83659.44,33211.59,Debit Card,Returned
5907,1141,8,2024-04-11,5,2763.21,20.0,11052.84,4220.27,Cash on Delivery,Processing
5908,218,38,2024-01-30,3,2438.66,20.0,5852.78,2497.91,UPI,Delivered
5909,28,58,2025-11-06,1,3255.82,10.0,2930.24,1293.53,Wallet,Delivered
5910,1161,16,2025-05-19,4,1240.5,20.0,3969.6,1386.99,Cash on Delivery,Delivered
5911,985,54,2025-06-30,4,3017.65,20.0,9656.48,4203.71,Credit Card,Delivered
5912,904,86,2025-01-18,2,1823.21,5.0,3464.1,557.03,Net Banking,Shipped
5913,196,23,2024-08-18,1,5380.88,20.0,4304.7,850.63,UPI,Delivered
5914,109,23,2025-04-14,5,5380.88,10.0,24213.96,7812.99,Debit Card,Delivered
5915,351,19,2024-05-14,2,3365.11,0.0,6730.22,3016.37,Cash on Delivery,Delivered
5916,1171,22,2024-02-01,2,29648.84,30.0,41508.38,8162.19,Wallet,Delivered
5917,923,64,2025-12-04,4,5281.37,20.0,16900.38,7032.81,Net Banking,Delivered
5918,469,84,2025-04-23,1,4924.84,15.0,4186.11,1097.05,Debit Card,Cancelled
5919,685,93,2024-06-10,4,2525.17,5.0,9595.65,1759.12,Wallet,Delivered
5920,246,41,2024-11-15,4,4360.17,5.0,16568.65,5967.87,Cash on Delivery,Delivered
5921,494,62,2025-04-17,4,385.07,15.0,1309.24,414.6,Wallet,Delivered
5922,1018,91,2024-11-18,4,952.87,20.0,3049.18,661.34,Net Banking,Delivered
5923,28,86,2024-12-13,3,1823.21,25.0,4102.22,1185.94,Net Banking,Delivered
5924,571,38,2024-12-09,3,2438.66,25.0,5486.98,1008.91,Debit Card,Delivered
5925,518,87,2025-05-01,5,1767.23,30.0,6185.3,2112.4,Wallet,Returned
5926,255,72,2025-03-03,3,4148.6,10.0,11201.22,4755.75,Debit Card,Delivered
5927,360,30,2025-05-02,3,23124.95,15.0,58968.62,16932.25,UPI,Delivered
5928,92,98,2024-12-04,5,7242.33,25.0,27158.74,8710.52,Credit Card,Delivered
5929,1165,55,2024-09-01,4,3119.28,0.0,12477.12,2839.77,Credit Card,Delivered
5930,166,94,2024-09-17,2,4986.96,20.0,7979.14,1673.66,Net Banking,Delivered
5931,344,16,2025-02-18,4,1240.5,15.0,4217.7,1152.78,Cash on Delivery,Delivered
5932,533,31,2025-05-27,4,7500.95,25.0,22502.85,5107.39,Net Banking,Delivered
5933,754,22,2025-07-26,1,29648.84,5.0,28166.4,10298.17,Wallet,Shipped
5934,142,100,2024-08-26,4,4404.3,10.0,15855.48,3404.26,UPI,Delivered
5935,856,91,2024-09-19,5,952.87,25.0,3573.26,892.11,Cash on Delivery,Delivered
5936,968,75,2025-05-21,3,72689.52,5.0,207165.13,34579.07,Credit Card,Delivered
5937,531,8,2024-09-13,1,2763.21,10.0,2486.89,488.01,Net Banking,Delivered
5938,1076,57,2024-02-15,5,1664.71,20.0,6658.84,1932.07,UPI,Shipped
5939,513,60,2024-10-30,1,38860.34,5.0,36917.32,12940.8,Net Banking,Delivered
5940,850,40,2025-11-23,3,2090.32,30.0,4389.67,1685.44,UPI,Delivered
5941,231,4,2024-05-17,2,7110.01,5.0,13509.02,5198.6,Cash on Delivery,Processing
5942,687,2,2025-06-28,3,19784.61,20.0,47483.06,7457.14,Cash on Delivery,Delivered
5943,229,99,2025-09-03,3,2129.54,15.0,5430.33,1503.09,Net Banking,Delivered
5944,11,22,2024-11-22,4,29648.84,25.0,88946.52,36083.82,Cash on Delivery,Delivered
5945,624,61,2024-10-13,2,3726.63,10.0,6707.93,2247.18,,Delivered
5946,842,22,2024-02-15,3,29648.84,15.0,75604.54,28351.31,UPI,Delivered
5947,947,89,2024-06-30,2,3476.46,5.0,6605.27,2969.25,Debit Card,Delivered
5948,1178,1,2025-08-09,3,309.05,30.0,649.0,124.68,Wallet,Delivered
5949,1014,57,2025-04-27,5,1664.71,15.0,7075.02,1551.42,Net Banking,Shipped
5950,1088,10,2025-05-21,2,46405.07,10.0,83529.13,31353.61,Net Banking,Shipped
5951,774,99,2024-02-12,5,2129.54,5.0,10115.32,1994.47,UPI,Delivered
5952,26,87,2025-11-11,1,1767.23,15.0,1502.15,391.69,Wallet,Delivered
5953,94,73,2024-08-11,2,2450.92,0.0,4901.84,977.47,Cash on Delivery,Shipped
5954,73,94,2024-11-15,5,4986.96,5.0,23688.06,9943.88,UPI,Delivered
5955,442,64,2024-02-06,3,5281.37,10.0,14259.7,2810.36,Debit Card,Shipped
5956,904,39,2025-03-13,5,25526.93,5.0,121252.92,45112.57,Cash on Delivery,Delivered
5957,13,75,2025-10-12,3,72689.52,30.0,152647.99,66850.58,UPI,Delivered
5958,460,16,2025-08-19,1,1240.5,15.0,1054.42,285.34,Debit Card,Delivered
5959,481,79,2024-03-28,5,1836.83,15.0,7806.53,2854.97,Net Banking,Shipped
5960,869,20,2025-10-29,4,580.65,25.0,1741.95,320.31,UPI,Delivered
5961,586,72,2024-03-16,2,4148.6,5.0,7882.34,2030.01,Credit Card,Delivered
5962,61,39,2025-04-27,4,25526.93,0.0,102107.72,45246.43,Wallet,Delivered
5963,933,1,2024-03-22,5,309.05,15.0,1313.46,318.34,Wallet,Returned
5964,500,11,2024-12-16,2,11133.39,15.0,18926.76,3135.76,Wallet,Delivered
5965,840,88,2024-07-18,2,2398.33,15.0,4077.16,1079.81,UPI,Delivered
5966,585,31,2024-05-04,4,7500.95,10.0,27003.42,10924.48,Wallet,Shipped
5967,808,73,2024-03-06,1,2450.92,10.0,2205.83,605.99,Credit Card,Delivered
5968,986,65,2024-08-07,1,21959.36,5.0,20861.39,3780.09,Cash on Delivery,Processing
5969,1090,90,2025-03-21,2,12971.56,5.0,24645.96,6764.89,Wallet,Delivered
5970,228,8,2024-10-19,5,2763.21,10.0,12434.44,4533.4,Debit Card,Delivered
5971,99,70,2024-08-22,2,2491.61,20.0,3986.58,905.49,Net Banking,Cancelled
5972,858,62,2025-11-28,2,385.07,10.0,693.13,148.12,UPI,Processing
5973,293,8,2024-10-26,5,2763.21,25.0,10362.04,1867.64,Debit Card,Delivered
5974,246,33,2024-11-18,4,4963.0,5.0,18859.4,7696.86,Debit Card,Cancelled
5975,249,54,2025-08-01,4,3017.65,5.0,11467.07,1943.49,Wallet,Shipped
5976,1124,26,2024-08-22,3,56093.06,15.0,143037.3,28626.95,Credit Card,Returned
5977,514,7,2025-10-04,2,4635.61,10.0,8344.1,2831.09,Cash on Delivery,Delivered
5978,802,8,2025-10-13,2,2763.21,10.0,4973.78,1430.72,Credit Card,Processing
5979,403,83,2025-05-13,5,54575.66,15.0,231946.56,87564.5,Net Banking,Returned
5980,872,95,2024-07-27,1,10524.46,0.0,10524.46,2631.74,Credit Card,Delivered
5981,781,14,2025-12-28,1,34858.1,15.0,29629.38,9457.54,Wallet,Shipped
5982,280,8,2024-02-08,1,2763.21,5.0,2625.05,953.27,UPI,Delivered
5983,955,12,2025-10-29,1,2947.1,20.0,2357.68,490.75,Debit Card,Shipped
5984,218,81,2024-06-19,5,11328.45,5.0,53810.14,22119.66,Wallet,Delivered
5985,368,16,2024-12-27,1,1240.5,10.0,1116.45,281.1,Cash on Delivery,Delivered
5986,141,75,2025-09-19,5,72689.52,5.0,345275.22,100100.49,Credit Card,Delivered
5987,1195,81,2025-05-09,2,11328.45,5.0,21524.06,4467.08,Net Banking,Shipped
5988,1012,10,2024-06-20,2,46405.07,30.0,64967.1,19923.47,Net Banking,Returned
5989,200,68,2024-11-16,5,3680.19,5.0,17480.9,3006.36,Cash on Delivery,Processing
5990,1025,85,2025-11-19,1,2785.07,15.0,2367.31,604.59,Cash on Delivery,Processing
5991,859,75,2025-03-26,3,72689.52,15.0,185358.28,34460.95,UPI,Shipped
5992,12,56,2025-02-17,1,1831.05,5.0,1739.5,508.62,Wallet,Delivered
5993,136,66,2024-09-19,4,4204.22,15.0,14294.35,4053.43,Cash on Delivery,Shipped
5994,413,21,2025-10-19,3,727.97,0.0,2183.91,649.46,Cash on Delivery,Shipped
5995,826,51,2024-01-05,3,3311.31,25.0,7450.45,1399.31,UPI,Delivered
5996,98,18,2025-03-30,3,28107.47,5.0,80106.29,32686.88,Wallet,Delivered
5997,741,47,2024-03-14,2,3006.6,30.0,4209.24,1493.16,Credit Card,Delivered
5998,67,71,2024-05-26,1,4556.8,10.0,4101.12,1746.51,UPI,Delivered
5999,265,41,2024-11-09,3,4360.17,30.0,9156.36,1395.7,Credit Card,Delivered
6000,501,90,2025-05-13,4,12971.56,20.0,41508.99,11186.93,Debit Card,Delivered
1783,532,45,2024-08-04,5,2560.89,0.0,12804.45,4210.17,Cash on Delivery,Shipped
3918,1109,20,2025-06-16,3,580.65,10.0,1567.75,274.84,Wallet,Delivered
222,1120,62,2025-04-29,5,385.07,5.0,1829.08,340.63,UPI,Delivered
2136,1170,91,2024-01-24,3,952.87,10.0,2572.75,854.09,Wallet,Delivered
5225,513,84,2024-09-15,3,4924.84,5.0,14035.79,2764.53,Net Banking,Returned
1169,874,15,2024-02-25,2,27037.12,25.0,40555.68,12452.04,Debit Card,Delivered
880,1181,13,2025-12-21,3,6497.88,15.0,16569.59,3707.18,Cash on Delivery,Shipped
157,187,8,2025-06-27,1,2763.21,10.0,2486.89,936.24,UPI,Cancelled
1658,677,29,2025-05-10,1,1126.75,5.0,1070.41,244.84,UPI,Delivered
324,382,98,2024-01-04,5,7242.33,0.0,36211.65,13172.03,Net Banking,Shipped
5303,767,17,2024-03-20,2,41583.23,5.0,79008.14,24957.04,Credit Card,Shipped
2612,959,50,2024-11-24,1,12152.7,15.0,10329.8,2802.22,UPI,Cancelled
